Pos,ID,Name,BV,SV,Team,34_xMins,34_Pts,35_xMins,35_Pts,36_xMins,36_Pts,37_xMins,37_Pts,38_xMins,38_Pts
F,318,Haaland,12.3,12.3,Man City,75,11.717,72,6.267,70,5.932,69,10.215,70,5.665
M,124,Mitoma,5.6,5.5,Brighton,79,9.908,79,5.293,77,8.189,75,8.924,74,4.542
M,333,Fernandes,9.4,9.4,Man Utd,84,9.341,83,4.903,81,5.478,82,10.232,80,5.338
M,335,Rashford,7.1,6.9,Man Utd,78,9.379,78,5.038,76,5.315,74,9.837,76,5.24
M,283,Salah,13.0,12.9,Liverpool,80,11.544,80,5.711,79,5.688,78,5.551,76,6.298
M,116,Mac Allister,5.5,5.4,Brighton,78,8.927,79,4.796,77,7.207,76,8.184,75,3.851
M,107,March,5.3,5.3,Brighton,78,8.42,80,4.521,78,6.949,75,7.69,76,3.971
G,102,Steele,3.9,3.9,Brighton,87,8.488,87,4.789,88,6.317,86,8.011,85,3.828
M,301,De Bruyne,12.1,12.1,Man City,71,10.294,66,4.541,68,4.979,63,7.338,64,3.884
D,586,Estupiñán,4.8,4.8,Brighton,83,8.619,81,4.93,79,5.909,78,7.783,76,3.642
G,307,Ederson,5.4,5.4,Man City,89,8.866,87,4.521,86,4.18,87,7.609,87,3.632
M,104,Groß,5.4,5.4,Brighton,76,7.36,78,4.001,76,6.329,76,6.965,76,3.494
D,357,Trippier,6.2,6.0,Newcastle,84,5.912,82,3.827,81,8.728,78,5.099,77,4.267
D,285,Alexander-Arnold,7.5,7.4,Liverpool,85,9.537,82,4.373,80,4.171,79,4.396,78,4.738
D,332,Shaw,5.1,5.1,Man Utd,82,6.641,80,3.52,79,4.566,76,7.928,77,4.256
D,106,Dunk,4.8,4.8,Brighton,83,7.336,84,4.236,84,4.926,83,6.606,81,3.092
D,312,Dias,6.0,6.0,Man City,76,8.433,72,4.149,69,3.622,71,6.616,70,3.075
G,327,De Gea,5.0,5.0,Man Utd,89,6.43,88,3.304,88,4.072,87,7.301,86,3.887
F,427,Kane,11.5,11.5,Spurs,87,4.355,84,5.177,80,4.776,79,5.113,80,5.173
D,284,Robertson,6.8,6.8,Liverpool,76,8.566,78,4.071,76,3.826,74,3.87,75,4.212
M,13,Saka,8.3,8.3,Arsenal,82,5.111,80,4.317,76,4.465,76,5.192,76,5.333
D,342,Dalot,4.7,4.7,Man Utd,72,6.278,70,3.186,71,4.14,71,7.306,67,3.346
G,281,Alisson,5.4,5.4,Liverpool,89,8.167,88,3.779,88,3.658,87,3.866,86,4.03
G,133,Arrizabalaga,4.6,4.6,Chelsea,85,3.196,83,4.388,83,5.111,82,6.613,83,3.771
G,376,Pope,5.4,5.4,Newcastle,89,4.777,88,3.23,86,7.216,87,4.149,87,3.588
M,315,Rodri,5.6,5.6,Man City,77,6.882,78,3.616,76,3.41,74,5.928,75,3.065
M,346,Andreas,4.4,4.4,Fulham,81,6.043,81,4.295,74,4.085,73,3.8,73,3.492
G,175,Johnstone,4.4,4.4,Crystal Palace,84,4.619,79,3.924,75,5.028,69,4.255,68,4.824
F,40,Watkins,7.8,7.5,Aston Villa,86,4.478,86,4.789,84,4.8,84,4.141,83,4.163
M,465,Bowen,8.0,8.0,West Ham,80,7.308,78,3.738,74,3.624,73,3.875,74,3.724
D,280,Van Dijk,6.6,6.6,Liverpool,86,7.787,83,3.51,80,3.31,77,3.575,76,3.768
M,593,Casemiro,4.9,4.9,Man Utd,77,6.184,76,3.241,71,3.21,71,6.107,71,3.127
D,559,Colwill,4.4,4.4,Brighton,57,4.187,74,4.095,73,4.682,71,6.109,68,2.774
D,337,Lindelöf,4.1,4.1,Man Utd,79,5.477,79,2.795,76,3.756,74,6.34,75,3.462
M,305,Grealish,7.3,7.3,Man City,65,6.846,67,3.558,63,3.177,62,5.494,60,2.44
M,7,Ødegaard,6.6,6.6,Arsenal,80,4.502,80,3.916,76,3.965,77,4.755,73,4.318
G,455,Fabianski,4.9,4.9,West Ham,88,6.578,87,3.494,85,3.473,85,4.124,86,3.662
G,2,Leno,4.6,4.6,Fulham,87,5.666,88,3.932,88,3.977,84,4.205,85,3.148
F,125,Enciso,4.6,4.6,Brighton,44,6.418,27,2.678,26,4.526,25,4.73,26,2.482
M,679,Buonanotte,4.5,4.5,Brighton,34,5.493,31,2.832,31,4.886,32,5.107,28,2.419
F,594,Isak,6.9,6.9,Newcastle,66,4.063,67,3.659,61,6.381,58,3.142,62,3.299
M,120,Caicedo,5.0,5.0,Brighton,82,5.357,77,2.815,78,4.601,76,5.047,77,2.501
D,377,Botman,4.5,4.5,Newcastle,81,4.525,82,2.708,78,6.299,78,3.736,77,3.047
D,366,Schär,5.1,5.1,Newcastle,82,4.673,80,2.8,75,6.257,72,3.58,72,2.975
M,261,Maddison,8.0,8.0,Leicester,84,4.645,79,4.291,78,3.787,77,3.532,76,4.014
D,358,Burn,4.5,4.5,Newcastle,79,4.498,80,2.704,80,6.32,78,3.745,76,2.995
D,139,Chilwell,5.8,5.8,Chelsea,78,2.74,78,4.251,77,5.04,73,4.987,70,3.098
D,290,Konaté,4.8,4.8,Liverpool,75,6.882,80,3.306,77,3.119,74,3.332,71,3.476
M,19,Martinelli,6.8,6.8,Arsenal,75,4.684,72,3.813,67,3.26,70,4.517,66,3.793
M,428,Son,11.5,11.5,Spurs,74,3.581,71,4.04,71,3.776,70,3.884,70,4.034
D,302,Stones,5.5,5.5,Man City,66,7.62,62,3.234,57,2.163,57,4.003,59,2.197
D,461,Zouma,4.4,4.4,West Ham,86,5.684,82,3.124,79,3.113,77,3.959,75,3.259
M,374,Bruno Guimarães,5.5,5.5,Newcastle,84,3.521,81,2.865,80,6.113,78,3.262,77,2.939
G,81,Raya,4.9,4.9,Brentford,89,4.548,88,3.155,88,4.23,87,3.588,87,3.17
F,66,Solanke,5.6,5.5,Bournemouth,84,3.928,82,3.642,79,3.749,79,3.487,78,3.843
M,371,Joelinton,6.0,6.0,Newcastle,76,3.931,75,2.952,71,6.35,67,2.757,66,2.552
M,603,Paquetá,5.9,5.9,West Ham,71,6.461,68,3.115,67,2.866,66,3.116,64,2.761
D,10,White,5.0,5.0,Arsenal,85,3.97,80,2.74,80,3.024,78,4.067,79,4.502
G,15,Ramsdale,4.8,4.8,Arsenal,89,3.813,88,2.976,86,3.165,86,3.823,86,4.221
M,303,Mahrez,7.3,7.3,Man City,58,7.685,57,2.916,52,2.519,51,4.444,53,2.376
D,472,Aguerd,4.8,4.8,West Ham,84,5.292,80,2.932,78,2.87,77,3.718,77,3.122
F,319,Álvarez,6.0,6.0,Man City,36,5.193,34,2.833,36,2.828,39,4.436,39,2.569
M,609,Antony,7.3,7.3,Man Utd,65,5.175,63,2.604,62,2.649,60,4.804,61,2.521
M,42,Buendía,5.7,5.7,Aston Villa,78,3.747,76,4.188,71,3.782,69,3.227,65,2.738
D,170,Mitchell,4.4,4.4,Crystal Palace,81,3.585,80,2.798,76,4.013,74,3.247,71,3.94
G,574,Neto,4.5,4.5,Bournemouth,89,3.59,88,3.549,86,3.566,87,3.093,87,3.628
D,610,Akanji,5.0,5.0,Man City,64,6.453,63,3.274,59,2.487,56,3.536,54,1.63
D,167,Guéhi,4.5,4.5,Crystal Palace,87,3.429,83,2.643,79,3.918,80,3.206,80,4.153
M,373,Willock,4.7,4.7,Newcastle,68,3.787,67,2.764,64,5.632,64,2.972,59,2.149
G,478,Sá,5.0,5.0,Wolves,89,2.95,88,3.892,87,3.106,85,4.333,86,2.971
D,16,Gabriel,5.3,5.3,Arsenal,86,3.771,81,2.54,81,2.817,79,3.845,77,4.248
D,165,Andersen,4.5,4.5,Crystal Palace,85,3.39,83,2.61,81,3.912,80,3.178,78,4.111
M,264,Barnes,6.7,6.7,Leicester,71,3.702,73,3.552,73,3.182,73,3.156,73,3.479
D,128,Thiago Silva,5.4,5.4,Chelsea,79,2.499,74,3.793,70,4.246,65,3.883,66,2.649
M,467,Rice,4.7,4.7,West Ham,86,5.442,83,2.797,79,2.807,77,3.061,78,2.892
M,493,Gibbs-White,5.5,5.5,Nott'm Forest,84,3.416,80,3.773,79,3.299,76,2.997,77,3.473
M,171,Olise,5.5,5.5,Crystal Palace,77,3.807,71,3.245,68,3.43,67,3.015,68,3.442
D,313,Zinchenko,5.2,5.2,Arsenal,77,3.914,75,2.572,74,2.846,73,3.682,70,3.909
M,407,Ward-Prowse,6.2,6.2,Southampton,70,2.827,85,3.801,84,3.764,84,3.177,82,3.245
D,272,W.Fofana,4.3,4.3,Chelsea,84,2.327,76,3.671,73,4.254,70,4.263,64,2.263
G,31,Martínez,5.0,5.0,Aston Villa,88,2.996,88,3.983,87,3.657,86,2.673,86,3.235
M,160,Zaha,7.2,7.2,Crystal Palace,18,1.354,59,2.365,81,4.373,79,4.038,79,4.401
M,680,Gakpo,7.7,7.7,Liverpool,61,5.945,60,2.634,59,2.623,58,2.552,58,2.755
M,233,Harrison,5.7,5.7,Leeds,76,4.073,75,3.041,70,3.089,70,3.414,65,2.853
M,724,Enzo,5.0,5.0,Chelsea,81,2.629,79,3.13,75,3.122,74,4.954,73,2.603
M,314,Foden,8.0,8.0,Man City,38,4.507,45,2.401,52,2.556,52,4.485,51,2.32
M,169,Eze,5.6,5.6,Crystal Palace,70,3.616,69,3.396,67,3.314,65,2.994,63,2.927
M,468,Soucek,5.0,5.0,West Ham,74,5.364,69,2.641,69,2.638,68,2.796,70,2.771
D,463,Coufal,4.0,4.0,West Ham,74,4.866,72,2.619,71,2.607,69,3.351,68,2.683
F,80,Toney,7.6,7.6,Brentford,78,5.146,68,3.791,55,2.85,41,2.346,29,1.893
D,201,Ream,4.6,4.6,Fulham,86,3.479,84,3.257,82,3.345,82,3.541,83,2.208
F,596,Ferguson,4.6,4.6,Brighton,13,2.736,36,2.374,45,4.11,42,4.373,38,2.201
M,277,Thiago,5.1,5.1,Liverpool,72,5.74,68,2.602,66,2.52,65,2.428,64,2.451
F,682,Cunha,5.3,5.3,Wolves,73,3.082,72,3.343,70,3.15,69,3.459,66,2.544
D,308,Aké,5.0,5.0,Man City,17,2.355,40,1.352,66,3.479,64,5.727,62,2.62
D,694,Álex Moreno,4.5,4.5,Aston Villa,68,2.466,76,4.086,75,3.564,75,2.433,72,2.952
F,95,Mbeumo,5.7,5.7,Brentford,75,3.359,76,3.002,72,3.101,73,3.057,74,2.85
M,70,Billing,5.2,5.2,Bournemouth,81,3.328,76,3.094,74,3.052,74,2.816,72,3.006
M,534,McNeil,5.1,5.1,Everton,76,3.182,77,2.791,76,2.699,77,3.345,74,3.214
M,300,Gündogan,7.3,7.3,Man City,53,4.498,54,2.427,52,2.251,52,4.016,51,2.038
F,191,Calvert-Lewin,7.9,7.9,Everton,72,3.506,75,2.901,75,2.902,70,3.116,70,3.186
G,182,Pickford,4.4,4.4,Everton,89,3.054,89,2.634,88,2.493,87,3.362,88,3.662
M,464,Benrahma,5.5,5.5,West Ham,59,5.052,58,2.49,56,2.413,56,2.693,57,2.51
D,457,Cresswell,4.7,4.7,West Ham,69,5.137,68,2.724,62,2.299,62,2.775,61,2.207
F,394,Johnson,5.6,5.6,Nott'm Forest,81,3.169,76,3.349,73,2.901,72,2.735,71,2.95
D,628,Aurier,4.3,4.3,Nott'm Forest,86,2.886,82,3.979,80,2.792,78,2.24,78,3.198
D,217,Robinson,4.4,4.4,Fulham,84,3.327,81,3.094,81,3.181,79,3.356,79,2.083
G,401,McCarthy,4.3,4.3,Southampton,86,2.706,83,3.403,82,3.545,82,2.65,82,2.718
M,3,Xhaka,4.8,4.8,Arsenal,75,3.282,71,2.67,69,2.654,69,3.119,70,3.212
D,258,Castagne,4.3,4.3,Leicester,86,4.076,79,3.293,76,2.303,74,2.245,69,3.018
F,103,Welbeck,6.5,6.5,Brighton,45,3.864,44,2.014,37,3.495,38,3.717,40,1.829
D,39,Mings,4.7,4.7,Aston Villa,84,2.571,81,3.818,80,3.393,79,2.227,78,2.863
M,185,A.Doucouré,5.3,5.3,Everton,75,3.218,74,2.719,71,2.564,70,3.082,70,3.195
D,215,Tete,4.4,4.4,Fulham,75,3.238,76,3.117,75,3.132,75,3.271,73,2.017
G,729,Navas,4.5,4.5,Nott'm Forest,88,2.807,88,3.582,88,2.76,87,2.549,83,3.075
F,227,Bamford,7.1,7.1,Leeds,60,2.636,70,3.175,67,2.915,65,3.053,63,2.948
D,209,Tosin,4.4,4.4,Fulham,80,3.312,79,3.038,79,3.117,76,3.243,74,1.995
M,480,Neves,5.2,5.2,Wolves,73,2.67,76,3.194,74,2.815,74,3.292,69,2.58
M,211,Reed,4.3,4.3,Fulham,72,4.845,71,2.757,67,2.47,64,2.266,65,2.142
M,46,Douglas Luiz,4.8,4.8,Aston Villa,83,2.909,77,3.328,74,3.048,70,2.539,68,2.516
M,614,Willian,5.5,5.5,Fulham,47,3.086,65,2.963,65,3.017,63,2.79,63,2.452
M,433,Højbjerg,5.4,5.4,Spurs,85,2.558,84,3.041,83,2.821,82,2.899,81,2.969
F,28,Jesus,8.1,8.1,Arsenal,67,2.891,68,2.99,66,2.593,64,3.02,63,2.758
F,411,Adams,6.0,6.0,Southampton,48,1.566,73,3.439,71,3.339,71,2.948,69,2.932
M,535,Tavernier,4.7,4.7,Bournemouth,45,1.719,61,2.32,69,3.427,69,3.096,71,3.586
G,238,Meslier,4.5,4.5,Leeds,82,3.348,85,2.205,83,2.747,81,2.892,80,2.911
D,459,Dawson,4.8,4.8,Wolves,79,2.234,81,3.312,79,2.44,78,3.965,78,2.106
M,186,Iwobi,4.9,4.9,Everton,78,3.005,79,2.704,75,2.475,74,2.893,71,2.914
D,156,Ward,4.4,4.4,Crystal Palace,70,3.083,69,2.368,65,3.005,65,2.51,64,3.009
D,526,Mee,5.1,5.1,Brentford,86,3.822,84,2.062,83,3.404,80,2.656,81,2.031
D,92,Pinnock,4.4,4.4,Brentford,85,3.768,82,2.059,80,3.337,79,2.607,80,2.023
D,199,Tarkowski,4.2,4.2,Everton,85,2.9,83,2.105,79,1.865,77,3.273,77,3.636
M,220,Palhinha,4.9,4.9,Fulham,85,4.233,83,2.5,81,2.524,77,2.48,70,2.013
D,44,Konsa,4.4,4.4,Aston Villa,79,2.329,82,3.484,79,3.098,79,2.081,80,2.708
M,37,McGinn,5.1,5.1,Aston Villa,84,2.722,79,3.085,74,2.8,71,2.433,71,2.536
D,85,Henry,4.5,4.5,Brentford,80,3.766,79,2.097,75,3.215,73,2.481,74,1.977
D,484,Kilman,4.3,4.3,Wolves,83,2.126,81,3.2,79,2.299,77,3.835,75,1.955
M,340,Sancho,7.1,7.1,Man Utd,45,3.614,43,1.895,41,1.981,40,3.88,42,2.004
D,180,Keane,4.2,4.2,Everton,81,2.823,80,2.095,76,1.805,79,3.212,75,3.415
M,88,Jensen,4.8,4.8,Brentford,74,3.163,72,2.525,69,2.813,67,2.546,67,2.222
F,345,Martial,6.3,6.3,Man Utd,47,3.633,48,1.899,49,1.999,46,3.78,44,1.96
F,288,Diogo Jota,8.9,8.9,Liverpool,52,4.599,53,2.198,51,2.169,47,2.02,51,2.256
M,259,Tielemans,6.1,6.1,Leicester,75,2.919,74,2.737,75,2.491,72,2.405,71,2.618
D,73,Kelly,4.3,4.3,Bournemouth,80,2.903,78,2.785,73,2.595,73,2.124,73,2.735
M,562,Solomon,4.9,4.9,Fulham,42,4.075,40,2.244,35,2.511,35,2.231,36,2.07
M,134,Kanté,4.8,4.8,Chelsea,67,2.38,64,2.493,61,2.309,61,3.999,59,1.904
M,304,Sterling,9.7,9.7,Chelsea,60,2.221,57,2.493,57,2.537,52,3.791,56,2.036
M,514,C.Doucouré,5.0,5.0,Crystal Palace,78,2.68,77,2.501,72,2.665,73,2.481,71,2.682
D,612,Faes,4.2,4.2,Leicester,83,3.51,79,2.75,78,1.955,75,1.927,73,2.777
D,430,Dier,5.1,5.1,Spurs,86,1.695,84,3.309,81,2.45,81,2.702,78,2.714
F,297,Darwin,8.6,8.6,Liverpool,47,4.393,44,2.112,39,2.134,40,2.071,38,2.154
M,311,Bernardo,6.7,6.7,Man City,51,3.6,51,1.845,52,1.913,55,3.613,52,1.769
M,370,S.Longstaff,4.3,4.3,Newcastle,55,1.782,67,2.446,63,4.645,57,1.893,60,1.974
D,109,Veltman,4.6,4.6,Brighton,53,3.248,59,2.394,53,2.72,51,3.011,49,1.333
M,519,Eriksen,6.2,6.2,Man Utd,48,3.343,50,1.811,52,2.029,47,3.637,47,1.882
D,404,Stephens,4.3,4.3,Bournemouth,77,2.729,78,2.631,74,2.558,75,2.075,75,2.708
D,513,Lenglet,4.8,4.8,Spurs,72,1.736,73,3.263,70,2.417,68,2.557,70,2.695
D,733,Pedro Porro,4.8,4.8,Spurs,82,2.155,79,3.849,75,2.742,61,2.262,51,1.655
M,293,Luis Díaz,7.8,7.8,Liverpool,33,4.156,37,2.063,44,2.139,43,2.046,42,2.25
D,423,Bella-Kotchap,4.5,4.5,Southampton,86,2.046,82,3.25,80,3.321,77,1.994,75,1.953
M,577,Onana,4.7,4.7,Everton,75,2.603,74,2.426,73,2.345,68,2.485,70,2.664
D,730,Felipe,4.5,4.5,Nott'm Forest,86,2.335,83,3.384,80,2.261,79,1.884,79,2.639
D,409,Walker-Peters,4.4,4.4,Southampton,83,2.064,79,3.2,80,3.301,75,1.942,75,1.973
D,309,Laporte,5.6,5.6,Man City,58,5.171,48,1.671,38,1.479,39,2.743,41,1.411
M,6,Partey,4.7,4.7,Arsenal,69,2.576,68,2.297,68,2.355,69,2.663,66,2.521
D,299,Walker,4.7,4.7,Man City,52,3.42,56,2.063,55,1.972,54,3.3,54,1.567
F,458,Antonio,7.0,7.0,West Ham,58,4.017,59,2.114,57,1.993,57,2.157,55,1.968
D,482,Semedo,5.0,5.0,Wolves,82,1.961,80,2.941,77,2.1,74,3.467,76,1.773
M,64,Lerma,4.7,4.7,Bournemouth,79,2.593,79,2.482,76,2.433,72,2.256,72,2.418
F,145,Havertz,7.4,7.4,Chelsea,24,1.5,53,2.298,55,2.383,52,4.045,50,1.943
M,245,Roca,4.8,4.8,Leeds,77,2.735,75,2.178,74,2.352,72,2.382,71,2.406
F,690,João Félix,7.3,7.3,Chelsea,56,2.034,51,2.236,49,2.184,47,3.722,47,1.822
D,57,Smith,4.3,4.3,Bournemouth,79,2.62,77,2.486,74,2.427,72,1.899,72,2.495
D,443,Romero,4.9,4.9,Spurs,85,1.522,80,3.094,80,2.254,79,2.495,79,2.527
M,369,Almirón,5.4,5.4,Newcastle,52,1.947,58,1.97,56,3.923,55,2.063,54,1.839
D,410,Bednarek,4.2,4.2,Southampton,83,1.914,80,3.051,75,3.049,71,1.811,72,1.839
M,589,Matheus,4.8,4.8,Wolves,67,2.226,69,2.605,67,2.29,65,2.533,62,1.907
D,507,Niakhaté,4.3,4.3,Nott'm Forest,39,1.162,81,3.382,82,2.28,77,1.891,77,2.639
M,321,Lavia,4.5,4.5,Southampton,80,2.224,77,2.538,73,2.41,70,2.046,70,2.08
M,225,Rodrigo,6.3,6.3,Leeds,61,2.885,59,2.094,57,2.047,55,2.123,53,2.085
F,255,Vardy,9.1,9.1,Leicester,57,2.082,65,2.756,61,2.242,60,2.04,59,2.062
F,625,Diego Costa,5.3,5.3,Wolves,63,2.246,63,2.32,62,2.254,60,2.142,63,2.2
M,569,Garnacho,4.1,4.1,Man Utd,6,2.697,12,1.551,17,1.6,21,3.449,19,1.751
M,611,Gueye,4.8,4.8,Everton,71,2.323,69,2.15,67,1.972,67,2.222,67,2.345
D,510,Hickey,4.9,4.9,Brentford,74,3.288,69,1.67,68,2.741,63,1.865,61,1.363
F,356,Wilson,6.9,6.9,Newcastle,41,1.935,38,1.704,42,3.599,39,1.907,39,1.762
M,47,Ramsey,5.3,5.3,Aston Villa,71,2.968,66,2.897,60,2.129,53,1.519,48,1.379
M,720,McKennie,4.6,4.6,Leeds,74,2.559,73,2.081,72,2.215,67,2.031,64,1.897
M,693,Alcaraz,5.0,5.0,Southampton,67,2.439,61,2.444,60,2.13,60,1.724,61,2.009
D,230,Koch,4.5,4.5,Leeds,85,2.902,83,1.35,80,2.051,76,2.181,76,2.227
F,210,Mitrović,6.6,6.6,Fulham,0,-0.42,0,-0.165,77,3.941,77,3.837,77,3.401
M,231,James,5.9,5.9,Fulham,61,4.229,60,2.313,14,1.404,15,1.331,16,1.294
D,341,Wan-Bissaka,4.3,4.3,Man Utd,46,2.765,49,1.53,47,1.54,47,3.072,47,1.569
F,123,Undav,5.0,5.0,Brighton,17,3.05,9,1.179,9,2.496,9,2.439,9,1.271
M,159,J.Ayew,5.2,5.2,Crystal Palace,70,3.0,59,1.941,54,1.763,57,1.819,57,1.912
M,698,Lemina,4.5,4.5,Wolves,60,1.55,71,2.393,69,2.181,68,2.423,64,1.871
D,602,Renan Lodi,4.3,4.3,Nott'm Forest,62,1.694,68,2.911,70,2.039,67,1.594,65,2.113
F,397,Awoniyi,5.6,5.6,Nott'm Forest,36,1.644,58,2.187,61,2.324,60,1.986,59,2.132
M,275,Henderson,5.3,5.3,Liverpool,56,3.486,58,1.846,53,1.522,56,1.636,54,1.714
F,30,Ings,6.4,6.4,West Ham,48,3.35,45,1.6,45,1.647,45,1.805,44,1.709
F,617,Aubameyang,8.4,8.4,Chelsea,42,1.655,30,1.854,30,1.854,30,3.169,30,1.577
M,282,Fabinho,5.2,5.2,Liverpool,58,3.285,61,1.81,61,1.754,58,1.491,59,1.719
D,448,Perišić,5.3,5.3,Spurs,62,1.823,62,2.917,58,1.975,50,1.66,44,1.648
F,166,Edouard,5.0,5.0,Crystal Palace,62,2.308,62,2.341,55,1.889,53,1.702,51,1.738
D,249,Evans,4.4,4.4,Leicester,53,1.548,69,2.613,66,1.776,64,1.708,63,2.228
G,426,Forster,3.9,3.9,Spurs,87,2.653,75,3.709,41,1.331,17,1.122,3,1.047
M,365,Murphy,4.1,4.1,Newcastle,48,1.83,36,1.536,32,3.3,31,1.669,29,1.514
M,728,Sabitzer,4.7,4.7,Man Utd,39,2.658,38,1.378,35,1.45,39,2.891,37,1.465
D,709,Kristiansen,4.5,4.5,Leicester,70,3.477,61,2.043,57,1.395,52,1.228,57,1.681
G,425,Lloris,5.4,5.4,Spurs,0,-0.004,13,1.151,48,1.431,71,3.458,87,3.681
D,108,Webster,4.5,4.5,Brighton,34,2.538,20,1.227,21,2.233,23,2.341,27,1.174
F,701,Weghorst,5.4,5.4,Man Utd,27,2.751,23,1.316,25,1.356,26,2.711,27,1.367
M,212,Wilson,5.7,5.7,Fulham,35,2.918,36,1.655,41,1.727,43,1.644,41,1.546
D,538,Young,4.3,4.3,Aston Villa,71,2.427,66,3.124,56,1.733,38,1.058,33,1.059
M,552,Anderson,4.3,4.3,Newcastle,18,1.722,17,1.504,14,3.046,14,1.575,13,1.531
M,23,Nelson,4.7,4.7,Arsenal,7,1.653,10,1.617,10,1.669,8,1.984,11,2.366
M,505,Rothwell,4.9,4.9,Bournemouth,62,2.286,60,1.77,60,1.822,56,1.51,59,1.842
M,441,Skipp,4.3,4.3,Spurs,73,2.16,72,2.442,64,1.974,58,1.486,46,1.151
M,699,Mudryk,6.5,6.5,Chelsea,36,1.412,31,1.666,32,1.664,31,2.924,32,1.423
M,715,Tetê,5.1,5.1,Leicester,47,2.017,45,1.906,41,1.656,44,1.654,43,1.801
D,691,Wöber,4.4,4.4,Leeds,41,1.198,61,1.188,72,2.059,70,2.259,71,2.309
M,703,Danilo,4.5,4.5,Nott'm Forest,68,2.389,61,2.005,57,1.572,57,1.484,56,1.502
D,178,Coleman,4.2,4.2,Everton,40,1.208,65,1.694,64,1.413,61,2.143,62,2.468
D,330,Maguire,4.7,4.7,Man Utd,40,2.214,44,1.165,48,1.326,50,2.778,51,1.413
M,111,Trossard,6.6,6.6,Arsenal,43,1.761,42,1.622,43,1.641,42,1.976,41,1.88
M,132,Kovacic,4.9,4.9,Chelsea,58,1.43,58,1.664,58,1.794,55,2.6,55,1.364
D,544,Van Hecke,4.0,4.0,Brighton,11,2.303,9,1.156,5,2.105,5,2.197,4,1.066
M,400,Walcott,4.8,4.8,Southampton,58,1.846,56,1.994,54,1.866,54,1.585,52,1.534
F,271,Daka,5.6,5.6,Leicester,41,1.915,33,1.861,37,1.62,34,1.599,35,1.777
M,688,Schade,4.9,4.9,Brentford,49,1.767,50,1.522,54,1.775,55,1.846,58,1.807
M,149,Gilmour,4.2,4.2,Brighton,12,2.183,13,1.175,10,2.103,10,2.187,10,1.033
D,520,Koulibaly,5.5,5.5,Chelsea,4,0.899,21,1.117,42,1.187,63,3.396,61,2.056
M,325,Phillips,4.8,4.8,Man City,12,2.419,12,1.29,14,1.283,14,2.429,16,1.223
M,508,Sinisterra,6.5,6.5,Leeds,8,1.274,26,1.307,46,1.599,59,2.198,58,2.247
M,479,Dendoncker,4.7,4.7,Aston Villa,70,2.476,64,2.402,47,1.319,32,1.215,27,1.201
F,454,Richarlison,8.4,8.4,Spurs,45,1.555,48,1.759,45,1.644,45,1.685,46,1.836
M,446,Kulusevski,7.8,7.8,Spurs,40,1.482,48,1.748,51,1.708,48,1.698,46,1.822
D,292,Tsimikas,4.3,4.3,Liverpool,15,2.845,12,1.372,14,1.407,14,1.375,14,1.458
D,573,Lewis,3.9,3.9,Man City,22,2.459,15,1.229,13,1.215,17,2.315,17,1.177
M,575,Cornet,5.9,5.9,West Ham,22,2.658,24,1.361,26,1.374,29,1.561,28,1.404
D,504,Malacia,4.2,4.2,Man Utd,32,2.296,31,1.192,30,1.226,29,2.396,32,1.241
M,89,Wissa,5.3,5.3,Brentford,35,1.816,36,1.523,42,1.657,48,1.741,49,1.575
F,279,Firmino,8.0,8.0,Liverpool,6,2.533,10,1.275,14,1.485,15,1.473,16,1.523
M,291,Jones,4.9,4.9,Liverpool,38,2.815,29,1.269,32,1.388,32,1.341,30,1.375
M,189,Gray,5.2,5.2,Everton,41,1.651,40,1.493,43,1.498,44,1.685,44,1.812
M,140,Pulisic,5.6,5.6,Chelsea,24,1.306,23,1.429,23,1.427,23,2.583,24,1.317
M,469,Fornals,4.9,4.9,West Ham,17,2.5,22,1.305,26,1.327,29,1.477,29,1.411
M,278,Chamberlain,4.9,4.9,Liverpool,5,2.701,3,1.302,3,1.313,4,1.303,4,1.362
D,587,Sergio Gómez,4.4,4.4,Man City,4,2.351,1,1.162,1,1.151,2,2.183,2,1.096
M,287,Keita,4.7,4.7,Liverpool,12,2.435,19,1.344,22,1.373,23,1.343,24,1.442
D,221,Cooper,4.4,4.4,Leeds,68,2.547,62,1.181,58,1.342,58,1.491,55,1.366
M,331,Fred,5.1,5.1,Man Utd,14,2.252,13,1.145,10,1.06,12,2.272,13,1.191
M,316,Palmer,4.2,4.2,Man City,5,2.243,5,1.167,7,1.165,8,2.223,9,1.118
G,113,Sánchez,4.5,4.5,Brighton,3,1.968,3,1.009,2,1.912,4,1.972,5,1.004
M,731,Kamaldeen,4.9,4.9,Southampton,38,1.465,37,1.737,39,1.674,39,1.472,37,1.508
M,704,Sarabia,5.1,5.1,Wolves,31,1.48,29,1.542,30,1.547,30,1.751,31,1.472
M,723,H.Traorè,4.5,4.5,Bournemouth,14,1.326,28,1.429,42,1.657,44,1.578,46,1.781
M,347,Pellistri,4.3,4.3,Man Utd,5,2.174,3,1.096,4,1.12,4,2.231,4,1.13
M,368,Saint-Maximin,6.1,6.1,Newcastle,0,0.088,1,1.016,28,2.944,46,1.811,51,1.818
M,481,Hwang,5.7,5.7,Wolves,33,1.491,30,1.517,30,1.502,33,1.544,34,1.491
M,136,Loftus-Cheek,5.0,5.0,Chelsea,37,1.226,39,1.37,36,1.363,30,2.398,28,1.182
M,204,Kebano,5.4,5.4,Fulham,21,2.519,16,1.275,11,1.285,11,1.22,14,1.234
M,406,Elyounoussi,5.1,5.1,Southampton,59,1.712,53,1.501,54,1.578,51,1.33,53,1.405
M,69,Christie,5.3,5.3,Bournemouth,59,1.86,54,1.496,48,1.357,50,1.374,50,1.434
D,244,Kristensen,4.7,4.7,Leeds,58,1.789,58,1.175,59,1.496,58,1.561,56,1.484
M,93,Onyeka,4.8,4.8,Brentford,50,1.646,50,1.48,40,1.483,35,1.493,34,1.395
M,86,Janelt,5.5,5.5,Brentford,57,1.828,55,1.498,51,1.427,52,1.487,47,1.255
D,417,Perraud,4.1,4.1,Southampton,49,1.13,59,1.983,54,1.628,59,1.404,56,1.276
M,117,Moder,4.4,4.4,Brighton,1,1.06,2,1.103,3,2.047,2,2.111,3,1.055
D,367,Targett,4.7,4.7,Newcastle,18,1.288,15,1.139,18,2.452,21,1.259,21,1.211
M,34,Traoré,4.9,4.9,Aston Villa,34,1.633,31,1.743,21,1.52,10,1.222,10,1.228
D,343,B.Williams,3.8,3.8,Man Utd,3,2.022,2,1.008,3,1.074,5,2.143,4,1.083
M,240,Summerville,4.2,4.2,Leeds,49,1.708,42,1.329,39,1.338,35,1.447,37,1.504
M,195,Gordon,5.1,5.1,Newcastle,24,1.299,25,1.153,21,2.395,20,1.262,22,1.214
M,161,Schlupp,4.7,4.7,Crystal Palace,57,1.627,54,1.468,51,1.43,50,1.367,50,1.4
D,114,Lamptey,4.2,4.2,Brighton,0,0.021,4,1.146,19,2.348,23,2.517,27,1.241
M,294,Elliott,4.8,4.8,Liverpool,10,2.415,9,1.121,10,1.14,11,1.225,12,1.353
D,26,Saliba,5.0,5.0,Arsenal,14,1.057,26,1.05,39,1.078,51,1.497,61,2.57
M,705,Ouattara,5.0,5.0,Bournemouth,28,1.553,25,1.394,25,1.422,26,1.381,22,1.483
D,1,Cédric,4.2,4.2,Fulham,19,2.328,18,1.228,19,1.276,19,1.21,21,1.175
D,127,Azpilicueta,4.7,4.7,Chelsea,31,1.139,35,1.352,33,1.346,27,2.255,26,1.125
D,5,Holding,4.2,4.2,Arsenal,58,2.095,50,1.326,41,1.218,36,1.313,27,1.255
M,200,Cairney,4.7,4.7,Fulham,16,2.302,16,1.188,18,1.264,18,1.217,25,1.2
D,456,Ogbonna,4.4,4.4,West Ham,15,2.299,21,1.16,22,1.184,24,1.27,26,1.228
D,141,Chalobah,4.4,4.4,Chelsea,57,1.334,52,1.402,45,1.192,33,2.065,34,1.038
M,246,Aaronson,5.3,5.3,Leeds,52,1.634,46,1.316,43,1.293,41,1.363,45,1.406
M,83,Dasilva,4.1,4.1,Brentford,39,1.529,39,1.321,38,1.406,32,1.45,32,1.302
D,194,Mykolenko,4.1,4.1,Everton,59,1.689,55,1.222,54,1.175,52,1.409,52,1.498
D,545,Emerson,4.0,4.0,West Ham,21,2.263,21,1.138,26,1.161,26,1.235,26,1.194
M,486,Neto,4.9,4.9,Wolves,26,1.305,27,1.422,28,1.41,27,1.517,28,1.328
M,205,De Cordova-Reid,5.4,5.4,Fulham,52,2.404,49,1.226,39,1.172,40,1.122,39,1.051
D,388,Worrall,4.2,4.2,Nott'm Forest,68,2.028,52,1.363,53,1.221,52,1.105,51,1.225
M,713,Danjuma,6.1,6.1,Spurs,21,1.393,16,1.322,17,1.338,19,1.465,17,1.396
M,135,Ziyech,5.5,5.5,Chelsea,9,1.075,10,1.16,11,1.281,11,2.282,9,1.096
M,338,McTominay,4.9,4.9,Man Utd,7,1.765,8,0.911,18,1.057,20,2.087,21,1.065
M,708,Madueke,5.4,5.4,Chelsea,8,1.095,7,1.204,6,1.191,8,2.227,10,1.108
D,718,Viña,4.5,4.5,Bournemouth,38,1.408,45,1.329,45,1.367,40,1.305,41,1.402
M,491,Adama,5.4,5.4,Wolves,30,1.31,29,1.371,30,1.366,28,1.419,32,1.338
M,483,Podence,5.2,5.2,Wolves,36,1.281,33,1.375,35,1.324,35,1.545,37,1.274
D,530,Richards,4.4,4.4,Crystal Palace,28,1.288,28,1.3,31,1.416,32,1.378,33,1.415
F,237,Greenwood,4.0,4.0,Leeds,19,1.428,19,1.324,18,1.364,17,1.313,16,1.339
M,75,Anthony,5.2,5.2,Bournemouth,37,1.515,30,1.323,28,1.256,28,1.212,29,1.453
M,509,Downes,4.2,4.2,West Ham,10,2.147,12,1.121,14,1.126,15,1.188,15,1.151
M,616,Zakaria,4.9,4.9,Chelsea,5,1.062,8,1.153,11,1.191,11,2.194,11,1.123
F,585,Dennis,5.6,5.6,Nott'm Forest,34,1.47,25,1.389,25,1.299,26,1.233,26,1.329
M,48,Chukwuemeka,4.2,4.2,Chelsea,6,1.066,6,1.173,8,1.188,7,2.165,7,1.087
M,148,Gallagher,5.6,5.6,Chelsea,26,1.048,24,1.182,27,1.191,29,2.19,26,1.06
F,168,Mateta,5.1,5.1,Crystal Palace,20,1.378,14,1.242,15,1.304,17,1.297,20,1.449
D,286,Gomez,4.3,4.3,Liverpool,10,2.149,13,1.097,15,1.119,19,1.12,21,1.184
D,276,Matip,5.9,5.9,Liverpool,13,2.184,11,1.06,14,1.118,18,1.109,19,1.17
M,661,Hall,4.3,4.3,Chelsea,7,1.085,7,1.163,8,1.163,3,2.132,4,1.081
M,274,Milner,4.4,4.4,Liverpool,7,2.205,7,1.078,8,1.094,10,1.086,10,1.158
M,460,Lanzini,5.0,5.0,West Ham,3,2.141,5,1.08,8,1.099,8,1.182,9,1.118
D,363,Manquillo,4.2,4.2,Newcastle,4,1.134,5,1.058,7,2.219,8,1.115,9,1.079
F,700,Rutter,5.1,5.1,Leeds,22,1.443,19,1.293,18,1.315,16,1.219,17,1.266
M,359,Fraser,5.2,5.2,Newcastle,3,1.142,4,1.061,3,2.167,4,1.094,3,1.063
M,450,Sarr,4.2,4.2,Spurs,17,1.264,21,1.355,21,1.337,14,1.305,9,1.251
D,471,Johnson,4.4,4.4,West Ham,4,2.064,8,1.061,9,1.065,12,1.192,11,1.13
D,470,Diop,4.3,4.3,Fulham,13,2.081,16,1.111,16,1.141,19,1.11,21,1.066
M,25,Fábio Vieira,5.6,5.6,Arsenal,5,1.161,10,1.138,13,1.348,13,1.43,16,1.407
D,8,Tierney,4.6,4.6,Arsenal,22,1.255,25,1.246,27,1.256,26,1.378,28,1.334
M,726,Lukic,4.5,4.5,Fulham,13,2.07,11,1.069,17,1.138,21,1.108,20,1.08
M,580,Damsgaard,5.0,5.0,Brentford,37,1.391,34,1.236,33,1.298,33,1.309,33,1.218
D,588,Kehrer,4.3,4.3,West Ham,21,2.102,24,1.03,30,1.055,30,1.146,32,1.103
D,360,Lascelles,4.3,4.3,Newcastle,10,1.054,11,1.021,16,2.183,18,1.111,18,1.065
D,71,Mepham,4.3,4.3,Bournemouth,57,1.618,51,1.169,51,1.227,54,1.215,48,1.205
D,689,Badiashile,5.0,5.0,Chelsea,19,1.058,17,1.158,12,1.164,5,2.004,7,1.018
M,549,Praet,4.8,4.8,Leicester,15,1.307,17,1.305,16,1.183,19,1.241,18,1.342
M,431,Lucas Moura,5.8,5.8,Spurs,11,1.204,13,1.324,15,1.308,12,1.312,7,1.181
D,90,Roerslev,4.3,4.3,Brentford,21,1.333,20,1.237,16,1.227,18,1.286,19,1.233
F,618,Vinícius,5.4,5.4,Fulham,13,3.114,11,1.115,2,1.05,3,1.037,3,1.0
M,79,Nørgaard,5.3,5.3,Brentford,0,-0.072,11,0.983,42,1.23,58,1.697,72,2.472
F,408,A.Armstrong,5.3,5.3,Southampton,38,1.209,34,1.352,32,1.315,33,1.209,33,1.219
G,324,Ortega,3.8,3.8,Man City,1,1.061,3,1.053,4,1.048,3,2.076,3,1.038
F,110,Maupay,5.6,5.6,Everton,12,1.293,10,1.178,12,1.223,15,1.317,16,1.249
G,162,Butland,4.4,4.4,Man Utd,1,1.038,2,1.034,2,1.038,3,2.091,3,1.05
F,686,Simms,4.5,4.5,Everton,5,1.251,4,1.214,5,1.217,6,1.263,7,1.277
M,12,Smith Rowe,5.6,5.6,Arsenal,4,1.208,6,1.172,8,1.204,9,1.358,10,1.274
G,213,Rodák,4.3,4.3,Fulham,3,2.049,2,1.038,2,1.041,6,1.047,5,1.032
F,619,Gnonto,4.7,4.7,Leeds,35,1.509,26,1.109,23,1.14,24,1.218,23,1.229
G,473,Areola,4.3,4.3,West Ham,2,2.038,3,1.035,5,1.041,4,1.049,4,1.034
F,714,Semenyo,5.0,5.0,Bournemouth,18,1.296,16,1.17,16,1.186,18,1.239,18,1.29
M,53,Kamara,4.8,4.8,Aston Villa,0,-0.121,8,0.996,34,1.118,63,1.862,70,2.325
D,613,Kurzawa,4.3,4.3,Fulham,2,1.964,4,1.044,4,1.096,5,1.045,4,1.006
M,296,Carvalho,5.1,5.1,Liverpool,3,2.455,2,1.197,0,0.06,2,1.199,2,1.225
D,193,Godfrey,4.3,4.3,Everton,47,1.259,43,1.135,44,1.143,49,1.312,45,1.275
M,536,Mangala,4.9,4.9,Nott'm Forest,54,1.388,50,1.306,46,1.153,43,1.101,44,1.137
D,362,Dummett,3.9,3.9,Newcastle,1,1.047,1,0.98,2,2.041,2,1.024,2,0.991
F,11,Nketiah,6.4,6.4,Arsenal,7,1.166,9,1.125,14,1.228,15,1.245,17,1.32
D,256,Ricardo,4.2,4.2,Leicester,6,1.165,25,1.274,40,1.18,45,1.181,43,1.276
D,328,Jones,3.8,3.8,Man Utd,1,0.962,1,0.997,1,1.023,1,2.042,2,1.04
G,147,Mendy,4.8,4.8,Chelsea,5,0.999,7,1.029,7,1.027,7,1.998,7,1.011
M,119,Sarmiento,4.5,4.5,Brighton,0,0.177,0,0.142,3,2.204,5,2.381,7,1.159
M,570,Garner,4.5,4.5,Everton,23,1.194,26,1.135,28,1.128,29,1.233,31,1.348
M,582,Freuler,4.9,4.9,Nott'm Forest,56,1.473,49,1.276,42,1.082,45,1.081,40,1.104
D,267,Söyüncü,4.2,4.2,Leicester,48,1.378,39,1.2,39,1.132,44,1.131,42,1.172
M,266,Dewsbury-Hall,4.9,4.9,Leicester,40,1.275,41,1.246,44,1.143,42,1.119,41,1.21
F,391,Surridge,4.6,4.6,Nott'm Forest,4,1.211,3,1.171,2,1.164,3,1.182,5,1.243
D,222,Ayling,4.5,4.5,Leeds,33,1.274,32,1.129,32,1.152,34,1.193,36,1.217
M,734,A.Ayew,5.0,5.0,Nott'm Forest,24,1.241,19,1.311,16,1.132,15,1.125,16,1.154
D,432,Davies,4.7,4.7,Spurs,42,1.122,44,1.213,44,1.162,42,1.191,36,1.264
D,257,Amartey,4.0,4.0,Leicester,11,1.28,10,1.222,8,1.128,10,1.118,10,1.194
D,710,Kiwior,4.0,4.0,Arsenal,15,1.167,19,1.153,15,1.155,12,1.235,13,1.214
D,50,Diego Carlos,4.7,4.7,Aston Villa,19,1.166,16,1.212,18,1.213,20,1.161,17,1.156
M,163,Hughes,4.8,4.8,Crystal Palace,33,1.177,29,1.139,26,1.19,29,1.167,30,1.213
M,94,Baptiste,4.5,4.5,Brentford,21,1.254,17,1.16,14,1.166,16,1.171,14,1.128
D,595,Zanka,3.9,3.9,Brentford,25,1.245,27,1.13,22,1.184,27,1.196,25,1.122
D,188,Mina,4.3,4.3,Everton,3,1.104,3,1.041,4,1.039,14,1.494,6,1.186
D,84,Ajer,4.5,4.5,Brentford,10,1.14,25,1.143,37,1.2,41,1.209,42,1.17
M,158,Milivojevic,4.2,4.2,Crystal Palace,24,1.142,22,1.148,24,1.194,23,1.172,25,1.192
F,476,Jiménez,6.6,6.6,Wolves,8,1.139,6,1.151,8,1.154,10,1.231,10,1.148
D,153,Tomkins,3.9,3.9,Crystal Palace,2,1.097,3,1.142,6,1.189,7,1.183,8,1.205
D,192,Holgate,4.2,4.2,Everton,17,1.205,9,1.072,11,1.108,16,1.212,11,1.216
F,732,Onuachu,5.4,5.4,Southampton,15,1.154,8,1.17,10,1.168,11,1.137,10,1.113
D,435,Sánchez,4.2,4.2,Spurs,11,1.071,12,1.157,15,1.136,13,1.144,14,1.203
D,239,Firpo,4.5,4.5,Leeds,53,1.439,47,1.023,45,1.032,43,1.09,43,1.118
M,130,Jorginho,5.7,5.7,Arsenal,27,1.129,27,1.081,30,1.097,29,1.213,29,1.182
F,62,Moore,4.9,4.9,Bournemouth,2,1.148,2,1.108,3,1.151,4,1.123,4,1.171
M,87,Ghoddos,4.8,4.8,Brentford,4,1.19,5,1.105,6,1.129,7,1.139,7,1.107
D,65,Stacey,4.2,4.2,Bournemouth,15,1.183,11,1.084,12,1.125,13,1.101,15,1.177
D,523,Toffolo,4.3,4.3,Nott'm Forest,31,1.133,23,1.181,21,1.101,21,1.09,19,1.128
M,405,S.Armstrong,4.7,4.7,Southampton,22,1.075,18,1.213,20,1.184,19,1.072,21,1.085
M,154,McArthur,4.8,4.8,Crystal Palace,8,1.104,5,1.088,5,1.15,7,1.119,7,1.159
M,252,Mendy,4.3,4.3,Leicester,13,1.161,17,1.139,17,1.084,18,1.084,20,1.124
M,583,Kouyaté,4.4,4.4,Nott'm Forest,14,1.047,32,1.194,42,1.104,39,1.072,40,1.141
D,32,Chambers,4.2,4.2,Aston Villa,25,1.137,28,1.201,19,1.171,10,1.025,9,1.024
M,29,Coutinho,6.6,6.6,Aston Villa,0,-0.044,6,1.064,24,1.328,38,1.578,46,1.629
M,67,Cook,4.9,4.9,Bournemouth,24,1.155,21,1.078,22,1.102,20,1.078,22,1.142
M,387,Yates,5.0,5.0,Nott'm Forest,3,0.978,16,1.131,26,1.138,30,1.128,28,1.165
M,527,Lingard,5.4,5.4,Nott'm Forest,12,1.144,8,1.142,8,1.077,10,1.072,10,1.102
D,439,Tanganga,3.8,3.8,Spurs,4,1.069,6,1.114,6,1.093,5,1.102,5,1.153
M,725,Ahamada,4.5,4.5,Crystal Palace,4,1.089,2,1.055,3,1.136,3,1.109,4,1.135
M,190,Davies,4.9,4.9,Everton,12,1.113,11,1.05,14,1.07,16,1.13,15,1.155
M,418,Djenepo,5.0,5.0,Southampton,7,1.075,4,1.154,7,1.143,4,1.059,5,1.076
F,711,Durán,5.5,5.5,Aston Villa,11,1.122,11,1.148,7,1.102,5,1.068,4,1.066
G,355,Dubravka,4.1,4.1,Newcastle,0,0.08,2,1.059,4,2.162,3,1.109,3,1.075
M,224,Forshaw,4.4,4.4,Leeds,3,1.096,6,1.024,10,1.054,17,1.157,16,1.151
D,623,Caleta-Car,4.4,4.4,Southampton,10,1.021,14,1.164,16,1.154,14,1.066,14,1.076
M,18,Sambi,4.3,4.3,Crystal Palace,21,1.063,20,1.072,19,1.122,20,1.096,21,1.111
M,45,Bailey,4.3,4.3,Aston Villa,0,-0.083,7,1.105,24,1.389,33,1.537,38,1.513
G,152,Guaita,4.4,4.4,Crystal Palace,6,1.04,11,1.073,15,1.104,20,1.108,22,1.116
D,235,Struijk,4.5,4.5,Leeds,23,1.177,17,1.02,16,1.018,21,1.101,20,1.125
D,33,Digne,4.5,4.5,Aston Villa,27,1.114,19,1.163,16,1.096,15,1.026,16,1.028
D,270,Thomas,3.9,3.9,Leicester,10,1.126,10,1.103,9,1.044,9,1.032,11,1.108
D,576,Senesi,4.4,4.4,Bournemouth,14,1.096,17,1.03,20,1.087,21,1.053,22,1.135
M,21,Maitland-Niles,4.8,4.8,Southampton,38,1.039,34,1.139,32,1.116,32,1.039,32,1.049
M,692,Orsic,5.1,5.1,Southampton,9,1.032,9,1.095,10,1.093,11,1.066,12,1.086
D,516,Collins,4.3,4.3,Wolves,18,1.042,18,1.087,19,1.056,19,1.153,22,1.032
M,349,Shelvey,4.8,4.8,Nott'm Forest,12,1.107,9,1.102,8,1.046,9,1.038,9,1.07
D,197,Patterson,3.9,3.9,Everton,17,1.109,10,0.989,11,1.024,13,1.105,12,1.131
D,477,Jonny,4.3,4.3,Wolves,8,0.977,17,1.05,30,1.063,41,1.173,40,1.063
M,60,Brooks,5.3,5.3,Bournemouth,4,1.102,5,1.036,4,1.041,5,1.032,5,1.105
F,528,Mara,5.3,5.3,Southampton,7,1.031,5,1.111,5,1.092,5,1.023,5,1.037
D,157,Clyne,4.5,4.5,Crystal Palace,2,0.922,9,0.99,17,1.121,18,1.121,19,1.131
D,379,Cook,4.3,4.3,Nott'm Forest,43,1.068,18,1.105,20,1.028,23,1.019,24,1.065
M,265,Ndidi,4.8,4.8,Leicester,30,1.106,35,1.081,36,1.025,35,1.015,36,1.051
D,43,Cash,4.6,4.6,Aston Villa,0,-0.095,7,1.036,27,1.139,51,1.203,61,1.994
M,101,Lallana,4.8,4.8,Brighton,0,0.134,0,0.099,6,1.246,15,2.46,21,1.328
M,416,Diallo,4.2,4.2,Southampton,19,1.026,16,1.073,18,1.101,21,1.024,22,1.036
M,381,Colback,4.1,4.1,Nott'm Forest,1,0.994,3,1.095,5,1.039,6,1.031,6,1.064
G,289,Kelleher,4.0,4.0,Liverpool,1,1.058,2,1.04,2,1.033,3,1.044,3,1.046
G,35,Olsen,3.9,3.9,Aston Villa,2,1.033,2,1.054,3,1.062,3,1.033,4,1.04
M,512,Aribo,5.0,5.0,Southampton,8,1.007,7,1.09,8,1.084,10,1.009,10,1.019
D,350,Ritchie,4.2,4.2,Newcastle,1,1.084,0,-0.008,1,2.087,1,1.039,2,1.002
G,578,Robles,4.0,4.0,Leeds,8,1.056,5,1.022,7,1.039,9,1.04,9,1.045
G,422,Bazunu,4.5,4.5,Southampton,4,1.022,7,1.051,8,1.053,8,1.029,8,1.036
D,727,Souttar,4.5,4.5,Leicester,11,1.106,9,1.031,11,1.017,10,0.974,14,1.06
G,518,Hennessey,3.9,3.9,Nott'm Forest,2,1.032,2,1.04,2,1.03,3,1.031,2,1.042
G,72,Travers,4.2,4.2,Bournemouth,1,1.032,2,1.033,4,1.036,2,1.029,3,1.038
M,620,Arthur,4.8,4.8,Liverpool,1,1.052,1,1.004,1,1.014,2,1.013,2,1.055
D,372,Lewis,4.4,4.4,Newcastle,1,1.049,2,0.988,1,1.03,2,1.026,3,1.032
D,489,Toti,3.8,3.8,Wolves,42,1.0,33,1.036,30,1.004,28,1.088,29,0.981
F,659,Mateo Joseph,4.5,4.5,Leeds,2,1.056,2,0.993,2,1.008,2,1.021,2,1.028
M,503,Moutinho,4.6,4.6,Wolves,8,1.0,7,1.018,9,1.012,9,1.067,10,1.002
G,176,Begović,3.9,3.9,Everton,1,1.012,1,1.001,2,1.008,3,1.034,2,1.031
M,629,Traoré,4.3,4.3,Wolves,5,0.97,4,0.982,4,0.971,6,1.046,5,0.97
M,269,Soumaré,4.4,4.4,Leicester,47,1.063,36,0.987,37,0.926,38,0.916,38,0.957
D,413,Lyanco,4.4,4.4,Southampton,3,0.948,3,1.021,2,0.968,4,0.948,1,0.894
D,487,Aït-Nouri,4.1,4.1,Wolves,2,0.883,3,0.945,1,0.88,2,0.967,2,0.883
D,475,Coady,4.7,4.7,Everton,11,1.108,13,1.058,18,1.078,0,-0.02,19,1.195
M,721,João Gomes,4.5,4.5,Wolves,31,0.857,25,0.852,25,0.825,28,0.918,30,0.849
G,254,Ward,3.9,3.9,Leicester,0,0.039,2,1.051,3,1.037,4,1.03,4,1.063
D,419,Livramento,4.4,4.4,Southampton,0,-0.039,2,1.049,8,1.102,8,1.039,10,1.048
D,555,Ashby,3.8,3.8,Newcastle,0,0.038,0,-0.022,1,2.036,3,1.063,3,1.034
M,164,Riedewald,4.2,4.2,Crystal Palace,1,1.005,0,-0.004,2,1.049,2,1.034,2,1.047
M,681,Scarpa,4.7,4.7,Nott'm Forest,0,-0.045,3,1.061,5,1.031,6,1.026,6,1.044
M,651,Moran,4.5,4.5,Brighton,3,2.076,1,1.051,0,-0.048,1,1.028,0,-0.01
D,436,R.Sessegnon,4.4,4.4,Spurs,0,-0.094,0,-0.057,5,1.132,18,1.366,33,1.586
D,112,Cucurella,4.9,4.9,Chelsea,0,-0.136,0,-0.052,2,0.967,18,2.03,21,1.034
D,420,Salisu,4.3,4.3,Southampton,0,-0.154,1,0.935,6,0.992,14,0.992,19,1.025
D,445,Emerson Royal,4.8,4.8,Spurs,0,-0.062,0,-0.005,6,1.074,25,1.244,41,1.363
D,105,Duffy,4.3,4.3,Fulham,0,0.022,0,0.05,2,1.116,2,1.079,2,1.049
D,76,Zemura,4.3,4.3,Bournemouth,0,0.038,1,0.992,0,-0.001,2,1.013,1,1.045
M,444,Bissouma,4.7,4.7,Spurs,0,-0.155,0,-0.121,8,0.936,27,1.056,46,1.185
M,490,Chiquinho,5.0,5.0,Wolves,0,0.433,0,0.454,0,0.444,0,0.512,0,0.433
D,146,James,5.8,5.8,Chelsea,0,-0.115,0,0.004,0,0.002,13,1.121,17,1.182
G,517,Strakosha,4.3,4.3,Brentford,0,0.026,0,0.006,0,0.02,3,1.029,3,1.024
D,511,Richards,4.4,4.4,Nott'm Forest,0,-0.023,0,0.034,0,-0.026,3,1.024,8,1.079
F,669,Mubama,4.5,4.5,West Ham,0,-0.007,0,-0.001,0,-0.001,1,1.051,1,1.019
D,250,Bertrand,3.9,3.9,Leicester,0,0.043,0,0.019,0,-0.025,2,0.979,2,1.015
M,142,Mount,7.2,7.2,Chelsea,0,-0.117,0,-0.022,0,-0.021,8,1.051,11,1.116
F,262,Iheanacho,5.9,5.9,Leicester,0,0.132,0,0.134,0,0.068,0,0.053,6,1.276
D,501,Phillips,3.8,3.8,Liverpool,0,0.051,0,-0.005,0,0.008,0,-0.003,1,1.053
M,383,Cafú,4.2,4.2,Nott'm Forest,2,1.012,0,0.047,0,-0.012,0,-0.014,0,0.008
D,226,Dallas,4.9,4.9,Leeds,0,0.05,0,-0.029,0,-0.016,0,0.001,1,1.027
G,398,Henderson,4.6,4.6,Nott'm Forest,0,-0.039,0,-0.031,0,-0.039,0,-0.057,4,0.998
D,474,Boly,4.1,4.1,Nott'm Forest,0,-0.081,0,-0.032,0,-0.078,0,-0.104,4,1.008
M,344,Elanga,4.6,4.6,Man Utd,0,0.082,0,0.06,0,0.09,0,0.188,0,0.102
M,506,Adams,4.9,4.9,Leeds,0,-0.084,0,-0.161,0,-0.146,0,-0.131,8,0.956
F,150,Broja,5.2,5.2,Chelsea,0,0.028,0,0.089,0,0.088,0,0.058,0,0.04
M,336,Van de Beek,5.1,5.1,Man Utd,0,0.04,0,0.03,0,0.056,0,0.104,0,0.068
M,515,Lewis-Potter,5.2,5.2,Brentford,0,0.107,0,0.012,0,0.047,0,0.04,0,0.019
F,354,Wood,5.6,5.6,Nott'm Forest,0,0.032,0,0.076,0,0.026,0,-0.013,0,0.053
G,502,Carson,3.8,3.8,Man City,0,0.053,0,0.032,0,0.027,0,0.036,0,0.017
D,399,Biancone,4.2,4.2,Nott'm Forest,0,0.021,0,0.073,0,0.016,0,0.013,0,0.04
D,364,Krafth,4.3,4.3,Newcastle,0,0.064,0,-0.004,0,0.059,0,0.034,0,0.0
D,268,Justin,4.1,4.1,Leicester,0,0.078,0,0.055,0,-0.003,0,-0.016,0,0.032
G,348,Heaton,3.8,3.8,Man Utd,0,0.03,0,0.015,0,0.019,0,0.05,0,0.03
G,497,Adrián,3.8,3.8,Liverpool,0,0.051,0,0.022,0,0.015,0,0.023,0,0.026
G,626,Karius,3.9,3.9,Newcastle,0,0.025,0,0.017,0,0.041,0,0.021,0,0.015
M,58,Stanislas,4.8,4.8,Bournemouth,0,0.06,0,-0.002,0,0.008,0,-0.006,0,0.052
M,179,Townsend,5.4,5.4,Everton,0,0.016,0,-0.011,0,-0.008,0,0.031,0,0.072
D,78,Jansson,4.2,4.2,Brentford,0,0.063,0,-0.008,0,0.023,0,0.02,0,-0.007
G,635,Bettinelli,4.0,4.0,Chelsea,0,0.004,0,0.032,0,0.029,0,0.006,0,0.015
G,571,Randolph,4.0,4.0,Bournemouth,0,0.024,0,0.014,0,0.016,0,0.01,0,0.018
M,665,Doak,4.5,4.5,Liverpool,0,0.04,0,-0.002,0,0.004,0,-0.0,0,0.037
M,584,Clark,4.5,4.5,Liverpool,0,0.04,0,-0.002,0,0.004,0,-0.0,0,0.037
D,174,Ferguson,3.9,3.9,Crystal Palace,0,-0.002,0,-0.008,0,0.035,0,0.014,0,0.033
D,295,N.Williams,3.8,3.8,Nott'm Forest,0,-0.212,0,-0.155,0,-0.216,0,-0.221,3,0.87
G,236,Klaesson,3.8,3.8,Leeds,0,0.027,0,-0.004,0,0.012,0,0.011,0,0.016
G,424,Caballero,3.9,3.9,Southampton,0,0.002,0,0.022,0,0.025,0,0.002,0,0.01
D,329,Varane,4.8,4.8,Man Utd,0,-0.037,0,-0.003,0,0.024,0,0.036,0,0.033
F,608,Kalajdžić,5.3,5.3,Wolves,0,-0.011,0,0.009,0,-0.001,0,0.065,0,-0.011
F,529,Scamacca,6.6,6.6,West Ham,0,-0.028,0,-0.002,0,0.006,0,0.05,0,0.013
M,4,Elneny,4.1,4.1,Arsenal,0,-0.006,0,-0.023,0,-0.014,0,0.046,0,0.023
F,663,Perkins,4.5,4.5,Leeds,0,0.039,0,-0.021,0,-0.007,0,0.005,0,0.011
M,630,Nwaneri,4.5,4.5,Arsenal,0,-0.006,0,-0.022,0,-0.013,0,0.04,0,0.021
D,253,Vestergaard,3.8,3.8,Leicester,0,0.045,0,0.022,0,-0.022,0,-0.031,0,0.003
M,564,Bajcetic,4.3,4.3,Liverpool,0,0.016,0,-0.017,0,-0.008,0,-0.015,0,0.025
G,633,Cox,3.9,3.9,Brentford,1,0.0,1,0.0,1,0.0,0,0.0,0,0.0
D,757,Samuels-Smith,4.0,4.0,Everton,0,0.0,0,0.0,0,0.0,0,0.0,0,0.0
F,634,Gordon,4.5,4.5,Crystal Palace,0,0.0,0,0.0,0,0.0,0,0.0,0,0.0
M,607,Smith,4.4,4.4,Arsenal,0,0.0,0,0.0,0,0.0,0,0.0,0,0.0
M,10249,Matty Longstaff,99.9,99.9,Newcastle,4,0.0,4,0.0,5,0.0,4,0.0,4,0.0
M,758,Abbott,4.5,4.5,Spurs,1,0.0,3,0.0,4,0.0,2,0.0,1,0.0
D,10201,Teden Mengi,99.9,99.9,Man Utd,1,0.0,1,0.0,0,0.0,1,0.0,1,0.0
M,624,Edozie,4.6,4.6,Southampton,0,0.0,0,0.0,0,0.0,0,0.0,1,0.0
G,10104,Mark Gillespie,99.9,99.9,Newcastle,0,0.0,0,0.0,0,0.0,0,0.0,0,0.0
M,632,Trevitt,4.4,4.4,Brentford,0,0.0,0,0.0,0,0.0,0,0.0,0,0.0
M,606,Vale,4.5,4.5,Chelsea,0,0.0,0,0.0,0,0.0,0,0.0,0,0.0
G,10264,Jed Steer,99.9,99.9,Aston Villa,0,0.0,0,0.0,0,0.0,0,0.0,0,0.0
D,622,Larios,4.0,4.0,Southampton,0,0.0,0,0.0,0,0.0,0,0.0,0,0.0
G,760,Lonergan,4.0,4.0,Everton,0,0.0,0,0.0,0,0.0,0,0.0,0,0.0
F,10263,Mason Greenwood,99.9,99.9,Man Utd,0,0.0,0,0.0,0,0.0,0,0.0,0,0.0
D,621,Badé,4.5,4.5,Nott'm Forest,0,0.0,0,0.0,0,0.0,0,0.0,0,0.0
M,604,Phillips,4.5,4.5,Crystal Palace,0,0.0,0,0.0,0,0.0,0,0.0,0,0.0
G,10351,Gabriel Slonina,99.9,99.9,Chelsea,0,0.0,0,0.0,0,0.0,0,0.0,0,0.0
M,761,O'Reilly,4.5,4.5,Aston Villa,3,0.0,4,0.0,2,0.0,1,0.0,0,0.0
G,10023,Alfie Whiteman,99.9,99.9,Spurs,0,0.0,0,0.0,0,0.0,0,0.0,0,0.0
G,615,Kovár,4.0,4.0,Man Utd,0,0.0,0,0.0,0,0.0,0,0.0,0,0.0
G,627,Jakupović,4.0,4.0,Everton,0,0.0,0,0.0,0,0.0,0,0.0,0,0.0
D,631,Sousa,4.0,4.0,Arsenal,0,0.0,0,0.0,1,0.0,0,0.0,2,0.0
D,605,Welch,4.0,4.0,Everton,0,0.0,0,0.0,0,0.0,0,0.0,0,0.0
D,759,Jurado,4.0,4.0,Man Utd,1,0.0,0,0.0,1,0.0,2,0.0,1,0.0
D,10241,Benjamin Mendy,99.9,99.9,Man City,0,0.0,0,0.0,0,0.0,0,0.0,0,0.0
F,657,Fraser,4.5,4.5,Wolves,0,0.0,0,0.0,0,0.0,0,0.0,0,0.0
D,636,Parkes,4.0,4.0,Fulham,0,0.0,0,0.0,0,0.0,0,0.0,0,0.0
F,660,Shoretire,4.5,4.5,Man Utd,0,0.0,0,0.0,0,0.0,0,0.0,0,0.0
G,675,Smith,4.0,4.0,Nott'm Forest,0,0.0,0,0.0,0,0.0,0,0.0,0,0.0
D,674,Bennett,4.0,4.0,Man Utd,1,0.0,0,0.0,0,0.0,1,0.0,1,0.0
D,673,Humphreys,4.5,4.5,Chelsea,0,0.0,0,0.0,0,0.0,0,0.0,0,0.0
M,672,Kadan Young,4.5,4.5,Aston Villa,3,0.0,3,0.0,2,0.0,0,0.0,0,0.0
F,671,Morgan,4.5,4.5,Southampton,0,0.0,0,0.0,0,0.0,0,0.0,0,0.0
G,670,Marschall,4.0,4.0,Aston Villa,0,0.0,0,0.0,0,0.0,0,0.0,0,0.0
M,668,Cozier-Duberry,4.5,4.5,Arsenal,0,0.0,0,0.0,0,0.0,0,0.0,0,0.0
M,667,Sekularac,4.5,4.5,Fulham,0,0.0,0,0.0,0,0.0,0,0.0,0,0.0
M,735,Marçal-Madivadua,4.5,4.5,Leicester,0,0.0,0,0.0,0,0.0,0,0.0,0,0.0
D,736,Offiah,4.0,4.0,Brighton,2,0.0,3,0.0,1,0.0,1,0.0,2,0.0
D,737,Greenwood,4.0,4.0,Bournemouth,0,0.0,0,0.0,0,0.0,0,0.0,0,0.0
F,666,Dale Taylor,4.5,4.5,Nott'm Forest,0,0.0,0,0.0,0,0.0,0,0.0,0,0.0
D,738,Kinsey-Wellings,4.0,4.0,Bournemouth,0,0.0,0,0.0,0,0.0,0,0.0,0,0.0
F,662,Cannon,4.5,4.5,Everton,0,0.0,0,0.0,0,0.0,0,0.0,0,0.0
G,739,Anang,4.0,4.0,West Ham,0,0.0,0,0.0,0,0.0,0,0.0,0,0.0
M,676,Ozoh,4.5,4.5,Crystal Palace,0,0.0,0,0.0,0,0.0,0,0.0,0,0.0
M,677,Hinshelwood,4.5,4.5,Brighton,0,0.0,0,0.0,0,0.0,0,0.0,0,0.0
M,683,Kuol,4.5,4.5,Newcastle,0,0.0,0,0.0,0,0.0,0,0.0,0,0.0
G,707,Sinisalo,4.0,4.0,Aston Villa,0,0.0,0,0.0,0,0.0,0,0.0,0,0.0
M,696,Dacosta Gonzalez,4.4,4.4,Bournemouth,0,0.0,0,0.0,0,0.0,0,0.0,0,0.0
F,697,Sadi,4.5,4.5,Bournemouth,0,0.0,0,0.0,0,0.0,0,0.0,0,0.0
F,695,Adu-Adjei,4.5,4.5,Bournemouth,0,0.0,0,0.0,0,0.0,0,0.0,0,0.0
M,600,Knight,4.5,4.5,Man City,0,0.0,0,0.0,0,0.0,0,0.0,0,0.0
M,702,Andrey Santos,4.5,4.5,Chelsea,0,0.0,0,0.0,0,0.0,0,0.0,0,0.0
F,706,Pollock,4.5,4.5,Bournemouth,0,0.0,0,0.0,0,0.0,0,0.0,0,0.0
M,712,Perrone,4.4,4.4,Man City,0,0.0,0,0.0,0,0.0,1,0.0,2,0.0
F,684,D.D.Fofana,5.0,5.0,Chelsea,1,0.0,1,0.0,2,0.0,2,0.0,2,0.0
D,716,Bree,4.5,4.5,Southampton,2,0.0,2,0.0,1,0.0,2,0.0,3,0.0
G,717,Bentley,4.0,4.0,Wolves,0,0.0,1,0.0,1,0.0,2,0.0,2,0.0
M,719,Ayari,4.5,4.5,Brighton,13,0.0,12,0.0,9,0.0,8,0.0,9,0.0
M,687,McAteer,4.5,4.5,Leicester,0,0.0,0,0.0,0,0.0,0,0.0,0,0.0
D,722,Zabarnyi,4.5,4.5,Bournemouth,1,0.0,3,0.0,3,0.0,5,0.0,4,0.0
F,685,Butler-Oyedeji,4.5,4.5,Arsenal,0,0.0,0,0.0,0,0.0,0,0.0,0,0.0
G,740,Hegyi,3.9,3.9,West Ham,0,0.0,0,0.0,0,0.0,0,0.0,0,0.0
M,658,Griffiths,4.4,4.4,Wolves,0,0.0,0,0.0,0,0.0,0,0.0,0,0.0
D,637,John,3.9,3.9,Everton,0,0.0,0,0.0,0,0.0,0,0.0,0,0.0
M,741,Miley,4.5,4.5,Newcastle,0,0.0,0,0.0,0,0.0,0,0.0,0,0.0
D,646,Crama,4.0,4.0,Brentford,1,0.0,0,0.0,1,0.0,0,0.0,0,0.0
D,751,Walters,4.0,4.0,Arsenal,0,0.0,1,0.0,1,0.0,2,0.0,2,0.0
D,645,Wormleighton,4.0,4.0,Leicester,0,0.0,0,0.0,0,0.0,0,0.0,0,0.0
G,644,Goodman,4.0,4.0,Crystal Palace,0,0.0,0,0.0,0,0.0,0,0.0,0,0.0
M,643,Mainoo,4.5,4.5,Man Utd,0,0.0,0,0.0,0,0.0,0,0.0,0,0.0
D,642,Balmer,4.0,4.0,Crystal Palace,0,0.0,0,0.0,0,0.0,0,0.0,0,0.0
M,641,Godo,4.5,4.5,Fulham,0,0.0,0,0.0,0,0.0,0,0.0,0,0.0
D,640,Turns,4.0,4.0,Brighton,0,0.0,0,0.0,0,0.0,0,0.0,0,0.0
M,752,Olakigbe,4.5,4.5,Brentford,0,0.0,0,0.0,0,0.0,0,0.0,0,0.0
G,753,Wright,4.0,4.0,Aston Villa,0,0.0,0,0.0,0,0.0,0,0.0,0,0.0
D,754,Revan,4.0,4.0,Aston Villa,1,0.0,2,0.0,2,0.0,0,0.0,0,0.0
M,755,Patterson,4.5,4.5,Aston Villa,2,0.0,3,0.0,1,0.0,0,0.0,0,0.0
G,756,McGill,4.0,4.0,Brighton,0,0.0,0,0.0,0,0.0,0,0.0,0,0.0
M,639,Braybrooke,4.5,4.5,Leicester,0,0.0,0,0.0,0,0.0,0,0.0,0,0.0
D,638,Bogarde,4.0,4.0,Aston Villa,0,0.0,0,0.0,0,0.0,0,0.0,0,0.0
M,647,Payne,4.5,4.5,Southampton,0,0.0,0,0.0,0,0.0,0,0.0,0,0.0
M,648,Finnigan,4.5,4.5,Southampton,0,0.0,0,0.0,0,0.0,0,0.0,0,0.0
D,750,C.Robinson,4.0,4.0,Fulham,0,0.0,0,0.0,0,0.0,0,0.0,0,0.0
M,653,Hutchinson,4.2,4.2,Chelsea,0,0.0,0,0.0,0,0.0,0,0.0,0,0.0
G,656,Bishop,4.0,4.0,Man Utd,0,0.0,0,0.0,0,0.0,0,0.0,0,0.0
D,742,Chilokoa-Mullen,4.0,4.0,Leeds,0,0.0,0,0.0,0,0.0,0,0.0,0,0.0
D,743,Monteiro,4.0,4.0,Leeds,0,0.0,0,0.0,0,0.0,0,0.0,1,0.0
G,655,Hein,3.9,3.9,Arsenal,0,0.0,0,0.0,0,0.0,0,0.0,0,0.0
D,744,Swinkels,4.0,4.0,Aston Villa,2,0.0,2,0.0,2,0.0,0,0.0,0,0.0
M,654,Wells-Morrison,4.5,4.5,Crystal Palace,0,0.0,0,0.0,0,0.0,0,0.0,0,0.0
D,652,Furlong,4.0,4.0,Brighton,0,0.0,0,0.0,0,0.0,0,0.0,0,0.0
G,749,G.Shelvey,4.0,4.0,Nott'm Forest,0,0.0,0,0.0,0,0.0,0,0.0,0,0.0
G,745,Zych,4.0,4.0,Aston Villa,0,0.0,0,0.0,0,0.0,0,0.0,0,0.0
D,746,Casey,4.0,4.0,West Ham,0,0.0,0,0.0,0,0.0,0,0.0,0,0.0
M,650,Yarmolyuk,4.5,4.5,Brentford,0,0.0,0,0.0,0,0.0,0,0.0,0,0.0
G,747,Wickens,4.0,4.0,Fulham,0,0.0,0,0.0,0,0.0,0,0.0,0,0.0
G,649,Plain,4.0,4.0,Bournemouth,0,0.0,0,0.0,0,0.0,0,0.0,0,0.0
M,748,Mundle,4.5,4.5,Spurs,2,0.0,3,0.0,3,0.0,2,0.0,1,0.0
M,601,Rodney,4.5,4.5,Crystal Palace,0,0.0,0,0.0,0,0.0,0,0.0,0,0.0
D,386,Dräger,4.0,4.0,Nott'm Forest,0,0.0,0,0.0,0,0.0,0,0.0,0,0.0
M,599,Gomes,4.5,4.5,Man City,0,0.0,0,0.0,0,0.0,0,0.0,0,0.0
M,229,Roberts,5.0,5.0,Leeds,0,0.0,0,0.0,0,0.0,0,0.0,0,0.0
M,223,Klich,4.6,4.6,Leeds,0,0.0,0,0.0,0,0.0,0,0.0,0,0.0
F,219,Stansfield,4.5,4.5,Fulham,0,0.0,0,0.0,0,0.0,0,0.0,0,0.0
F,218,Muniz,5.4,5.4,Fulham,0,0.0,0,0.0,0,0.0,0,0.0,0,0.0
M,216,Onomah,4.3,4.3,Fulham,0,0.0,0,0.0,0,0.0,0,0.0,0,0.0
M,214,Cavaleiro,4.8,4.8,Fulham,0,0.0,0,0.0,0,0.0,0,0.0,0,0.0
D,208,Kongolo,3.9,3.9,Fulham,0,0.0,0,0.0,0,0.0,0,0.0,0,0.0
G,207,Gazzaniga,4.0,4.0,Fulham,0,0.0,0,0.0,0,0.0,0,0.0,0,0.0
D,206,Bryan,4.4,4.4,Fulham,0,0.0,0,0.0,0,0.0,0,0.0,0,0.0
M,203,Chalobah,4.4,4.4,Fulham,0,0.0,0,0.0,0,0.0,0,0.0,0,0.0
M,202,Knockaert,4.7,4.7,Fulham,0,0.0,0,0.0,0,0.0,0,0.0,0,0.0
D,198,Nkounkou,4.0,4.0,Everton,0,0.0,0,0.0,0,0.0,0,0.0,0,0.0
D,196,Branthwaite,4.0,4.0,Everton,0,0.0,0,0.0,0,0.0,0,0.0,0,0.0
M,187,Gbamin,4.5,4.5,Everton,0,0.0,0,0.0,0,0.0,0,0.0,0,0.0
M,184,André Gomes,4.5,4.5,Everton,0,0.0,0,0.0,0,0.0,0,0.0,0,0.0
M,183,Allan,4.8,4.8,Everton,0,0.0,0,0.0,0,0.0,0,0.0,0,0.0
M,181,Dele,5.3,5.3,Everton,0,0.0,0,0.0,0,0.0,0,0.0,0,0.0
F,177,Rondón,4.9,4.9,Everton,0,0.0,0,0.0,0,0.0,0,0.0,0,0.0
D,228,Llorente,4.4,4.4,Leeds,0,0.0,0,0.0,0,0.0,0,0.0,0,0.0
M,232,Raphinha,7.0,7.0,Leeds,0,0.0,0,0.0,0,0.0,0,0.0,0,0.0
M,172,Rak-Sakyi,4.5,4.5,Crystal Palace,0,0.0,0,0.0,0,0.0,0,0.0,0,0.0
M,234,Shackleton,4.5,4.5,Leeds,0,0.0,0,0.0,0,0.0,0,0.0,0,0.0
D,334,Telles,5.0,5.0,Man Utd,0,0.0,0,0.0,0,0.0,0,0.0,0,0.0
F,326,Ronaldo,10.2,10.2,Man Utd,0,0.0,0,0.0,0,0.0,0,0.0,0,0.0
F,323,Delap,4.4,4.4,Man City,0,0.0,0,0.0,0,0.0,0,0.0,0,0.0
D,322,Wilson-Esbrand,3.8,3.8,Man City,0,0.0,0,0.0,0,0.0,0,0.0,0,0.0
D,320,Mbete,3.9,3.9,Man City,0,0.0,0,0.0,0,0.0,0,0.0,0,0.0
M,317,McAtee,4.5,4.5,Man City,0,0.0,0,0.0,0,0.0,0,0.0,0,0.0
G,310,Steffen,4.0,4.0,Man City,0,0.0,0,0.0,0,0.0,0,0.0,0,0.0
D,306,Cancelo,7.1,7.1,Man City,0,0.0,0,0.0,0,0.0,0,0.0,0,0.0
D,298,Ramsay,3.9,3.9,Liverpool,0,0.0,0,0.0,0,0.0,0,0.0,0,0.0
M,263,Choudhury,4.5,4.5,Leicester,0,0.0,0,0.0,0,0.0,0,0.0,0,0.0
M,260,Pérez,4.7,4.7,Leicester,0,0.0,0,0.0,0,0.0,0,0.0,0,0.0
M,251,Albrighton,4.7,4.7,Leicester,0,0.0,0,0.0,0,0.0,0,0.0,0,0.0
G,248,Schmeichel,5.0,5.0,Leicester,0,0.0,0,0.0,0,0.0,0,0.0,0,0.0
M,247,Gyabi,4.2,4.2,Leeds,0,0.0,0,0.0,0,0.0,0,0.0,0,0.0
D,243,Hjelde,3.9,3.9,Leeds,0,0.0,0,0.0,0,0.0,0,0.0,0,0.0
F,242,Gelhardt,5.1,5.1,Leeds,0,0.0,0,0.0,0,0.0,0,0.0,0,0.0
M,241,Bate,4.5,4.5,Leeds,0,0.0,0,0.0,0,0.0,0,0.0,0,0.0
M,173,Ebiowei,4.2,4.2,Crystal Palace,0,0.0,0,0.0,0,0.0,0,0.0,0,0.0
F,155,Benteke,5.5,5.5,Crystal Palace,0,0.0,0,0.0,0,0.0,0,0.0,0,0.0
D,351,Fernández,4.4,4.4,Newcastle,0,0.0,0,0.0,0,0.0,0,0.0,0,0.0
M,74,Dembélé,4.7,4.7,Bournemouth,0,0.0,0,0.0,0,0.0,0,0.0,0,0.0
M,63,Marcondes,4.7,4.7,Bournemouth,0,0.0,0,0.0,0,0.0,0,0.0,0,0.0
M,61,Lowe,5.2,5.2,Bournemouth,0,0.0,0,0.0,0,0.0,0,0.0,0,0.0
D,56,Guilbert,3.9,3.9,Aston Villa,0,0.0,0,0.0,0,0.0,0,0.0,0,0.0
M,55,Philogene-Bidace,4.5,4.5,Aston Villa,0,0.0,0,0.0,0,0.0,0,0.0,0,0.0
F,54,Archer,4.2,4.2,Aston Villa,0,0.0,0,0.0,0,0.0,0,0.0,0,0.0
F,52,Davis,5.4,5.4,Aston Villa,0,0.0,0,0.0,0,0.0,0,0.0,0,0.0
M,51,El Ghazi,4.8,4.8,Aston Villa,0,0.0,0,0.0,0,0.0,0,0.0,0,0.0
M,49,Iroegbunam,4.5,4.5,Aston Villa,0,0.0,0,0.0,0,0.0,0,0.0,0,0.0
M,41,Nakamba,4.3,4.3,Aston Villa,0,0.0,0,0.0,0,0.0,0,0.0,0,0.0
D,38,Hause,4.4,4.4,Aston Villa,0,0.0,0,0.0,0,0.0,0,0.0,0,0.0
M,36,Sanson,4.3,4.3,Aston Villa,0,0.0,0,0.0,0,0.0,0,0.0,0,0.0
M,27,Marquinhos,4.6,4.6,Arsenal,0,0.0,0,0.0,0,0.0,0,0.0,0,0.0
G,24,Turner,3.8,3.8,Arsenal,1,0.0,2,0.0,4,0.0,4,0.0,4,0.0
M,22,Torreira,4.5,4.5,Arsenal,0,0.0,0,0.0,0,0.0,0,0.0,0,0.0
D,20,Pablo Marí,4.5,4.5,Arsenal,0,0.0,0,0.0,0,0.0,0,0.0,0,0.0
D,17,Tavares,4.5,4.5,Arsenal,0,0.0,0,0.0,0,0.0,0,0.0,0,0.0
M,9,Pépé,5.3,5.3,Arsenal,0,0.0,0,0.0,0,0.0,0,0.0,0,0.0
M,68,Pearson,4.4,4.4,Bournemouth,0,0.0,0,0.0,0,0.0,0,0.0,0,0.0
G,77,Dennis,3.9,3.9,Bournemouth,0,0.0,0,0.0,0,0.0,0,0.0,0,0.0
D,151,Ampadu,4.4,4.4,Chelsea,0,0.0,0,0.0,0,0.0,0,0.0,0,0.0
D,82,Canós,5.0,5.0,Brentford,0,0.0,0,0.0,0,0.0,0,0.0,0,0.0
M,144,Hudson-Odoi,5.3,5.3,Chelsea,0,0.0,0,0.0,0,0.0,0,0.0,0,0.0
D,143,Sarr,5.0,5.0,Chelsea,0,0.0,0,0.0,0,0.0,0,0.0,0,0.0
D,138,Kenedy,3.9,3.9,Chelsea,0,0.0,0,0.0,0,0.0,0,0.0,0,0.0
F,137,Werner,7.9,7.9,Chelsea,0,0.0,0,0.0,0,0.0,0,0.0,0,0.0
M,131,Barkley,4.9,4.9,Chelsea,0,0.0,0,0.0,0,0.0,0,0.0,0,0.0
D,129,Alonso,5.3,5.3,Chelsea,0,0.0,0,0.0,0,0.0,0,0.0,0,0.0
M,126,Kozłowski,4.5,4.5,Brighton,0,0.0,0,0.0,0,0.0,0,0.0,0,0.0
D,122,Roberts,4.0,4.0,Brighton,0,0.0,0,0.0,0,0.0,0,0.0,0,0.0
M,121,Richards,4.5,4.5,Brighton,0,0.0,0,0.0,0,0.0,0,0.0,0,0.0
M,118,Mwepu,5.3,5.3,Brighton,0,0.0,0,0.0,0,0.0,0,0.0,0,0.0
M,115,Alzate,4.4,4.4,Brighton,0,0.0,0,0.0,0,0.0,0,0.0,0,0.0
G,100,Balcombe,4.0,4.0,Brentford,0,0.0,0,0.0,0,0.0,0,0.0,0,0.0
M,99,Bidstrup,4.5,4.5,Brentford,0,0.0,0,0.0,0,0.0,0,0.0,0,0.0
D,98,Thompson,4.0,4.0,Brentford,0,0.0,0,0.0,0,0.0,0,0.0,0,0.0
F,97,Forss,4.5,4.5,Brentford,0,0.0,0,0.0,0,0.0,0,0.0,0,0.0
D,96,Goode,3.9,3.9,Brentford,0,0.0,0,0.0,0,0.0,0,0.0,0,0.0
D,91,Bech,4.5,4.5,Brentford,0,0.0,0,0.0,0,0.0,0,0.0,0,0.0
D,598,Bevan,4.0,4.0,Bournemouth,0,0.0,0,0.0,0,0.0,0,0.0,0,0.0
D,339,Bailly,4.0,4.0,Man Utd,0,0.0,0,0.0,0,0.0,0,0.0,0,0.0
D,352,Clark,4.5,4.5,Newcastle,0,0.0,0,0.0,0,0.0,0,0.0,0,0.0
M,551,Iqbal,4.2,4.2,Man Utd,0,0.0,0,0.0,0,0.0,0,0.0,0,0.0
G,548,Iversen,3.8,3.8,Leicester,89,0.0,88,0.0,87,0.0,86,0.0,86,0.0
D,547,Drameh,4.0,4.0,Leeds,0,0.0,0,0.0,0,0.0,0,0.0,0,0.0
M,546,Harris,4.3,4.3,Fulham,0,0.0,0,0.0,0,0.0,0,0.0,0,0.0
D,543,Clarke,4.0,4.0,Brighton,0,0.0,0,0.0,0,0.0,0,0.0,0,0.0
G,542,Scherpen,4.0,4.0,Brighton,0,0.0,0,0.0,0,0.0,0,0.0,0,0.0
F,541,Dervişoğlu,4.5,4.5,Brentford,0,0.0,0,0.0,0,0.0,0,0.0,0,0.0
D,540,Stevens,4.0,4.0,Brentford,0,0.0,0,0.0,0,0.0,0,0.0,0,0.0
D,539,Hill,4.4,4.4,Bournemouth,0,0.0,0,0.0,0,0.0,0,0.0,0,0.0
D,537,Kesler Hayden,4.0,4.0,Aston Villa,0,0.0,0,0.0,0,0.0,0,0.0,0,0.0
D,532,Mbabu,4.3,4.3,Fulham,0,0.0,0,0.0,0,0.0,0,0.0,0,0.0
D,525,Augustinsson,4.3,4.3,Aston Villa,0,0.0,0,0.0,0,0.0,0,0.0,0,0.0
M,524,O'Brien,4.7,4.7,Nott'm Forest,0,0.0,0,0.0,0,0.0,0,0.0,0,0.0
D,522,Spence,4.1,4.1,Spurs,0,0.0,0,0.0,0,0.0,0,0.0,0,0.0
M,521,Francois,4.4,4.4,Fulham,0,0.0,0,0.0,0,0.0,0,0.0,0,0.0
D,500,Van den Berg,4.0,4.0,Liverpool,0,0.0,0,0.0,0,0.0,0,0.0,0,0.0
D,499,Davies,4.0,4.0,Liverpool,0,0.0,0,0.0,0,0.0,0,0.0,0,0.0
G,353,Darlow,3.9,3.9,Newcastle,0,0.0,0,0.0,0,0.0,0,0.0,0,0.0
M,550,Amad,4.4,4.4,Man Utd,0,0.0,0,0.0,0,0.0,0,0.0,0,0.0
M,553,Hammond,4.3,4.3,Nott'm Forest,0,0.0,0,0.0,0,0.0,0,0.0,0,0.0
G,495,Matthews,4.0,4.0,Crystal Palace,0,0.0,0,0.0,0,0.0,0,0.0,0,0.0
M,554,Bryan,5.0,5.0,Spurs,0,0.0,0,0.0,0,0.0,0,0.0,0,0.0
F,597,Saydee,4.5,4.5,Bournemouth,0,0.0,0,0.0,0,0.0,0,0.0,0,0.0
G,592,H.Davies,4.0,4.0,Liverpool,0,0.0,0,0.0,0,0.0,0,0.0,0,0.0
F,591,Ablade,4.5,4.5,Fulham,0,0.0,0,0.0,0,0.0,0,0.0,0,0.0
G,590,Whitworth,4.0,4.0,Crystal Palace,0,0.0,0,0.0,0,0.0,0,0.0,0,0.0
G,581,Smithies,3.9,3.9,Leicester,0,0.0,0,0.0,0,0.0,0,0.0,0,0.0
M,579,Guedes,5.8,5.8,Wolves,0,0.0,0,0.0,0,0.0,0,0.0,0,0.0
M,572,Oko-Flex,4.4,4.4,West Ham,0,0.0,0,0.0,0,0.0,0,0.0,0,0.0
M,568,Campbell,4.4,4.4,Wolves,0,0.0,0,0.0,0,0.0,0,0.0,0,0.0
M,567,Ronan,4.4,4.4,Wolves,0,0.0,0,0.0,0,0.0,0,0.0,0,0.0
M,566,Hodge,4.3,4.3,Wolves,0,0.0,0,0.0,0,0.0,0,0.0,0,0.0
M,565,Gray,4.5,4.5,Leeds,0,0.0,0,0.0,0,0.0,0,0.0,0,0.0
D,563,Chambers,4.0,4.0,Liverpool,0,0.0,0,0.0,0,0.0,0,0.0,0,0.0
M,561,Warrington,4.4,4.4,Everton,0,0.0,0,0.0,0,0.0,0,0.0,0,0.0
M,560,Mills,4.3,4.3,Everton,0,0.0,0,0.0,0,0.0,1,0.0,1,0.0
D,558,Bueno,3.8,3.8,Wolves,44,0.0,45,0.0,41,0.0,37,0.0,36,0.0
G,557,Smith,3.9,3.9,Wolves,0,0.0,0,0.0,0,0.0,0,0.0,0,0.0
M,556,Coventry,4.4,4.4,West Ham,0,0.0,0,0.0,0,0.0,0,0.0,0,0.0
F,496,Plange,4.5,4.5,Crystal Palace,0,0.0,0,0.0,0,0.0,0,0.0,0,0.0
D,498,R.Williams,4.0,4.0,Liverpool,0,0.0,0,0.0,0,0.0,0,0.0,0,0.0
D,494,Mosquera,3.9,3.9,Wolves,0,0.0,0,0.0,0,0.0,0,0.0,0,0.0
G,421,Lis,4.0,4.0,Southampton,0,0.0,0,0.0,0,0.0,0,0.0,0,0.0
G,492,Šarkić,3.9,3.9,Wolves,0,0.0,0,0.0,0,0.0,0,0.0,0,0.0
M,412,Tella,5.0,5.0,Southampton,0,0.0,0,0.0,0,0.0,0,0.0,0,0.0
M,403,Redmond,5.3,5.3,Southampton,0,0.0,0,0.0,0,0.0,0,0.0,0,0.0
M,402,Romeu,4.8,4.8,Southampton,0,0.0,0,0.0,0,0.0,0,0.0,0,0.0
M,396,Ojeda,4.5,4.5,Nott'm Forest,0,0.0,0,0.0,0,0.0,0,0.0,0,0.0
M,395,Mighten,4.9,4.9,Nott'm Forest,0,0.0,0,0.0,0,0.0,0,0.0,0,0.0
D,393,Mbe Soh,4.2,4.2,Nott'm Forest,0,0.0,0,0.0,0,0.0,0,0.0,0,0.0
D,392,Laryea,4.5,4.5,Nott'm Forest,0,0.0,0,0.0,0,0.0,0,0.0,0,0.0
M,390,Xande Silva,5.0,5.0,Nott'm Forest,0,0.0,0,0.0,0,0.0,0,0.0,0,0.0
D,389,Panzo,4.0,4.0,Nott'm Forest,0,0.0,0,0.0,0,0.0,0,0.0,0,0.0
M,384,Lolley,4.9,4.9,Nott'm Forest,0,0.0,0,0.0,0,0.0,0,0.0,0,0.0
G,382,Samba,4.5,4.5,Nott'm Forest,0,0.0,0,0.0,0,0.0,0,0.0,0,0.0
F,380,Lyle Taylor,4.1,4.1,Nott'm Forest,0,0.0,0,0.0,0,0.0,0,0.0,0,0.0
M,375,Hendrick,4.5,4.5,Newcastle,0,0.0,0,0.0,0,0.0,0,0.0,0,0.0
F,361,Gayle,4.5,4.5,Newcastle,0,0.0,0,0.0,0,0.0,0,0.0,0,0.0
M,415,Smallbone,4.5,4.5,Southampton,0,0.0,0,0.0,0,0.0,0,0.0,0,0.0
D,414,Valery,4.0,4.0,Southampton,0,0.0,0,0.0,0,0.0,0,0.0,0,0.0
D,429,Doherty,4.6,4.6,Spurs,0,0.0,0,0.0,0,0.0,0,0.0,0,0.0
G,451,Austin,3.9,3.9,Spurs,3,0.0,2,0.0,1,0.0,1,0.0,0,0.0
F,488,Fabio Silva,5.5,5.5,Wolves,0,0.0,0,0.0,0,0.0,0,0.0,0,0.0
M,485,Cundle,4.4,4.4,Wolves,0,0.0,0,0.0,0,0.0,0,0.0,0,0.0
M,466,Vlasic,5.0,5.0,West Ham,0,0.0,0,0.0,0,0.0,0,0.0,0,0.0
D,462,Masuaku,4.5,4.5,West Ham,0,0.0,0,0.0,0,0.0,0,0.0,0,0.0
F,453,Parrott,4.5,4.5,Spurs,0,0.0,0,0.0,0,0.0,0,0.0,0,0.0
M,452,Devine,4.3,4.3,Spurs,0,0.0,0,0.0,0,0.0,0,0.0,0,0.0
M,434,Winks,4.4,4.4,Spurs,0,0.0,0,0.0,0,0.0,0,0.0,0,0.0
G,10359,Louie Moulden,99.9,99.9,Wolves,0,0.0,1,0.0,2,0.0,3,0.0,2,0.0
M,449,White,4.4,4.4,Spurs,0,0.0,0,0.0,0,0.0,0,0.0,0,0.0
F,447,Scarlett,4.5,4.5,Spurs,0,0.0,0,0.0,0,0.0,0,0.0,0,0.0
D,442,Rodon,4.0,4.0,Spurs,0,0.0,0,0.0,0,0.0,0,0.0,0,0.0
D,438,Reguilón,4.2,4.2,Spurs,0,0.0,0,0.0,0,0.0,0,0.0,0,0.0
M,437,Bergwijn,5.5,5.5,Spurs,0,0.0,0,0.0,0,0.0,0,0.0,0,0.0
D,273,Brunt,3.9,3.9,Leicester,0,0.039,0,0.015,0,-0.024,0,-0.033,0,0.001
M,378,Arter,4.1,4.1,Nott'm Forest,0,-0.017,0,0.032,0,-0.02,0,-0.022,0,0.0
D,531,Vinagre,4.3,4.3,Everton,0,-0.005,0,-0.037,0,-0.035,0,0.011,0,0.038
D,664,Lembikisa,4.0,4.0,Wolves,0,-0.037,0,-0.018,0,-0.031,0,0.032,0,-0.037
D,14,Tomiyasu,4.2,4.2,Arsenal,0,-0.036,0,-0.055,0,-0.046,0,0.026,0,0.002
D,59,Fredericks,4.4,4.4,Bournemouth,0,0.006,0,-0.055,0,-0.038,0,-0.059,0,-0.002
M,678,Price,4.5,4.5,Everton,0,-0.077,0,-0.085,0,-0.091,0,-0.073,0,-0.057
D,385,McKenna,4.4,4.4,Nott'm Forest,0,-0.138,0,-0.085,0,-0.142,0,-0.148,0,-0.119
M,440,Bentancur,5.3,5.3,Spurs,0,-0.238,0,-0.186,0,-0.203,0,-0.196,0,-0.138
D,533,Martínez,4.4,4.4,Man Utd,0,-0.384,0,-0.169,0,-0.141,0,-0.293,0,-0.133
