,Pos,ID,Name,BV,SV,Team,22_xMins,22_Pts,23_xMins,23_Pts,24_xMins,24_Pts,25_xMins,25_Pts,26_xMins,26_Pts,27_xMins,27_Pts,28_xMins,28_Pts,29_xMins,29_Pts,30_xMins,30_Pts,31_xMins,31_Pts,21_xMins,21_Pts
0,M,349.0,De Bruyne,104,104,Man City,57.0,4.643,65.0,4.676,70.0,6.09,70.0,11.637,70.0,5.865,70.0,6.087,70.0,5.368,70.0,1.723,70.0,5.583,70.0,5.64,,
1,F,355.0,Haaland,139,139,Man City,30.0,3.47,96.0,5.73,96.0,6.149,96.0,11.499,96.0,6.015,96.0,6.164,96.0,4.862,96.0,1.723,96.0,5.132,96.0,5.382,,
2,M,308.0,Salah,131,131,Liverpool,4.3,0.699,30.1,2.814,61.92,5.123,85.0,12.728,85.0,0.975,85.0,7.205,85.0,5.719,85.0,1.426,85.0,6.813,85.0,8.92,,
3,M,19.0,Saka,91,91,Arsenal,85.0,5.448,85.0,4.555,85.0,5.252,85.0,5.655,85.0,5.117,85.0,5.821,85.0,5.196,85.0,3.02,85.0,4.131,85.0,6.13,,
4,M,362.0,Palmer,58,58,Chelsea,82.0,4.81,82.0,6.139,82.0,5.749,82.0,4.61,82.0,1.726,82.0,5.424,82.0,5.676,82.0,2.852,82.0,6.468,82.0,5.897,,
5,M,43.0,Douglas Luiz,56,56,Aston Villa,85.0,4.763,85.0,5.644,85.0,5.138,85.0,5.052,85.0,5.54,85.0,5.576,85.0,5.011,85.0,2.597,85.0,5.289,85.0,4.179,,
6,M,353.0,Foden,80,80,Man City,75.0,5.608,72.0,4.532,68.0,4.71,70.0,9.241,70.0,4.766,70.0,4.891,70.0,4.283,70.0,1.387,70.0,4.388,70.0,4.458,,
7,F,117.0,Toney,79,79,Brentford,80.0,4.621,80.0,4.037,80.0,4.688,80.0,8.09,80.0,4.597,80.0,4.5,80.0,4.022,80.0,4.41,80.0,4.717,80.0,4.498,,
8,M,14.0,Ødegaard,85,85,Arsenal,85.0,5.069,85.0,4.329,85.0,4.86,85.0,5.189,85.0,4.624,85.0,5.307,85.0,4.741,85.0,2.752,85.0,4.001,85.0,5.536,,
9,M,689.0,Kudus,68,68,West Ham,80.0,,80.0,,80.0,,80.0,5.323,80.0,4.658,80.0,4.842,80.0,5.519,80.0,2.248,80.0,4.443,80.0,4.838,,
10,M,557.0,Hwang,56,56,Wolves,80.0,,80.0,,80.0,,80.0,4.519,80.0,6.246,80.0,4.246,80.0,4.913,80.0,2.429,80.0,4.139,80.0,4.992,,
11,M,526.0,Bowen,81,81,West Ham,55.0,3.008,65.0,3.794,80.0,4.423,80.0,5.402,80.0,4.966,80.0,5.158,80.0,5.821,80.0,2.443,80.0,4.673,80.0,5.151,,
12,D,290.0,Alexander-Arnold,85,85,Liverpool,45.0,2.021,60.0,2.693,80.0,6.731,80.0,9.678,80.0,0.779,80.0,5.553,80.0,3.852,80.0,1.087,80.0,5.281,80.0,7.141,,
13,M,516.0,Son,97,97,Spurs,0.84,0.504,26.04,2.153,62.16,3.748,84.0,6.634,84.0,1.724,84.0,6.491,84.0,5.536,84.0,3.576,84.0,8.22,84.0,6.162,,
14,D,131.0,Estupiñán,51,51,Brighton,74.0,5.262,74.0,5.183,74.0,4.53,74.0,5.285,74.0,5.065,74.0,4.757,74.0,5.604,74.0,1.043,74.0,3.611,74.0,4.227,,
15,M,226.0,Eze,60,60,Crystal Palace,85.0,5.141,85.0,4.256,85.0,4.333,85.0,4.539,85.0,5.037,85.0,4.473,85.0,5.099,85.0,2.292,85.0,4.715,85.0,4.494,,
16,D,430.0,Trippier,67,67,Newcastle,85.0,3.562,85.0,5.924,85.0,4.754,85.0,5.037,85.0,3.259,85.0,5.154,85.0,3.715,85.0,2.386,85.0,4.851,85.0,4.849,,
17,F,60.0,Watkins,89,89,Aston Villa,89.0,4.083,89.0,5.412,89.0,4.397,89.0,4.488,89.0,4.643,89.0,5.353,89.0,4.316,89.0,2.267,89.0,4.563,89.0,3.762,,
18,M,134.0,Groß,65,65,Brighton,78.0,4.954,78.0,4.822,78.0,4.448,78.0,5.004,78.0,4.726,78.0,4.653,78.0,5.002,78.0,1.235,78.0,4.076,78.0,4.347,,
19,M,344.0,Bernardo,65,65,Man City,70.0,4.691,70.0,4.019,70.0,4.399,70.0,8.268,70.0,4.282,70.0,4.39,70.0,3.828,70.0,1.242,70.0,3.915,70.0,3.984,,
20,D,405.0,Botman,45,45,Newcastle,85.0,3.528,85.0,5.815,85.0,4.667,85.0,4.946,85.0,3.275,85.0,5.081,85.0,3.654,85.0,2.352,85.0,4.744,85.0,4.748,,
21,F,85.0,Solanke,71,71,Bournemouth,90.0,4.19,90.0,4.504,90.0,4.27,90.0,4.37,90.0,4.208,90.0,4.466,90.0,5.249,90.0,2.165,90.0,4.278,90.0,4.398,,
22,D,369.0,Walker,54,54,Man City,77.0,5.286,77.0,3.48,77.0,4.624,77.0,7.981,77.0,4.032,77.0,4.415,77.0,2.945,77.0,1.027,77.0,3.486,77.0,3.593,,
23,M,365.0,Rodri,56,56,Man City,85.0,4.617,85.0,3.803,85.0,4.264,85.0,7.856,85.0,4.134,85.0,4.216,85.0,3.419,85.0,1.183,85.0,3.563,85.0,3.753,,
24,F,468.0,Wood,49,49,Nott'm Forest,70.0,3.839,70.0,4.196,70.0,4.035,70.0,4.193,70.0,3.87,70.0,3.908,70.0,3.989,70.0,3.911,70.0,4.314,70.0,4.312,,
25,F,558.0,Jiménez,52,52,Fulham,80.0,4.27,80.0,4.369,80.0,4.311,80.0,3.984,80.0,3.811,80.0,4.158,80.0,4.341,80.0,2.371,80.0,4.391,80.0,4.322,,
26,M,509.0,Richarlison,69,69,Spurs,73.0,4.667,73.0,4.63,73.0,4.237,73.0,4.505,73.0,1.2,73.0,4.488,73.0,3.865,73.0,2.497,73.0,5.448,73.0,4.292,,
27,M,412.0,Gordon,61,61,Newcastle,80.0,3.711,80.0,4.653,80.0,4.365,80.0,4.347,80.0,3.502,80.0,4.416,80.0,3.806,80.0,2.243,80.0,4.328,80.0,4.276,,
28,D,313.0,Van Dijk,63,63,Liverpool,85.0,4.084,85.0,3.192,85.0,5.585,85.0,7.825,85.0,0.646,85.0,4.48,85.0,2.818,85.0,0.865,85.0,4.189,85.0,5.95,,
29,M,373.0,Fernandes,82,82,Man Utd,88.0,4.341,88.0,4.384,88.0,3.826,88.0,4.854,88.0,4.135,88.0,3.567,88.0,4.519,88.0,2.008,88.0,3.979,88.0,3.869,,
30,M,106.0,Jensen,54,54,Brentford,75.0,3.66,75.0,3.309,75.0,3.877,75.0,6.726,75.0,3.785,75.0,3.578,75.0,3.398,75.0,3.533,75.0,3.879,75.0,3.672,,
31,G,352.0,Ederson,55,55,Man City,89.0,4.976,89.0,3.394,89.0,4.367,89.0,7.674,89.0,3.814,89.0,4.117,89.0,3.017,89.0,0.998,89.0,3.423,89.0,3.469,,
32,M,86.0,Tavernier,54,54,Bournemouth,80.0,3.973,80.0,4.298,80.0,4.008,80.0,4.045,80.0,3.8,80.0,4.204,80.0,4.437,80.0,2.015,80.0,4.058,80.0,4.148,,
33,F,135.0,João Pedro,55,55,Brighton,72.0,4.597,72.0,4.241,72.0,3.912,72.0,4.644,72.0,4.159,72.0,4.063,72.0,4.333,72.0,1.154,72.0,3.751,72.0,3.888,,
34,M,34.0,Bailey,57,57,Aston Villa,65.0,3.569,65.0,5.09,65.0,3.814,65.0,3.894,65.0,4.279,65.0,5.055,65.0,3.835,65.0,1.959,65.0,4.056,65.0,3.18,,
35,M,303.0,Luis Díaz,74,74,Liverpool,70.0,4.158,70.0,3.853,70.0,4.675,70.0,7.424,70.0,0.528,70.0,4.431,70.0,3.75,70.0,0.899,70.0,4.171,70.0,4.82,,
36,G,291.0,Alisson,57,57,Liverpool,90.0,3.972,90.0,3.318,90.0,5.269,90.0,7.578,90.0,0.616,90.0,4.261,90.0,3.034,90.0,0.838,90.0,4.094,90.0,5.662,,
37,M,382.0,Garnacho,48,48,Man Utd,75.0,4.285,75.0,4.339,75.0,3.848,75.0,4.527,75.0,3.945,75.0,3.518,75.0,4.341,75.0,1.787,75.0,4.038,75.0,4.006,,
38,M,567.0,Neto,56,56,Wolves,80.0,4.177,80.0,3.714,80.0,3.936,80.0,3.919,80.0,4.625,80.0,3.709,80.0,4.285,80.0,2.098,80.0,3.598,80.0,4.354,,
39,M,12.0,Martinelli,77,77,Arsenal,70.0,4.166,70.0,3.61,70.0,4.003,70.0,4.225,70.0,3.867,70.0,4.344,70.0,3.921,70.0,2.32,70.0,3.376,70.0,4.52,,
40,F,13.0,Nketiah,53,53,Arsenal,75.0,4.075,75.0,3.483,75.0,3.896,75.0,4.13,75.0,3.733,75.0,4.804,75.0,3.764,75.0,2.238,75.0,3.374,75.0,4.78,,
41,F,590.0,Cunha,58,58,Wolves,78.0,4.107,78.0,3.755,78.0,3.89,78.0,3.911,78.0,4.369,78.0,3.74,78.0,4.194,78.0,2.053,78.0,3.681,78.0,4.31,,
42,G,49.0,Martínez,52,52,Aston Villa,89.0,3.648,89.0,4.292,89.0,4.146,89.0,3.889,89.0,4.604,89.0,4.242,89.0,3.991,89.0,1.972,89.0,4.453,89.0,2.739,,
43,G,77.0,Neto,46,46,Bournemouth,90.0,3.68,90.0,4.375,90.0,3.745,90.0,3.665,90.0,3.369,90.0,3.978,90.0,4.747,90.0,1.911,90.0,4.025,90.0,4.123,,
44,G,409.0,Dubravka,42,42,Newcastle,89.0,3.224,89.0,5.013,89.0,3.961,89.0,4.281,89.0,3.082,89.0,4.309,89.0,3.367,89.0,2.009,89.0,4.086,89.0,4.1,,
45,F,119.0,Wissa,57,57,Brentford,0.0,0.0,0.0,0.0,0.0,0.0,70.0,6.467,70.0,3.579,70.0,3.388,70.0,3.247,70.0,3.331,70.0,3.607,70.0,3.437,0.0,0.0
46,D,29.0,White,56,56,Arsenal,80.0,4.103,80.0,3.076,80.0,3.816,80.0,4.228,80.0,3.66,80.0,4.502,80.0,4.002,80.0,2.196,80.0,2.238,80.0,5.424,,
47,M,294.0,Diogo Jota,78,78,Liverpool,65.0,3.734,65.0,3.447,65.0,4.501,65.0,7.415,65.0,0.585,65.0,4.319,65.0,3.234,65.0,0.824,65.0,3.769,65.0,5.335,,
48,F,314.0,Adebayo,48,48,Luton,73.0,3.732,73.0,3.657,73.0,4.72,73.0,6.605,73.0,0.765,73.0,3.51,73.0,3.884,73.0,2.984,73.0,3.796,73.0,3.443,,
49,D,5.0,Gabriel,50,50,Arsenal,85.0,4.028,85.0,3.088,85.0,3.736,85.0,4.145,85.0,3.708,85.0,4.42,85.0,4.008,85.0,2.223,85.0,2.272,85.0,5.351,,
50,G,524.0,Areola,42,42,West Ham,89.0,4.235,89.0,3.764,89.0,3.343,89.0,4.054,89.0,3.891,89.0,3.832,89.0,4.708,89.0,1.861,89.0,3.298,89.0,3.947,,
51,D,506.0,Pedro Porro,58,58,Spurs,85.0,3.978,85.0,3.992,85.0,3.845,85.0,4.64,85.0,0.999,85.0,4.551,85.0,3.175,85.0,2.34,85.0,5.389,85.0,3.988,,
52,D,407.0,Burn,44,44,Newcastle,75.0,2.932,75.0,5.138,75.0,3.99,75.0,4.311,75.0,2.627,75.0,4.364,75.0,3.212,75.0,1.997,75.0,4.094,75.0,4.135,,
53,M,503.0,Lo Celso,48,48,Spurs,65.0,3.86,65.0,3.996,65.0,3.867,65.0,4.199,65.0,1.125,65.0,4.177,65.0,3.721,65.0,2.337,65.0,5.334,65.0,3.966,,
54,G,275.0,Leno,48,48,Fulham,89.0,3.959,89.0,3.936,89.0,4.005,89.0,3.454,89.0,3.246,89.0,3.654,89.0,3.784,89.0,2.161,89.0,4.159,89.0,3.918,,
55,G,113.0,Raya,49,49,Arsenal,87.0,3.851,87.0,3.19,87.0,3.595,87.0,3.947,87.0,3.583,87.0,4.203,87.0,3.852,87.0,2.16,87.0,2.681,87.0,5.078,,
56,M,501.0,Kulusevski,71,71,Spurs,78.0,3.914,78.0,3.995,78.0,3.918,78.0,4.305,78.0,1.105,78.0,4.279,78.0,3.65,78.0,2.351,78.0,4.558,78.0,4.053,,
57,D,584.0,Pau,47,47,Aston Villa,85.0,3.526,85.0,4.144,85.0,3.915,85.0,3.64,85.0,4.523,85.0,4.104,85.0,3.956,85.0,1.852,85.0,4.3,85.0,2.119,,
58,D,20.0,Saliba,56,56,Arsenal,88.0,3.937,88.0,2.968,88.0,3.651,88.0,4.058,88.0,3.558,88.0,4.334,88.0,3.898,88.0,2.133,88.0,2.141,88.0,5.263,,
59,M,396.0,Rashford,84,84,Man Utd,78.0,3.993,78.0,4.057,78.0,3.552,78.0,4.168,78.0,3.711,78.0,3.325,78.0,4.088,78.0,1.664,78.0,3.693,78.0,3.663,,
60,M,249.0,A.Doucouré,55,55,Everton,0.0,0.0,0.0,0.0,0.0,0.0,85.0,4.207,85.0,3.792,85.0,4.159,85.0,3.954,85.0,0.739,85.0,4.014,85.0,3.675,0.0,0.0
61,G,385.0,Henderson,44,44,Crystal Palace,90.0,4.45,90.0,3.165,90.0,3.454,90.0,3.529,90.0,4.242,90.0,3.434,90.0,4.464,90.0,1.822,90.0,3.66,90.0,3.546,,
62,F,343.0,Álvarez,70,70,Man City,75.0,5.261,73.0,4.07,67.0,3.386,65.0,6.247,65.0,3.283,65.0,3.301,65.0,3.02,65.0,0.978,65.0,2.995,65.0,3.062,,
63,M,50.0,McGinn,56,56,Aston Villa,83.0,3.525,83.0,3.907,83.0,3.784,83.0,3.729,83.0,3.996,83.0,3.863,83.0,3.678,83.0,1.92,83.0,3.918,83.0,3.139,,
64,M,447.0,Gibbs-White,57,57,Nott'm Forest,84.0,3.451,84.0,3.709,84.0,3.557,84.0,3.801,84.0,3.379,84.0,3.431,84.0,3.455,84.0,2.945,84.0,3.841,84.0,3.814,,
65,M,630.0,Barkley,49,49,Luton,83.0,3.556,83.0,3.42,83.0,4.099,83.0,6.337,83.0,0.724,83.0,3.47,83.0,3.721,83.0,2.998,83.0,3.639,83.0,3.191,,
66,D,96.0,Collins,45,45,Brentford,80.0,3.537,80.0,2.303,80.0,3.719,80.0,4.941,80.0,3.577,80.0,3.52,80.0,2.559,80.0,3.507,80.0,3.853,80.0,3.547,,
67,D,350.0,Dias,55,55,Man City,67.0,4.459,67.0,3.006,67.0,3.929,67.0,6.866,67.0,3.454,67.0,3.723,67.0,2.592,67.0,0.884,67.0,3.02,67.0,3.061,,
68,G,101.0,Flekken,45,45,Brentford,89.0,3.373,89.0,2.742,89.0,3.472,89.0,5.536,89.0,3.415,89.0,3.405,89.0,2.795,89.0,3.228,89.0,3.578,89.0,3.431,,
69,M,378.0,Elanga,51,51,Nott'm Forest,70.0,3.268,70.0,3.651,70.0,3.486,70.0,3.751,70.0,3.272,70.0,3.291,70.0,3.435,70.0,3.03,70.0,3.778,70.0,3.779,,
70,D,519.0,Udogie,48,48,Spurs,85.0,3.779,85.0,3.771,85.0,3.641,85.0,4.361,85.0,0.95,85.0,4.275,85.0,2.943,85.0,2.188,85.0,5.017,85.0,3.755,,
71,D,220.0,Andersen,49,49,Crystal Palace,88.0,4.598,88.0,2.841,88.0,3.119,88.0,3.291,88.0,4.343,88.0,3.151,88.0,4.537,88.0,1.654,88.0,3.638,88.0,3.337,,
72,M,542.0,Soucek,49,49,West Ham,77.0,3.766,77.0,3.564,77.0,3.351,77.0,3.722,77.0,3.569,77.0,3.61,77.0,3.906,77.0,1.798,77.0,3.383,77.0,3.652,,
73,D,342.0,Aké,50,50,Man City,63.0,4.255,63.0,2.977,63.0,3.764,63.0,6.63,63.0,3.399,63.0,3.644,63.0,2.614,63.0,0.89,63.0,2.956,63.0,3.014,,
74,D,302.0,Konaté,49,49,Liverpool,78.0,3.561,78.0,2.707,78.0,4.838,78.0,6.744,78.0,0.567,78.0,3.783,78.0,2.365,78.0,0.739,78.0,3.574,78.0,5.198,,
75,D,321.0,Doughty,45,45,Luton,78.0,3.364,78.0,2.856,78.0,5.079,78.0,5.985,78.0,0.64,78.0,3.085,78.0,3.679,78.0,3.376,78.0,3.385,78.0,2.519,,
76,D,112.0,Pinnock,46,46,Brentford,88.0,3.359,88.0,2.294,88.0,3.568,88.0,4.92,88.0,3.424,88.0,3.344,88.0,2.544,88.0,3.379,88.0,3.705,88.0,3.38,,
77,F,415.0,Isak,76,76,Newcastle,67.0,3.211,67.0,4.364,67.0,3.58,67.0,3.582,67.0,3.174,67.0,3.67,67.0,3.288,67.0,1.899,67.0,3.541,67.0,3.579,,
78,F,485.0,McBurnie,54,54,Sheffield Utd,78.0,3.745,78.0,3.453,78.0,3.793,78.0,3.562,78.0,3.754,78.0,3.343,78.0,3.631,78.0,1.392,78.0,3.802,78.0,3.262,,
79,F,293.0,Darwin,74,74,Liverpool,73.0,4.392,70.0,3.907,67.0,3.785,67.0,6.221,67.0,0.46,67.0,3.589,67.0,3.075,67.0,0.725,67.0,3.328,67.0,4.207,,
80,M,664.0,Ward-Prowse,60,60,West Ham,86.0,3.709,86.0,3.539,86.0,3.173,86.0,3.758,86.0,3.412,86.0,3.521,86.0,3.996,86.0,1.726,86.0,3.196,86.0,3.556,,
81,D,83.0,Senesi,45,45,Bournemouth,78.0,3.218,78.0,4.08,78.0,3.337,78.0,3.081,78.0,2.508,78.0,3.678,78.0,4.494,78.0,1.706,78.0,3.649,78.0,3.767,,
82,D,427.0,Schär,52,52,Newcastle,85.0,2.592,85.0,4.768,85.0,3.625,85.0,3.964,85.0,2.371,85.0,4.025,85.0,2.785,85.0,1.798,85.0,3.731,85.0,3.779,,
83,D,298.0,Gomez,45,45,Liverpool,75.0,3.486,75.0,2.657,75.0,4.734,75.0,6.616,75.0,0.556,75.0,3.706,75.0,2.31,75.0,0.724,75.0,3.498,75.0,5.09,,
84,G,569.0,Sá,50,50,Wolves,89.0,3.621,89.0,3.025,89.0,3.485,89.0,3.302,89.0,4.433,89.0,3.001,89.0,3.753,89.0,1.886,89.0,2.927,89.0,3.604,,
85,M,661.0,Harrison,55,55,Everton,76.0,3.693,76.0,3.72,76.0,3.142,76.0,3.812,76.0,3.413,76.0,3.764,76.0,3.57,76.0,0.704,76.0,3.67,76.0,3.374,,
86,G,520.0,Vicario,53,53,Spurs,89.0,3.636,89.0,3.553,89.0,3.516,89.0,4.019,89.0,0.932,89.0,3.946,89.0,3.058,89.0,2.055,89.0,4.544,89.0,3.545,,
87,F,168.0,Foster,48,48,Burnley,75.0,3.04,75.0,3.477,75.0,3.102,75.0,3.136,75.0,3.447,75.0,3.429,75.0,3.434,75.0,2.884,75.0,3.21,75.0,3.493,,
88,M,635.0,Miley,45,45,Newcastle,70.0,3.076,70.0,3.863,70.0,3.533,70.0,3.524,70.0,3.026,70.0,3.538,70.0,3.187,70.0,1.804,70.0,3.472,70.0,3.476,,
89,D,129.0,Dunk,50,50,Brighton,80.0,3.859,80.0,3.829,80.0,3.308,80.0,3.891,80.0,3.789,80.0,3.402,80.0,4.267,80.0,0.701,80.0,2.435,80.0,3.001,,
90,M,221.0,J.Ayew,54,54,Crystal Palace,75.0,3.796,75.0,3.109,75.0,3.185,75.0,3.274,75.0,3.619,75.0,3.262,75.0,3.78,75.0,1.688,75.0,3.44,75.0,3.299,,
91,G,482.0,Foderingham,45,45,Sheffield Utd,89.0,3.499,89.0,3.266,89.0,3.954,89.0,3.435,89.0,3.58,89.0,3.148,89.0,3.484,89.0,1.282,89.0,3.951,89.0,2.846,,
92,M,402.0,Almirón,62,62,Newcastle,68.0,3.048,68.0,3.824,68.0,3.528,68.0,3.519,68.0,2.992,68.0,3.555,68.0,3.185,68.0,1.815,68.0,3.492,68.0,3.468,,
93,D,48.0,Konsa,46,46,Aston Villa,85.0,3.133,85.0,3.733,85.0,3.516,85.0,3.235,85.0,4.117,85.0,3.697,85.0,3.553,85.0,1.641,85.0,3.891,85.0,1.769,,
94,M,256.0,Iwobi,53,53,Fulham,75.0,3.426,75.0,3.54,75.0,3.452,75.0,3.116,75.0,2.971,75.0,3.257,75.0,3.38,75.0,1.932,75.0,3.667,75.0,3.489,,
95,D,511.0,Romero,49,49,Spurs,86.0,3.505,86.0,3.448,86.0,3.373,86.0,4.085,86.0,0.861,86.0,3.992,86.0,2.755,86.0,2.03,86.0,4.719,86.0,3.443,,
96,G,597.0,Onana,48,48,Man Utd,0.0,0.0,0.0,0.0,0.0,0.0,89.0,3.863,89.0,3.463,89.0,2.641,89.0,3.835,89.0,1.705,89.0,3.27,89.0,3.092,0.0,0.0
97,D,228.0,Guéhi,45,45,Crystal Palace,87.0,4.301,87.0,2.616,87.0,2.916,87.0,3.071,87.0,4.043,87.0,2.94,87.0,4.267,87.0,1.547,87.0,3.362,87.0,3.107,,
98,D,544.0,Zouma,45,45,West Ham,86.0,3.826,86.0,3.162,86.0,2.66,86.0,3.594,86.0,3.35,86.0,3.307,86.0,4.328,86.0,1.524,86.0,2.751,86.0,3.635,,
99,D,234.0,Mitchell,47,47,Crystal Palace,83.0,4.298,83.0,2.605,83.0,2.882,83.0,3.051,83.0,4.041,83.0,2.915,83.0,4.264,83.0,1.529,83.0,3.364,83.0,3.102,,
100,M,570.0,Sarabia,47,47,Wolves,65.0,3.394,65.0,3.086,65.0,3.179,65.0,3.287,65.0,3.956,65.0,3.116,65.0,3.487,65.0,1.708,65.0,3.004,65.0,3.701,,
101,D,286.0,Tosin,43,43,Fulham,80.0,3.572,80.0,3.492,80.0,3.608,80.0,2.862,80.0,2.68,80.0,3.062,80.0,3.247,80.0,1.954,80.0,3.855,80.0,3.398,,
102,D,528.0,Coufal,47,47,West Ham,77.0,3.808,77.0,3.15,77.0,2.552,77.0,3.608,77.0,3.258,77.0,3.296,77.0,4.329,77.0,1.489,77.0,2.619,77.0,3.57,,
103,G,596.0,Trafford,45,45,Burnley,89.0,2.483,89.0,3.683,89.0,2.683,89.0,2.975,89.0,3.27,89.0,3.673,89.0,3.189,89.0,2.909,89.0,2.951,89.0,3.679,,
104,D,688.0,Castagne,45,45,Fulham,82.0,3.552,82.0,3.467,82.0,3.59,82.0,2.838,82.0,2.655,82.0,3.049,82.0,3.212,82.0,1.958,82.0,3.697,82.0,3.364,,
105,G,614.0,Kaminski,45,45,Luton,90.0,3.165,90.0,2.916,90.0,4.248,90.0,5.587,90.0,0.614,90.0,3.034,90.0,3.178,90.0,2.884,90.0,3.076,90.0,2.68,,
106,D,522.0,Aguerd,45,45,West Ham,85.0,3.744,85.0,3.056,85.0,2.604,85.0,3.485,85.0,3.272,85.0,3.229,85.0,4.22,85.0,1.487,85.0,2.692,85.0,3.576,,
107,D,283.0,Robinson,44,44,Fulham,84.0,3.551,84.0,3.461,84.0,3.589,84.0,2.801,84.0,2.636,84.0,3.014,84.0,3.2,84.0,1.965,84.0,3.692,84.0,3.355,,
108,F,33.0,Archer,45,45,Sheffield Utd,78.0,3.486,78.0,3.167,78.0,3.558,78.0,3.314,78.0,3.495,78.0,3.026,78.0,3.385,78.0,1.293,78.0,3.554,78.0,2.964,,
109,G,28.0,Turner,39,39,Nott'm Forest,85.0,2.888,85.0,3.206,85.0,3.09,85.0,3.486,85.0,2.82,85.0,2.919,85.0,2.887,85.0,2.782,85.0,3.574,85.0,3.564,,
110,M,678.0,Doku,65,65,Man City,60.0,3.419,60.0,2.889,60.0,3.179,60.0,6.012,60.0,3.062,60.0,3.136,60.0,2.751,60.0,0.893,60.0,2.841,60.0,2.909,,
111,M,267.0,Andreas,53,53,Fulham,70.0,3.306,70.0,3.377,70.0,3.321,70.0,3.049,70.0,2.866,70.0,3.114,70.0,3.247,70.0,1.852,70.0,3.527,70.0,3.33,,
112,M,143.0,Mitoma,64,64,Brighton,0.0,0.0,0.0,0.0,0.0,0.0,65.0,3.625,65.0,3.298,65.0,3.347,65.0,3.566,65.0,0.862,65.0,2.901,65.0,3.062,0.0,0.0
113,F,246.0,Calvert-Lewin,58,58,Everton,70.0,3.397,70.0,3.379,70.0,3.119,70.0,3.477,70.0,3.306,70.0,3.451,70.0,3.362,70.0,0.678,70.0,3.385,70.0,3.26,,
114,D,377.0,Dalot,51,51,Man Utd,84.0,3.503,84.0,3.727,84.0,2.733,84.0,3.915,84.0,3.509,84.0,1.997,84.0,3.775,84.0,1.772,84.0,2.986,84.0,2.756,,
115,M,540.0,Rice,54,54,Arsenal,85.0,3.323,85.0,2.918,85.0,3.213,85.0,3.376,85.0,3.056,85.0,3.436,85.0,3.172,85.0,1.832,85.0,2.682,85.0,3.629,,
116,M,406.0,Bruno Guimarães,58,58,Newcastle,85.0,2.869,85.0,3.596,85.0,3.313,85.0,3.358,85.0,2.809,85.0,3.394,85.0,2.932,85.0,1.704,85.0,3.305,85.0,3.296,,
117,M,105.0,Janelt,53,53,Brentford,74.0,2.85,74.0,2.588,74.0,2.912,74.0,5.238,74.0,2.869,74.0,2.817,74.0,2.638,74.0,2.646,74.0,2.922,74.0,2.83,,
118,M,122.0,Adingra,50,50,Brighton,0.0,0.0,0.0,0.0,0.0,0.0,65.0,3.548,65.0,3.231,65.0,3.281,65.0,3.478,65.0,0.855,65.0,2.847,65.0,3.019,0.0,0.0
119,M,450.0,Johnson,58,58,Spurs,70.0,3.278,70.0,3.381,70.0,3.262,70.0,3.524,70.0,0.949,70.0,3.506,70.0,3.045,70.0,1.946,70.0,3.864,70.0,3.387,,
120,D,222.0,Clyne,44,44,Crystal Palace,78.0,4.028,78.0,2.403,78.0,2.772,78.0,2.862,78.0,3.774,78.0,2.799,78.0,4.003,78.0,1.471,78.0,3.112,78.0,2.887,,
121,G,263.0,Pickford,45,45,Everton,89.0,3.401,89.0,3.507,89.0,2.412,89.0,3.784,89.0,3.035,89.0,3.671,89.0,3.297,89.0,0.587,89.0,3.381,89.0,2.909,,
122,D,203.0,Gusto,42,42,Chelsea,70.0,2.595,70.0,4.127,70.0,3.59,70.0,2.134,70.0,1.127,70.0,3.098,70.0,3.34,70.0,1.537,70.0,4.576,70.0,3.809,,
123,D,532.0,Emerson,46,46,West Ham,78.0,3.583,78.0,2.939,78.0,2.419,78.0,3.357,78.0,3.115,78.0,3.072,78.0,4.071,78.0,1.418,78.0,2.477,78.0,3.344,,
124,M,354.0,Grealish,72,72,Man City,60.0,3.34,60.0,2.786,60.0,3.116,60.0,5.687,60.0,3.058,60.0,2.981,60.0,2.6,60.0,0.861,60.0,2.63,60.0,2.717,,
125,M,259.0,McNeil,54,54,Everton,75.0,3.308,75.0,3.355,75.0,2.807,75.0,3.43,75.0,3.102,75.0,3.399,75.0,3.248,75.0,0.638,75.0,3.29,75.0,3.07,,
126,D,260.0,Mykolenko,46,46,Everton,82.0,3.463,82.0,3.608,82.0,2.011,82.0,3.902,82.0,2.859,82.0,3.747,82.0,3.265,82.0,0.554,82.0,3.379,82.0,2.75,,
127,D,679.0,G.Montiel,44,44,Nott'm Forest,75.0,2.501,75.0,3.119,75.0,2.838,75.0,3.483,75.0,2.372,75.0,2.421,75.0,2.61,75.0,2.921,75.0,3.598,75.0,3.604,,
128,M,6.0,Havertz,71,71,Arsenal,65.0,3.169,65.0,2.779,65.0,3.035,65.0,3.213,65.0,2.952,65.0,3.307,65.0,2.996,65.0,1.767,65.0,2.611,65.0,3.462,,
129,M,216.0,Sterling,71,71,Chelsea,66.0,2.997,66.0,3.561,66.0,3.449,66.0,2.837,66.0,1.022,66.0,3.187,66.0,3.224,66.0,1.777,66.0,3.749,66.0,3.419,,
130,D,439.0,Boly,45,45,Nott'm Forest,78.0,2.549,78.0,3.045,78.0,2.894,78.0,3.43,78.0,2.394,78.0,2.458,78.0,2.578,78.0,2.806,78.0,3.515,78.0,3.524,,
131,F,617.0,Højlund,68,68,Man Utd,75.0,3.2,75.0,3.209,75.0,2.983,75.0,3.316,75.0,2.91,75.0,2.885,75.0,3.161,75.0,1.279,75.0,3.043,75.0,3.013,,
132,D,573.0,Toti,44,44,Wolves,75.0,3.137,75.0,2.415,75.0,2.968,75.0,2.783,75.0,4.097,75.0,2.412,75.0,3.338,75.0,1.668,75.0,2.257,75.0,3.167,,
133,D,551.0,Dawson,45,45,Wolves,84.0,3.173,84.0,2.347,84.0,2.973,84.0,2.731,84.0,4.164,84.0,2.344,84.0,3.391,84.0,1.685,84.0,2.196,84.0,3.201,,
134,D,496.0,Dier,42,42,Spurs,80.0,3.096,80.0,3.021,80.0,2.941,80.0,3.571,80.0,0.768,80.0,3.486,80.0,2.395,80.0,1.742,80.0,4.205,80.0,2.974,,
135,D,217.0,Thiago Silva,50,50,Chelsea,80.0,2.358,80.0,3.934,80.0,3.327,80.0,1.908,80.0,1.078,80.0,2.902,80.0,3.197,80.0,1.416,80.0,4.369,80.0,3.569,,
136,M,513.0,Sarr,45,45,Spurs,77.0,3.09,77.0,3.092,77.0,3.076,77.0,3.278,77.0,0.886,77.0,3.256,77.0,2.886,77.0,1.793,77.0,3.475,77.0,3.102,,
137,D,89.0,Zabarnyi,44,44,Bournemouth,80.0,2.623,80.0,3.447,80.0,2.705,80.0,2.56,80.0,2.015,80.0,3.025,80.0,3.846,80.0,1.388,80.0,3.11,80.0,3.133,,
138,D,401.0,Wan-Bissaka,44,44,Man Utd,70.0,3.164,70.0,3.358,70.0,2.475,70.0,3.554,70.0,3.151,70.0,1.868,70.0,3.398,70.0,1.594,70.0,2.704,70.0,2.536,,
139,M,700.0,Ansu Fati,64,64,Brighton,50.0,3.754,50.0,2.85,50.0,2.785,50.0,3.771,50.0,2.811,50.0,2.835,50.0,3.064,50.0,0.721,50.0,2.504,50.0,2.64,,
140,M,199.0,Enzo,48,48,Chelsea,70.0,2.848,70.0,3.331,70.0,3.203,70.0,2.75,70.0,0.969,70.0,3.06,70.0,3.111,70.0,1.707,70.0,3.49,70.0,3.235,,
141,D,197.0,Colwill,47,47,Chelsea,75.0,2.356,75.0,3.837,75.0,3.261,75.0,1.907,75.0,1.06,75.0,2.887,75.0,3.158,75.0,1.414,75.0,4.283,75.0,3.495,,
142,D,495.0,Davies,43,43,Spurs,70.0,3.038,70.0,2.979,70.0,2.893,70.0,3.449,70.0,0.768,70.0,3.371,70.0,2.405,70.0,1.708,70.0,4.034,70.0,2.936,,
143,M,66.0,Cook,50,50,Bournemouth,80.0,2.746,80.0,3.007,80.0,2.789,80.0,2.883,80.0,2.777,80.0,2.904,80.0,3.093,80.0,1.403,80.0,2.868,80.0,2.916,,
144,F,82.0,Semenyo,45,45,Bournemouth,65.0,2.824,65.0,2.91,65.0,2.837,65.0,2.947,65.0,2.818,65.0,2.938,65.0,3.058,65.0,1.422,65.0,2.766,65.0,2.845,,
145,D,393.0,Mengi,40,40,Luton,85.0,2.703,85.0,2.278,85.0,4.168,85.0,4.738,85.0,0.505,85.0,2.517,85.0,2.834,85.0,2.755,85.0,2.738,85.0,2.035,,
146,D,265.0,Tarkowski,45,45,Everton,86.0,3.17,86.0,3.401,86.0,1.771,86.0,3.613,86.0,2.633,86.0,3.496,86.0,2.977,86.0,0.506,86.0,3.14,86.0,2.554,,
147,M,599.0,Diaby,66,66,Aston Villa,60.0,2.702,60.0,3.104,60.0,2.83,60.0,2.848,60.0,3.047,60.0,3.087,60.0,2.835,60.0,1.476,60.0,2.937,60.0,2.379,,
148,M,701.0,Ghoddos,45,45,Brentford,65.0,2.618,65.0,2.272,65.0,2.668,65.0,4.634,65.0,2.631,65.0,2.494,65.0,2.348,65.0,2.449,65.0,2.613,65.0,2.507,,
149,D,676.0,Mavropanos,45,45,West Ham,65.0,3.176,65.0,2.755,65.0,2.297,65.0,3.085,65.0,2.805,65.0,2.799,65.0,3.61,65.0,1.298,65.0,2.376,65.0,3.016,,
150,D,121.0,Zanka,43,43,Brentford,67.0,2.711,67.0,1.837,67.0,2.829,67.0,3.972,67.0,2.721,67.0,2.67,67.0,2.067,67.0,2.683,67.0,2.917,67.0,2.678,,
151,D,316.0,Bell,39,39,Luton,85.0,2.689,85.0,2.256,85.0,4.15,85.0,4.708,85.0,0.5,85.0,2.498,85.0,2.811,85.0,2.74,85.0,2.708,85.0,2.012,,
152,F,232.0,Mateta,49,49,Crystal Palace,65.0,3.082,65.0,2.636,65.0,2.603,65.0,2.741,65.0,2.978,65.0,2.714,65.0,3.065,65.0,1.38,65.0,2.927,65.0,2.768,,
153,M,591.0,Willian,53,53,Fulham,60.0,2.85,60.0,2.963,60.0,2.858,60.0,2.584,60.0,2.498,60.0,2.635,60.0,2.85,60.0,1.566,60.0,3.117,60.0,2.961,,
154,D,395.0,Varane,49,49,Man Utd,70.0,3.009,70.0,3.249,70.0,2.416,70.0,3.391,70.0,3.02,70.0,1.809,70.0,3.319,70.0,1.532,70.0,2.639,70.0,2.475,,
155,M,107.0,Lewis-Potter,47,47,Brentford,60.0,2.538,60.0,2.26,60.0,2.569,60.0,4.608,60.0,2.555,60.0,2.47,60.0,2.315,60.0,2.28,60.0,2.556,60.0,2.489,,
156,D,563.0,Kilman,45,45,Wolves,85.0,2.947,85.0,2.185,85.0,2.766,85.0,2.569,85.0,3.941,85.0,2.182,85.0,3.164,85.0,1.58,85.0,2.015,85.0,2.972,,
157,F,211.0,N.Jackson,69,69,Chelsea,65.0,2.786,65.0,3.134,65.0,3.124,65.0,2.585,65.0,0.916,65.0,2.884,65.0,2.873,65.0,1.652,65.0,3.132,65.0,3.005,,
158,F,433.0,Wilson,78,78,Newcastle,55.0,2.332,55.0,3.716,55.0,2.789,55.0,2.728,55.0,2.32,55.0,2.784,55.0,2.383,55.0,1.366,55.0,2.64,55.0,2.728,,
159,F,535.0,Ings,56,56,West Ham,68.0,2.762,68.0,2.671,68.0,2.57,68.0,2.801,68.0,2.643,68.0,2.72,68.0,2.855,68.0,1.342,68.0,2.618,68.0,2.74,,
160,M,110.0,Nørgaard,54,54,Brentford,67.0,2.432,67.0,2.166,67.0,2.485,67.0,4.414,67.0,2.449,67.0,2.376,67.0,2.237,67.0,2.278,67.0,2.472,67.0,2.393,,
161,M,379.0,Eriksen,58,58,Man Utd,63.0,2.85,63.0,2.866,63.0,2.556,63.0,3.044,63.0,2.602,63.0,2.404,63.0,2.82,63.0,1.199,63.0,2.64,63.0,2.599,,
162,D,703.0,Evans,40,40,Man Utd,70.0,2.871,70.0,3.108,70.0,2.278,70.0,3.258,70.0,2.893,70.0,1.669,70.0,3.177,70.0,1.479,70.0,2.504,70.0,2.336,,
163,D,572.0,Semedo,45,45,Wolves,75.0,2.836,75.0,2.138,75.0,2.677,75.0,2.506,75.0,3.793,75.0,2.135,75.0,3.036,75.0,1.522,75.0,1.969,75.0,2.861,,
164,M,280.0,Palhinha,50,50,Fulham,85.0,2.686,85.0,2.781,85.0,2.734,85.0,2.495,85.0,2.33,85.0,2.583,85.0,2.685,85.0,1.477,85.0,2.829,85.0,2.734,,
165,M,161.0,Brownhill,47,47,Burnley,75.0,2.313,75.0,2.708,75.0,2.397,75.0,2.462,75.0,2.606,75.0,2.696,75.0,2.581,75.0,2.262,75.0,2.46,75.0,2.729,,
166,F,594.0,Amdouni,53,53,Burnley,67.0,2.382,67.0,2.679,67.0,2.442,67.0,2.446,67.0,2.668,67.0,2.599,67.0,2.622,67.0,2.198,67.0,2.464,67.0,2.687,,
167,D,545.0,Aït-Nouri,45,45,Wolves,70.0,2.767,70.0,2.126,70.0,2.631,70.0,2.471,70.0,3.662,70.0,2.123,70.0,2.956,70.0,1.486,70.0,1.968,70.0,2.8,,
168,M,250.0,Garner,49,49,Everton,75.0,2.775,75.0,2.814,75.0,2.39,75.0,2.868,75.0,2.617,75.0,2.831,75.0,2.71,75.0,0.539,75.0,2.763,75.0,2.598,,
169,M,470.0,Yates,48,48,Nott'm Forest,78.0,2.433,78.0,2.566,78.0,2.53,78.0,2.656,78.0,2.382,78.0,2.418,78.0,2.446,78.0,2.053,78.0,2.696,78.0,2.7,,
170,M,254.0,Gueye,48,48,Everton,74.0,2.761,74.0,2.772,74.0,2.403,74.0,2.852,74.0,2.617,74.0,2.818,74.0,2.696,74.0,0.536,74.0,2.74,74.0,2.582,,
171,D,604.0,Aina,45,45,Nott'm Forest,69.0,2.147,69.0,2.598,69.0,2.452,69.0,2.911,69.0,2.024,69.0,2.069,69.0,2.189,69.0,2.407,69.0,2.973,69.0,2.981,,
172,D,497.0,Emerson Royal,44,44,Spurs,65.0,2.663,65.0,2.643,65.0,2.563,65.0,3.121,65.0,0.679,65.0,3.048,65.0,2.144,65.0,1.568,65.0,3.637,65.0,2.666,,
173,D,467.0,N.Williams,43,43,Nott'm Forest,65.0,2.109,65.0,2.573,65.0,2.384,65.0,2.856,65.0,2.029,65.0,2.048,65.0,2.195,65.0,2.379,65.0,2.909,65.0,2.914,,
174,D,238.0,Richards,39,39,Crystal Palace,65.0,3.214,65.0,1.978,65.0,2.229,65.0,2.328,65.0,3.001,65.0,2.282,65.0,3.201,65.0,1.183,65.0,2.524,65.0,2.35,,
175,D,173.0,O'Shea,44,44,Burnley,85.0,1.475,85.0,3.063,85.0,1.704,85.0,2.036,85.0,2.588,85.0,3.059,85.0,2.509,85.0,2.274,85.0,2.024,85.0,3.161,,
176,D,457.0,Niakhaté,45,45,Nott'm Forest,75.0,2.039,75.0,2.498,75.0,2.374,75.0,2.844,75.0,1.887,75.0,1.949,75.0,2.059,75.0,2.371,75.0,2.916,75.0,2.925,,
177,M,372.0,Antony,68,68,Man Utd,64.0,2.589,64.0,2.613,64.0,2.422,64.0,2.838,64.0,2.38,64.0,2.308,64.0,2.626,64.0,1.126,64.0,2.474,64.0,2.449,,
178,M,65.0,Christie,50,50,Bournemouth,64.0,2.405,64.0,2.565,64.0,2.428,64.0,2.541,64.0,2.419,64.0,2.522,64.0,2.742,64.0,1.22,64.0,2.456,64.0,2.486,,
179,D,245.0,Branthwaite,41,41,Everton,84.0,2.774,84.0,3.042,84.0,1.457,84.0,3.213,84.0,2.234,84.0,3.097,84.0,2.578,84.0,0.435,84.0,2.745,84.0,2.195,,
180,M,488.0,Norwood,48,48,Sheffield Utd,74.0,2.527,74.0,2.431,74.0,2.661,74.0,2.477,74.0,2.548,74.0,2.404,74.0,2.508,74.0,0.939,74.0,2.639,74.0,2.33,,
181,M,231.0,Lerma,47,47,Crystal Palace,65.0,2.617,65.0,2.254,65.0,2.273,65.0,2.354,65.0,2.558,65.0,2.322,65.0,2.61,65.0,1.205,65.0,2.448,65.0,2.375,,
182,M,26.0,Trossard,65,65,Arsenal,35.0,2.304,35.0,2.052,35.0,2.288,35.0,2.333,35.0,2.168,35.0,3.032,35.0,2.174,35.0,1.3,35.0,1.971,35.0,3.044,,
183,F,132.0,Ferguson,59,59,Brighton,55.0,3.053,55.0,2.328,55.0,2.234,55.0,3.07,55.0,2.269,55.0,2.322,55.0,2.402,55.0,0.641,55.0,2.089,55.0,2.142,,
184,D,262.0,Patterson,44,44,Everton,65.0,2.581,65.0,2.758,65.0,1.531,65.0,2.889,65.0,2.153,65.0,2.808,65.0,2.432,65.0,0.419,65.0,2.565,65.0,2.113,,
185,D,31.0,Zinchenko,52,52,Arsenal,58.0,2.433,58.0,1.908,58.0,2.264,58.0,2.484,58.0,2.156,58.0,2.621,58.0,2.302,58.0,1.294,58.0,1.577,58.0,3.015,,
186,M,72.0,Kluivert,46,46,Bournemouth,60.0,2.217,60.0,2.389,60.0,2.234,60.0,2.325,60.0,2.213,60.0,2.355,60.0,2.54,60.0,1.124,60.0,2.259,60.0,2.276,,
187,M,55.0,Ramsey,59,59,Aston Villa,60.0,2.179,60.0,2.484,60.0,2.236,60.0,2.272,60.0,2.42,60.0,2.471,60.0,2.293,60.0,1.173,60.0,2.351,60.0,2.001,,
188,D,150.0,Van Hecke,40,40,Brighton,60.0,2.605,60.0,2.472,60.0,2.203,60.0,2.619,60.0,2.456,60.0,2.267,60.0,2.727,60.0,0.502,60.0,1.724,60.0,2.052,,
189,F,177.0,Rodriguez,53,53,Burnley,60.0,2.059,60.0,2.259,60.0,2.087,60.0,2.102,60.0,2.271,60.0,2.244,60.0,2.26,60.0,1.92,60.0,2.135,60.0,2.289,,
190,M,392.0,McTominay,47,47,Man Utd,55.0,2.294,55.0,2.246,55.0,2.042,55.0,3.214,55.0,2.078,55.0,1.976,55.0,2.263,55.0,1.244,55.0,2.09,55.0,2.055,,
191,M,133.0,Gilmour,49,49,Brighton,64.0,2.426,64.0,2.378,64.0,2.236,64.0,2.445,64.0,2.327,64.0,2.317,64.0,2.478,64.0,0.623,64.0,2.063,64.0,2.171,,
192,D,114.0,Roerslev,44,44,Brentford,60.0,2.117,60.0,1.55,60.0,2.202,60.0,3.286,60.0,2.125,60.0,2.077,60.0,1.694,60.0,2.071,60.0,2.241,60.0,2.091,,
193,D,471.0,Ahmedhodžić,43,43,Sheffield Utd,68.0,2.353,68.0,2.022,68.0,2.905,68.0,2.184,68.0,2.433,68.0,1.879,68.0,2.348,68.0,0.826,68.0,2.746,68.0,1.632,,
194,M,481.0,Fleck,49,49,Sheffield Utd,67.0,2.279,67.0,2.19,67.0,2.407,67.0,2.229,67.0,2.298,67.0,2.184,67.0,2.28,67.0,0.845,67.0,2.359,67.0,2.139,,
195,D,151.0,Veltman,43,43,Brighton,60.0,2.49,60.0,2.426,60.0,2.183,60.0,2.502,60.0,2.419,60.0,2.221,60.0,2.682,60.0,0.496,60.0,1.717,60.0,2.016,,
196,M,63.0,Billing,52,52,Bournemouth,60.0,2.137,60.0,2.304,60.0,2.152,60.0,2.247,60.0,2.071,60.0,2.276,60.0,2.474,60.0,1.084,60.0,2.183,60.0,2.199,,
197,M,170.0,Gudmundsson,48,48,Burnley,60.0,1.916,60.0,2.168,60.0,1.971,60.0,2.005,60.0,2.142,60.0,2.188,60.0,2.127,60.0,1.849,60.0,2.032,60.0,2.209,,
198,D,32.0,Álex Moreno,50,50,Aston Villa,55.0,2.296,50.0,2.355,50.0,2.09,50.0,2.096,50.0,2.278,50.0,2.337,50.0,2.076,50.0,1.074,50.0,2.169,50.0,1.749,,
199,M,210.0,Mudryk,63,63,Chelsea,60.0,2.128,60.0,2.472,60.0,2.398,60.0,2.042,60.0,0.706,60.0,2.25,60.0,2.258,60.0,1.271,60.0,2.587,60.0,2.395,,
200,D,576.0,Jack Robinson,44,44,Sheffield Utd,75.0,2.222,75.0,1.874,75.0,2.835,75.0,2.055,75.0,2.312,75.0,1.718,75.0,2.233,75.0,0.769,75.0,2.67,75.0,1.437,,
201,M,95.0,Canós,50,50,Brentford,55.0,1.867,55.0,1.697,55.0,1.9,55.0,3.438,55.0,1.872,55.0,1.807,55.0,1.736,55.0,1.758,55.0,1.867,55.0,1.82,,
202,M,421.0,S.Longstaff,48,48,Newcastle,60.0,1.901,60.0,2.344,60.0,2.133,60.0,2.136,60.0,1.872,60.0,2.14,60.0,1.94,60.0,1.093,60.0,2.092,60.0,2.102,,
203,F,326.0,Morris,50,50,Luton,50.0,1.938,50.0,1.914,50.0,2.137,50.0,3.552,50.0,0.408,50.0,1.916,50.0,2.025,50.0,1.529,50.0,1.94,50.0,1.897,,
204,D,178.0,Taylor,40,40,Burnley,63.0,1.312,63.0,2.352,63.0,1.463,63.0,1.658,63.0,2.059,63.0,2.36,63.0,2.013,63.0,1.788,63.0,1.678,63.0,2.42,,
205,M,304.0,Mac Allister,58,58,Liverpool,60.0,2.089,60.0,1.946,60.0,2.289,60.0,3.628,60.0,0.26,60.0,2.12,60.0,1.835,60.0,0.429,60.0,2.027,60.0,2.374,,
206,M,360.0,McAtee,44,44,Sheffield Utd,60.0,2.023,60.0,1.941,60.0,2.184,60.0,1.99,60.0,2.044,60.0,1.947,60.0,2.036,60.0,0.752,60.0,2.082,60.0,1.915,,
207,F,225.0,Edouard,54,54,Crystal Palace,40.0,2.532,40.0,1.754,40.0,1.737,40.0,1.839,40.0,1.959,40.0,1.827,40.0,2.53,40.0,0.922,40.0,1.943,40.0,1.859,,
208,F,297.0,Gakpo,72,72,Liverpool,55.0,1.991,55.0,1.927,55.0,2.235,55.0,3.609,55.0,0.251,55.0,2.216,55.0,1.901,55.0,0.438,55.0,2.031,55.0,2.293,,
209,M,126.0,Caicedo,46,46,Chelsea,63.0,1.968,63.0,2.228,63.0,2.142,63.0,1.906,63.0,0.648,63.0,2.05,63.0,2.085,63.0,1.18,63.0,2.322,63.0,2.147,,
210,M,270.0,De Cordova-Reid,53,53,Fulham,45.0,1.881,45.0,2.01,45.0,1.903,45.0,1.713,45.0,1.639,45.0,1.779,45.0,1.929,45.0,1.066,45.0,2.738,45.0,1.994,,
211,M,715.0,Bellegarde,49,49,Wolves,40.0,1.842,40.0,1.785,40.0,1.8,40.0,1.873,40.0,2.697,40.0,1.786,40.0,1.903,40.0,0.952,40.0,1.714,40.0,1.96,,
212,F,328.0,Ogbene,49,49,Luton,55.0,1.852,55.0,1.816,55.0,2.047,55.0,3.352,55.0,0.389,55.0,1.816,55.0,1.891,55.0,1.475,55.0,1.865,55.0,1.786,,
213,D,611.0,Disasi,49,49,Chelsea,60.0,1.634,60.0,2.45,60.0,2.141,60.0,1.4,60.0,0.682,60.0,1.928,60.0,2.055,60.0,0.981,60.0,2.692,60.0,2.244,,
214,D,602.0,Kabore,40,40,Luton,60.0,1.748,60.0,1.528,60.0,2.635,60.0,3.135,60.0,0.343,60.0,1.634,60.0,1.882,60.0,1.739,60.0,1.799,60.0,1.413,,
215,D,484.0,Lowe,43,43,Sheffield Utd,62.0,1.928,62.0,1.682,62.0,2.339,62.0,1.805,62.0,1.993,62.0,1.596,62.0,1.945,62.0,0.681,62.0,2.208,62.0,1.423,,
216,F,486.0,Ndiaye,55,55,Sheffield Utd,55.0,1.883,55.0,1.781,55.0,2.061,55.0,1.841,55.0,1.893,55.0,1.802,55.0,1.892,55.0,0.705,55.0,1.905,55.0,1.785,,
217,D,191.0,Badiashile,44,44,Chelsea,57.0,1.629,57.0,2.304,57.0,2.081,57.0,1.46,57.0,0.636,57.0,1.852,57.0,1.932,57.0,0.973,57.0,2.502,57.0,2.146,,
218,M,295.0,Elliott,48,48,Liverpool,33.0,1.88,33.0,1.755,33.0,2.057,33.0,3.371,33.0,0.238,33.0,2.021,33.0,1.71,33.0,0.403,33.0,1.884,33.0,2.168,,
219,M,708.0,Gravenberch,50,50,Liverpool,55.0,1.838,55.0,1.753,55.0,2.053,55.0,3.338,55.0,0.239,55.0,1.98,55.0,1.738,55.0,0.397,55.0,1.85,55.0,2.184,,
220,M,208.0,Madueke,53,53,Chelsea,45.0,1.796,45.0,2.039,45.0,2.024,45.0,1.765,45.0,0.594,45.0,1.845,45.0,1.845,45.0,1.073,45.0,2.113,45.0,1.93,,
221,F,193.0,Broja,49,49,Chelsea,50.0,1.821,50.0,1.957,50.0,1.953,50.0,1.801,50.0,0.586,50.0,1.872,50.0,1.884,50.0,1.092,50.0,1.992,50.0,1.9,,
222,F,258.0,Maupay,49,49,Brentford,35.0,1.588,35.0,1.433,35.0,1.637,35.0,2.893,35.0,1.624,35.0,1.508,35.0,1.458,35.0,1.461,35.0,1.598,35.0,1.53,,
223,M,388.0,Mainoo,44,44,Man Utd,60.0,1.83,60.0,1.841,60.0,1.716,60.0,1.91,60.0,1.676,60.0,1.649,60.0,1.855,60.0,0.761,60.0,1.75,60.0,1.73,,
224,M,268.0,Cairney,49,49,Fulham,55.0,1.75,55.0,1.837,55.0,1.77,55.0,1.623,55.0,1.526,55.0,1.671,55.0,1.751,55.0,0.98,55.0,1.89,55.0,1.805,,
225,D,476.0,Bogle,45,45,Sheffield Utd,60.0,1.793,60.0,1.575,60.0,2.221,60.0,1.688,60.0,1.852,60.0,1.509,60.0,1.817,60.0,0.635,60.0,2.031,60.0,1.362,,
226,M,709.0,Amrabat,50,50,Man Utd,60.0,1.787,60.0,1.798,60.0,1.668,60.0,1.867,60.0,1.638,60.0,1.598,60.0,1.812,60.0,0.744,60.0,1.708,60.0,1.683,,
227,D,341.0,Akanji,49,49,Man City,50.0,1.762,50.0,1.51,50.0,1.659,50.0,3.132,50.0,1.615,50.0,1.61,50.0,1.454,50.0,0.464,50.0,1.512,50.0,1.518,,
228,M,601.0,Danjuma,52,52,Everton,45.0,1.785,45.0,1.782,45.0,1.605,45.0,1.795,45.0,1.701,45.0,1.78,45.0,1.721,45.0,0.346,45.0,1.784,45.0,1.691,,
229,M,713.0,Sangaré,49,49,Nott'm Forest,60.0,1.566,60.0,1.664,60.0,1.606,60.0,1.683,60.0,1.551,60.0,1.56,60.0,1.585,60.0,1.323,60.0,1.697,60.0,1.7,,
230,M,64.0,Brooks,47,47,Bournemouth,22.0,1.553,22.0,1.527,22.0,1.585,22.0,1.713,22.0,1.588,22.0,1.534,22.0,2.267,22.0,0.788,22.0,1.581,22.0,1.606,,
231,D,176.0,Roberts,43,43,Burnley,59.0,1.163,59.0,1.885,59.0,1.258,59.0,1.395,59.0,1.678,59.0,1.902,59.0,1.647,59.0,1.462,59.0,1.407,59.0,1.94,,
232,D,257.0,Keane,43,43,Everton,30.0,1.752,30.0,1.704,30.0,1.55,30.0,1.76,30.0,1.678,30.0,1.741,30.0,1.715,30.0,0.335,30.0,1.728,30.0,1.657,,
233,M,78.0,Ouattara,47,47,Bournemouth,35.0,1.572,35.0,1.682,35.0,1.581,35.0,1.681,35.0,1.605,35.0,1.702,35.0,1.798,35.0,0.795,35.0,1.576,35.0,1.591,,
234,D,25.0,Tomiyasu,45,45,Arsenal,0.0,0.0,0.0,0.0,0.0,0.0,50.0,1.693,50.0,1.528,50.0,1.724,50.0,1.558,50.0,0.915,50.0,1.349,50.0,1.819,0.0,0.0
235,M,288.0,Wilson,53,53,Fulham,40.0,1.587,40.0,1.716,40.0,1.605,40.0,1.449,40.0,1.365,40.0,1.489,40.0,1.596,40.0,0.905,40.0,1.848,40.0,1.69,,
236,M,209.0,Mount,68,68,Man Utd,35.0,1.658,35.0,1.654,35.0,1.519,35.0,1.789,35.0,1.491,35.0,1.488,35.0,1.646,35.0,0.689,35.0,1.574,35.0,1.571,,
237,G,148.0,Steele,42,42,Brighton,50.0,1.646,50.0,1.627,50.0,1.534,50.0,1.658,50.0,1.612,50.0,1.594,50.0,1.641,50.0,0.488,50.0,1.556,50.0,1.597,,
238,M,494.0,Bryan,49,49,Spurs,35.0,1.609,35.0,1.672,35.0,1.613,35.0,1.714,35.0,0.48,35.0,1.695,35.0,1.562,35.0,0.96,35.0,1.904,35.0,1.675,,
239,M,565.0,Lemina,49,49,Wolves,55.0,1.573,55.0,1.451,55.0,1.503,55.0,1.505,55.0,1.859,55.0,1.453,55.0,1.615,55.0,0.79,55.0,1.437,55.0,1.686,,
240,G,152.0,Verbruggen,44,44,Brighton,50.0,1.624,50.0,1.604,50.0,1.514,50.0,1.636,50.0,1.593,50.0,1.57,50.0,1.619,50.0,0.482,50.0,1.537,50.0,1.576,,
241,D,153.0,Webster,42,42,Brighton,52.0,1.665,52.0,1.612,52.0,1.528,52.0,1.678,52.0,1.603,52.0,1.55,52.0,1.721,52.0,0.414,52.0,1.356,52.0,1.454,,
242,M,489.0,Osborn,48,48,Sheffield Utd,55.0,1.529,55.0,1.471,55.0,1.605,55.0,1.502,55.0,1.547,55.0,1.482,55.0,1.541,55.0,0.568,55.0,1.57,55.0,1.459,,
243,D,204.0,Hall,43,43,Newcastle,40.0,1.429,40.0,1.644,40.0,1.532,40.0,1.507,40.0,1.39,40.0,1.51,40.0,1.447,40.0,0.789,40.0,1.496,40.0,1.486,,
244,M,657.0,Rak-Sakyi,45,45,Crystal Palace,30.0,1.639,30.0,1.408,30.0,1.41,30.0,1.438,30.0,1.53,30.0,1.439,30.0,1.641,30.0,0.749,30.0,1.517,30.0,1.454,,
245,M,586.0,Chong,48,48,Luton,35.0,1.421,35.0,1.404,35.0,1.598,35.0,2.563,35.0,0.3,35.0,1.403,35.0,1.446,35.0,1.125,35.0,1.44,35.0,1.404,,
246,F,562.0,Kalajdžić,49,49,Wolves,10.0,1.325,10.0,1.379,10.0,1.306,10.0,1.405,10.0,2.43,10.0,1.377,10.0,1.346,10.0,0.7,10.0,1.284,10.0,1.53,,
247,F,287.0,Vinícius,46,46,Fulham,20.0,1.307,20.0,1.452,20.0,1.356,20.0,1.216,20.0,1.159,20.0,1.262,20.0,1.367,20.0,0.737,20.0,1.892,20.0,1.426,,
248,F,340.0,Woodrow,43,43,Luton,10.0,1.354,10.0,1.323,10.0,1.522,10.0,2.403,10.0,0.276,10.0,1.305,10.0,1.337,10.0,0.99,10.0,1.331,10.0,1.298,,
249,M,58.0,Tielemans,56,56,Aston Villa,45.0,1.307,45.0,1.478,45.0,1.345,45.0,1.365,45.0,1.45,45.0,1.462,45.0,1.369,45.0,0.705,45.0,1.388,45.0,1.245,,
250,D,606.0,Igor,43,43,Brighton,50.0,1.476,50.0,1.426,50.0,1.357,50.0,1.489,50.0,1.407,50.0,1.385,50.0,1.511,50.0,0.378,50.0,1.231,50.0,1.299,,
251,M,300.0,Jones,49,49,Liverpool,30.0,1.34,30.0,1.301,30.0,1.536,30.0,2.478,30.0,0.178,30.0,1.519,30.0,1.287,30.0,0.297,30.0,1.363,30.0,1.628,,
252,M,621.0,Hinshelwood,45,45,Brighton,20.0,1.497,20.0,1.403,20.0,1.355,20.0,1.516,20.0,1.366,20.0,1.393,20.0,1.412,20.0,0.401,20.0,1.249,20.0,1.32,,
253,D,588.0,Young,44,44,Everton,50.0,1.452,50.0,1.465,50.0,1.225,50.0,1.495,50.0,1.334,50.0,1.475,50.0,1.4,50.0,0.272,50.0,1.459,50.0,1.317,,
254,M,475.0,Berge,47,47,Burnley,50.0,1.223,50.0,1.344,50.0,1.238,50.0,1.247,50.0,1.328,50.0,1.344,50.0,1.32,50.0,1.129,50.0,1.255,50.0,1.356,,
255,M,675.0,Ramsey,50,50,Burnley,42.0,1.226,42.0,1.318,42.0,1.235,42.0,1.236,42.0,1.316,42.0,1.327,42.0,1.304,42.0,1.107,42.0,1.252,42.0,1.328,,
256,D,10.0,Kiwior,43,43,Arsenal,35.0,1.356,35.0,1.264,35.0,1.307,35.0,1.369,35.0,1.281,35.0,1.375,35.0,1.275,35.0,0.767,35.0,1.252,35.0,1.385,,
257,D,419.0,Lascelles,41,41,Newcastle,30.0,1.236,30.0,1.407,30.0,1.37,30.0,1.324,30.0,1.221,30.0,1.35,30.0,1.238,30.0,0.704,30.0,1.33,30.0,1.295,,
258,M,142.0,Milner,48,48,Brighton,40.0,1.406,40.0,1.339,40.0,1.318,40.0,1.422,40.0,1.324,40.0,1.324,40.0,1.395,40.0,0.376,40.0,1.224,40.0,1.258,,
259,M,138.0,Lallana,49,49,Brighton,30.0,1.426,30.0,1.312,30.0,1.292,30.0,1.442,30.0,1.296,30.0,1.299,30.0,1.363,30.0,0.38,30.0,1.232,30.0,1.257,,
260,M,525.0,Benrahma,56,56,West Ham,20.0,1.333,20.0,1.272,20.0,1.197,20.0,1.34,20.0,1.262,20.0,1.281,20.0,1.407,20.0,0.627,20.0,1.239,20.0,1.281,,
261,D,548.0,Bueno,44,44,Wolves,35.0,1.272,35.0,1.237,35.0,1.248,35.0,1.288,35.0,1.382,35.0,1.24,35.0,1.303,35.0,0.657,35.0,1.228,35.0,1.363,,
262,M,559.0,João Gomes,49,49,Wolves,50.0,1.259,50.0,1.226,50.0,1.245,50.0,1.264,50.0,1.372,50.0,1.229,50.0,1.292,50.0,0.65,50.0,1.215,50.0,1.334,,
263,M,9.0,Jorginho,53,53,Arsenal,30.0,1.281,30.0,1.193,30.0,1.234,30.0,1.294,30.0,1.208,30.0,1.301,30.0,1.207,30.0,0.723,30.0,1.166,30.0,1.31,,
264,D,247.0,Coleman,44,44,Everton,33.0,1.273,33.0,1.275,33.0,1.188,33.0,1.282,33.0,1.227,33.0,1.271,33.0,1.236,33.0,0.256,33.0,1.282,33.0,1.224,,
265,M,229.0,Hughes,49,49,Crystal Palace,45.0,1.26,45.0,1.138,45.0,1.14,45.0,1.165,45.0,1.234,45.0,1.166,45.0,1.262,45.0,0.606,45.0,1.219,45.0,1.182,,
266,M,432.0,Willock,53,53,Newcastle,20.0,1.092,20.0,1.363,20.0,1.236,20.0,1.209,20.0,1.082,20.0,1.21,20.0,1.141,20.0,0.634,20.0,1.193,20.0,1.193,,
267,M,282.0,Reed,45,45,Fulham,34.0,1.182,34.0,1.251,34.0,1.199,34.0,1.139,34.0,1.041,34.0,1.155,34.0,1.194,34.0,0.674,34.0,1.257,34.0,1.238,,
268,M,515.0,Skipp,46,46,Spurs,30.0,1.246,30.0,1.268,30.0,1.252,30.0,1.299,30.0,0.371,30.0,1.292,30.0,1.227,30.0,0.73,30.0,1.349,30.0,1.273,,
269,M,394.0,Pellistri,43,43,Man Utd,24.0,1.209,24.0,1.2,24.0,1.096,24.0,1.356,24.0,1.088,24.0,1.068,24.0,1.198,24.0,0.524,24.0,1.156,24.0,1.153,,
270,F,44.0,Durán,50,50,Aston Villa,4.0,0.922,4.0,1.996,4.0,0.91,4.0,0.916,4.0,1.15,4.0,1.979,4.0,0.915,4.0,0.468,4.0,0.965,4.0,0.703,,
271,D,358.0,Lewis,43,43,Man City,14.0,1.143,14.0,1.047,14.0,1.085,14.0,2.103,14.0,1.092,14.0,1.071,14.0,1.002,14.0,0.326,14.0,1.007,14.0,1.021,,
272,D,436.0,Aurier,45,45,Nott'm Forest,27.0,1.058,27.0,1.132,27.0,1.075,27.0,1.133,27.0,1.06,27.0,1.059,27.0,1.083,27.0,0.905,27.0,1.144,27.0,1.141,,
273,M,4.0,Fábio Vieira,54,54,Arsenal,20.0,1.116,20.0,1.017,20.0,1.055,20.0,1.169,20.0,1.049,20.0,1.272,20.0,1.051,20.0,0.629,20.0,1.044,20.0,1.286,,
274,F,691.0,Beto,57,57,Everton,20.0,1.155,20.0,1.155,20.0,1.102,20.0,1.166,20.0,1.122,20.0,1.153,20.0,1.132,20.0,0.226,20.0,1.163,20.0,1.112,,
275,M,451.0,Kouyaté,48,48,Nott'm Forest,26.0,1.015,26.0,1.071,26.0,1.032,26.0,1.064,26.0,1.01,26.0,1.015,26.0,1.025,26.0,0.848,26.0,1.074,26.0,1.072,,
276,M,59.0,Traoré,50,50,Aston Villa,6.0,0.91,6.0,1.537,6.0,0.932,6.0,0.946,6.0,1.046,6.0,1.524,6.0,0.947,6.0,0.483,6.0,1.008,6.0,0.844,,
277,M,383.0,Mejbri,43,43,Man Utd,5.0,1.205,5.0,0.951,5.0,0.918,5.0,1.817,5.0,0.871,5.0,0.887,5.0,0.965,5.0,0.699,5.0,0.921,5.0,0.92,,
278,D,36.0,Cash,47,47,Aston Villa,20.0,0.99,20.0,1.156,20.0,1.026,20.0,1.054,20.0,1.1,20.0,1.14,20.0,1.035,20.0,0.544,20.0,1.075,20.0,1.013,,
279,M,125.0,Buonanotte,47,47,Brighton,20.0,1.237,20.0,1.075,20.0,1.034,20.0,1.254,20.0,1.053,20.0,1.062,20.0,1.13,20.0,0.311,20.0,0.96,20.0,1.001,,
280,M,240.0,Schlupp,49,49,Crystal Palace,20.0,1.147,20.0,0.969,20.0,0.971,20.0,1.006,20.0,1.058,20.0,1.004,20.0,1.149,20.0,0.515,20.0,1.041,20.0,1.02,,
281,F,8.0,Jesus,80,80,Arsenal,15.0,1.037,15.0,0.919,15.0,0.984,15.0,1.073,15.0,0.957,15.0,1.149,15.0,0.963,15.0,0.574,15.0,0.884,15.0,1.151,,
282,M,499.0,Højbjerg,52,52,Spurs,25.0,1.059,25.0,1.081,25.0,1.064,25.0,1.112,25.0,0.315,25.0,1.105,25.0,1.04,25.0,0.624,25.0,1.177,25.0,1.085,,
283,F,76.0,Moore,46,46,Bournemouth,5.0,0.868,5.0,0.923,5.0,0.884,5.0,1.046,5.0,0.982,5.0,0.925,5.0,1.684,5.0,0.466,5.0,0.884,5.0,0.91,,
284,F,390.0,Martial,64,64,Man Utd,15.0,0.987,15.0,0.982,15.0,0.889,15.0,1.072,15.0,0.891,15.0,0.86,15.0,0.968,15.0,0.416,15.0,0.936,15.0,0.925,,
285,M,356.0,Kovacic,47,47,Man City,20.0,0.944,20.0,0.84,20.0,0.878,20.0,1.695,20.0,0.887,20.0,0.862,20.0,0.824,20.0,0.262,20.0,0.834,20.0,0.837,,
286,M,666.0,Davies,50,50,Sheffield Utd,17.0,0.912,17.0,0.868,17.0,0.96,17.0,0.897,17.0,0.917,17.0,0.887,17.0,0.914,17.0,0.337,17.0,0.929,17.0,0.871,,
287,D,281.0,Ream,45,45,Fulham,20.0,0.879,20.0,0.933,20.0,0.9,20.0,0.832,20.0,0.772,20.0,0.848,20.0,0.903,20.0,0.498,20.0,0.941,20.0,0.92,,
288,M,624.0,Dobbin,45,45,Everton,5.0,0.951,5.0,0.951,5.0,0.692,5.0,0.959,5.0,0.91,5.0,0.94,5.0,0.929,5.0,0.174,5.0,1.013,5.0,0.904,,
289,D,41.0,Diego Carlos,44,44,Aston Villa,20.0,0.812,20.0,0.902,20.0,0.823,20.0,0.847,20.0,0.887,20.0,0.889,20.0,0.847,20.0,0.436,20.0,0.866,20.0,0.845,,
290,M,67.0,Dembélé,45,45,Bournemouth,12.0,0.734,12.0,0.765,12.0,0.735,12.0,0.804,12.0,0.793,12.0,0.782,12.0,0.94,12.0,0.372,12.0,0.738,12.0,0.748,,
291,M,87.0,H.Traorè,47,47,Bournemouth,12.0,0.71,12.0,0.771,12.0,0.718,12.0,0.779,12.0,0.753,12.0,0.784,12.0,0.915,12.0,0.363,12.0,0.722,12.0,0.733,,
292,M,566.0,Matheus,48,48,Man City,15.0,0.77,15.0,0.681,15.0,0.717,15.0,1.381,15.0,0.722,15.0,0.702,15.0,0.666,15.0,0.212,15.0,0.675,15.0,0.681,,
293,M,578.0,Nelson,48,48,Arsenal,11.0,0.771,11.0,0.65,11.0,0.716,11.0,0.788,11.0,0.715,11.0,0.88,11.0,0.717,11.0,0.429,11.0,0.575,11.0,0.895,,
294,F,212.0,Nkunku,74,74,Chelsea,5.0,0.748,5.0,0.881,5.0,0.841,5.0,0.661,5.0,0.251,5.0,0.784,5.0,0.821,5.0,0.407,5.0,0.87,5.0,0.827,,
295,M,549.0,Chiquinho,45,45,Wolves,4.0,0.731,4.0,0.677,4.0,0.726,4.0,0.696,4.0,0.911,4.0,0.677,4.0,0.759,4.0,0.383,4.0,0.653,4.0,0.826,,
296,M,146.0,Sarmiento,45,45,Brighton,12.0,0.878,12.0,0.715,12.0,0.695,12.0,0.894,12.0,0.704,12.0,0.7,12.0,0.764,12.0,0.204,12.0,0.644,12.0,0.666,,
297,F,714.0,Origi,50,50,Nott'm Forest,15.0,0.669,15.0,0.704,15.0,0.687,15.0,0.701,15.0,0.668,15.0,0.673,15.0,0.684,15.0,0.639,15.0,0.714,15.0,0.709,,
298,D,699.0,Lenglet,45,45,Aston Villa,15.0,0.682,15.0,0.765,15.0,0.689,15.0,0.707,15.0,0.747,15.0,0.753,15.0,0.713,15.0,0.364,15.0,0.726,15.0,0.639,,
299,M,600.0,Redmond,47,47,Burnley,15.0,0.648,15.0,0.708,15.0,0.658,15.0,0.659,15.0,0.707,15.0,0.716,15.0,0.696,15.0,0.599,15.0,0.67,15.0,0.717,,
300,F,174.0,Obafemi,49,49,Burnley,11.0,0.628,11.0,0.719,11.0,0.646,11.0,0.654,11.0,0.713,11.0,0.723,11.0,0.691,11.0,0.594,11.0,0.666,11.0,0.725,,
301,M,111.0,Onyeka,49,49,Brentford,12.0,0.635,12.0,0.587,12.0,0.648,12.0,1.175,12.0,0.634,12.0,0.614,12.0,0.589,12.0,0.615,12.0,0.623,12.0,0.619,,
302,D,633.0,Livramento,44,44,Newcastle,15.0,0.648,15.0,0.796,15.0,0.747,15.0,0.726,15.0,0.637,15.0,0.735,15.0,0.653,15.0,0.379,15.0,0.716,15.0,0.703,,
303,M,163.0,Cork,48,48,Burnley,15.0,0.574,15.0,0.628,15.0,0.579,15.0,0.586,15.0,0.623,15.0,0.633,15.0,0.614,15.0,0.523,15.0,0.589,15.0,0.636,,
304,M,706.0,M.Trésor,54,54,Burnley,12.0,0.559,12.0,0.62,12.0,0.569,12.0,0.571,12.0,0.618,12.0,0.628,12.0,0.606,12.0,0.52,12.0,0.581,12.0,0.629,,
305,D,598.0,Doherty,43,43,Wolves,5.0,0.579,5.0,0.549,5.0,0.565,5.0,0.571,5.0,0.804,5.0,0.551,5.0,0.599,5.0,0.308,5.0,0.538,5.0,0.7,,
306,D,84.0,Smith,44,44,Bournemouth,12.0,0.56,12.0,0.608,12.0,0.568,12.0,0.595,12.0,0.57,12.0,0.624,12.0,0.64,12.0,0.289,12.0,0.565,12.0,0.58,,
307,M,527.0,Cornet,52,52,West Ham,10.0,0.609,10.0,0.57,10.0,0.514,10.0,0.646,10.0,0.564,10.0,0.584,10.0,0.66,10.0,0.27,10.0,0.56,10.0,0.596,,
308,D,252.0,Godfrey,43,43,Everton,12.0,0.622,12.0,0.622,12.0,0.557,12.0,0.631,12.0,0.587,12.0,0.621,12.0,0.596,12.0,0.121,12.0,0.629,12.0,0.58,,
309,D,277.0,Mbabu,40,40,Fulham,12.0,0.573,12.0,0.62,12.0,0.586,12.0,0.53,12.0,0.488,12.0,0.545,12.0,0.58,12.0,0.326,12.0,0.627,12.0,0.602,,
310,D,473.0,Baldock,38,38,Sheffield Utd,12.0,0.572,12.0,0.528,12.0,0.615,12.0,0.545,12.0,0.581,12.0,0.542,12.0,0.57,12.0,0.206,12.0,0.59,12.0,0.527,,
311,F,264.0,Simms,45,45,Everton,3.0,0.529,3.0,0.531,3.0,0.428,3.0,0.538,3.0,0.504,3.0,0.522,3.0,0.51,3.0,0.098,3.0,0.53,3.0,0.499,,
312,D,75.0,Mepham,43,43,Bournemouth,10.0,0.458,10.0,0.503,10.0,0.465,10.0,0.483,10.0,0.469,10.0,0.509,10.0,0.525,10.0,0.237,10.0,0.461,10.0,0.476,,
313,M,244.0,André Gomes,44,44,Everton,10.0,0.516,10.0,0.516,10.0,0.435,10.0,0.524,10.0,0.481,10.0,0.514,10.0,0.49,10.0,0.099,10.0,0.521,10.0,0.474,,
314,D,305.0,Matip,49,49,Liverpool,10.0,0.416,10.0,0.394,10.0,0.487,10.0,0.757,10.0,0.056,10.0,0.473,10.0,0.397,10.0,0.09,10.0,0.416,10.0,0.514,,
315,D,553.0,Giles,43,43,Luton,7.0,0.382,7.0,0.36,7.0,0.454,7.0,0.692,7.0,0.081,7.0,0.37,7.0,0.393,7.0,0.332,7.0,0.384,7.0,0.367,,
316,M,613.0,Ugochukwu,44,44,Chelsea,10.0,0.389,10.0,0.452,10.0,0.439,10.0,0.381,10.0,0.132,10.0,0.398,10.0,0.412,10.0,0.233,10.0,0.475,10.0,0.42,,
317,M,16.0,Pépé,49,49,Arsenal,3.0,0.398,3.0,0.318,3.0,0.35,3.0,0.418,3.0,0.338,3.0,0.515,3.0,0.334,3.0,0.203,3.0,0.271,3.0,0.521,,
318,D,530.0,Cresswell,42,42,West Ham,8.0,0.4,8.0,0.36,8.0,0.341,8.0,0.436,8.0,0.357,8.0,0.376,8.0,0.454,8.0,0.183,8.0,0.351,8.0,0.387,,
319,M,609.0,Maatsen,51,51,Chelsea,5.0,0.357,5.0,0.444,5.0,0.433,5.0,0.341,5.0,0.129,5.0,0.403,5.0,0.414,5.0,0.214,5.0,0.468,5.0,0.424,,
320,M,453.0,Mangala,50,50,Nott'm Forest,8.0,0.324,8.0,0.361,8.0,0.336,8.0,0.363,8.0,0.318,8.0,0.323,8.0,0.329,8.0,0.304,8.0,0.366,8.0,0.364,,
321,M,534.0,Fornals,46,46,West Ham,7.0,0.37,7.0,0.337,7.0,0.323,7.0,0.393,7.0,0.338,7.0,0.349,7.0,0.407,7.0,0.173,7.0,0.332,7.0,0.36,,
322,M,81.0,Rothwell,48,48,Bournemouth,7.0,0.329,7.0,0.365,7.0,0.33,7.0,0.344,7.0,0.327,7.0,0.374,7.0,0.399,7.0,0.17,7.0,0.326,7.0,0.341,,
323,D,242.0,Ward,45,45,Crystal Palace,7.0,0.385,7.0,0.286,7.0,0.293,7.0,0.306,7.0,0.359,7.0,0.313,7.0,0.387,7.0,0.157,7.0,0.347,7.0,0.323,,
324,M,381.0,Fred,50,50,Man Utd,5.0,0.323,5.0,0.32,5.0,0.28,5.0,0.503,5.0,0.289,5.0,0.264,5.0,0.318,5.0,0.2,5.0,0.289,5.0,0.287,,
325,M,410.0,Fraser,49,49,Newcastle,5.0,0.263,5.0,0.515,5.0,0.348,5.0,0.317,5.0,0.256,5.0,0.318,5.0,0.27,5.0,0.159,5.0,0.307,5.0,0.301,,
326,D,90.0,Ajer,44,44,Brentford,6.0,0.292,6.0,0.246,6.0,0.31,6.0,0.492,6.0,0.298,6.0,0.272,6.0,0.245,6.0,0.325,6.0,0.285,6.0,0.279,,
327,M,21.0,Sambi,49,49,Luton,5.0,0.293,5.0,0.264,5.0,0.373,5.0,0.533,5.0,0.06,5.0,0.28,5.0,0.305,5.0,0.264,5.0,0.283,5.0,0.271,,
328,D,366.0,Sergio Gómez,39,39,Man City,3.0,0.349,3.0,0.222,3.0,0.256,3.0,0.47,3.0,0.26,3.0,0.241,3.0,0.207,3.0,0.07,3.0,0.217,3.0,0.223,,
329,M,574.0,Traoré,43,43,Wolves,5.0,0.245,5.0,0.225,5.0,0.233,5.0,0.248,5.0,0.319,5.0,0.227,5.0,0.262,5.0,0.134,5.0,0.217,5.0,0.294,,
330,D,37.0,Chambers,39,39,Aston Villa,4.0,0.223,4.0,0.304,4.0,0.226,4.0,0.24,4.0,0.278,4.0,0.289,4.0,0.247,4.0,0.124,4.0,0.259,4.0,0.189,,
331,M,62.0,Anthony,49,49,Bournemouth,3.0,0.225,3.0,0.258,3.0,0.225,3.0,0.239,3.0,0.209,3.0,0.264,3.0,0.37,3.0,0.117,3.0,0.222,3.0,0.236,,
332,D,537.0,Kehrer,42,42,West Ham,5.0,0.244,5.0,0.208,5.0,0.194,5.0,0.26,5.0,0.201,5.0,0.217,5.0,0.273,5.0,0.103,5.0,0.2,5.0,0.234,,
333,G,710.0,Odysseas,45,45,Nott'm Forest,5.0,0.204,5.0,0.207,5.0,0.213,5.0,0.217,5.0,0.198,5.0,0.203,5.0,0.203,5.0,0.168,5.0,0.219,5.0,0.217,,
334,F,127.0,Connolly,45,45,Brighton,3.0,0.33,3.0,0.201,3.0,0.187,3.0,0.344,3.0,0.188,3.0,0.19,3.0,0.218,3.0,0.045,3.0,0.159,3.0,0.165,,
335,M,3.0,Elneny,44,44,Arsenal,3.0,0.192,3.0,0.134,3.0,0.162,3.0,0.205,3.0,0.146,3.0,0.214,3.0,0.14,3.0,0.086,3.0,0.117,3.0,0.223,,
336,M,442.0,Danilo,53,53,Nott'm Forest,2.0,0.119,2.0,0.153,2.0,0.132,2.0,0.154,2.0,0.114,2.0,0.119,2.0,0.122,2.0,0.204,2.0,0.158,2.0,0.155,,
337,G,17.0,Ramsdale,46,46,Arsenal,3.0,0.144,3.0,0.135,3.0,0.138,3.0,0.157,3.0,0.142,3.0,0.165,3.0,0.139,3.0,0.084,3.0,0.116,3.0,0.175,,
338,M,276.0,Lukic,43,43,Fulham,1.0,0.103,1.0,0.144,1.0,0.118,1.0,0.078,1.0,0.078,1.0,0.087,1.0,0.113,1.0,0.062,1.0,0.154,1.0,0.129,,
339,D,23.0,Tavares,40,40,Nott'm Forest,1.0,0.076,1.0,0.116,1.0,0.09,1.0,0.114,1.0,0.073,1.0,0.078,1.0,0.082,1.0,0.204,1.0,0.119,1.0,0.114,,
340,F,538.0,Mubama,42,42,West Ham,1.0,0.087,1.0,0.059,1.0,0.047,1.0,0.095,1.0,0.06,1.0,0.068,1.0,0.103,1.0,0.03,1.0,0.057,1.0,0.081,,
341,G,361.0,Ortega,38,38,Man City,1.0,0.077,1.0,0.055,1.0,0.06,1.0,0.123,1.0,0.058,1.0,0.066,1.0,0.051,1.0,0.018,1.0,0.059,1.0,0.058,,
342,G,116.0,Strakosha,39,39,Brentford,1.0,0.055,1.0,0.046,1.0,0.057,1.0,0.087,1.0,0.058,1.0,0.059,1.0,0.048,1.0,0.067,1.0,0.064,1.0,0.06,,
343,G,53.0,Olsen,39,39,Aston Villa,1.0,0.061,1.0,0.082,1.0,0.064,1.0,0.056,1.0,0.069,1.0,0.07,1.0,0.061,1.0,0.029,1.0,0.063,1.0,0.037,,
344,G,533.0,Fabianski,42,42,West Ham,1.0,0.066,1.0,0.069,1.0,0.048,1.0,0.075,1.0,0.059,1.0,0.051,1.0,0.086,1.0,0.028,1.0,0.049,1.0,0.056,,
345,G,284.0,Rodák,39,39,Fulham,1.0,0.054,1.0,0.072,1.0,0.059,1.0,0.053,1.0,0.048,1.0,0.058,1.0,0.053,1.0,0.033,1.0,0.072,1.0,0.06,,
346,G,498.0,Forster,39,39,Spurs,1.0,0.055,1.0,0.047,1.0,0.058,1.0,0.061,1.0,0.015,1.0,0.065,1.0,0.045,1.0,0.031,1.0,0.093,1.0,0.054,,
347,D,577.0,Ogbonna,43,43,West Ham,1.0,0.056,1.0,0.019,1.0,0.007,1.0,0.072,1.0,0.014,1.0,0.03,1.0,0.085,1.0,0.006,1.0,0.014,1.0,0.045,,
348,M,224.0,Ebiowei,44,44,Crystal Palace,0.0,0.0,0.0,0.0,0.0,0.0,0.0,0.0,0.0,0.0,0.0,0.0,0.0,0.0,0.0,0.0,0.0,0.0,0.0,0.0,,
349,M,261.0,Onana,47,47,Everton,0.0,0.0,0.0,0.0,0.0,0.0,0.0,0.0,0.0,0.0,0.0,0.0,0.0,0.0,0.0,0.0,0.0,0.0,0.0,0.0,0.0,0.0
350,F,552.0,Fabio Silva,52,52,Wolves,0.0,0.0,0.0,0.0,0.0,0.0,0.0,0.0,0.0,0.0,0.0,0.0,0.0,0.0,0.0,0.0,0.0,0.0,0.0,0.0,,
351,D,711.0,Omobamidele,45,45,Nott'm Forest,0.0,0.0,0.0,0.0,0.0,0.0,0.0,0.0,0.0,0.0,0.0,0.0,0.0,0.0,0.0,0.0,0.0,0.0,0.0,0.0,,
352,G,408.0,Darlow,40,40,Newcastle,0.0,0.0,0.0,0.0,0.0,0.0,0.0,0.0,0.0,0.0,0.0,0.0,0.0,0.0,0.0,0.0,0.0,0.0,0.0,0.0,,
353,D,2.0,Cédric,39,39,Arsenal,0.0,0.0,0.0,0.0,0.0,0.0,0.0,0.0,0.0,0.0,0.0,0.0,0.0,0.0,0.0,0.0,0.0,0.0,0.0,0.0,,
354,D,653.0,Seriki,40,40,Sheffield Utd,0.0,0.0,0.0,0.0,0.0,0.0,0.0,0.0,0.0,0.0,0.0,0.0,0.0,0.0,0.0,0.0,0.0,0.0,0.0,0.0,,
355,F,237.0,Plange,45,45,Crystal Palace,0.0,0.0,0.0,0.0,0.0,0.0,0.0,0.0,0.0,0.0,0.0,0.0,0.0,0.0,0.0,0.0,0.0,0.0,0.0,0.0,,
356,F,399.0,Shoretire,44,44,Man Utd,0.0,0.0,0.0,0.0,0.0,0.0,0.0,0.0,0.0,0.0,0.0,0.0,0.0,0.0,0.0,0.0,0.0,0.0,0.0,0.0,,
357,D,104.0,Hickey,44,44,Brentford,0.0,0.0,0.0,0.0,0.0,0.0,0.0,0.0,0.0,0.0,0.0,0.0,0.0,0.0,0.0,0.0,0.0,0.0,0.0,0.0,,
358,G,289.0,Adrián,39,39,Liverpool,0.0,0.0,0.0,0.0,0.0,0.0,0.0,0.0,0.0,0.0,0.0,0.0,0.0,0.0,0.0,0.0,0.0,0.0,0.0,0.0,,
359,M,130.0,Enciso,51,51,Brighton,0.0,0.0,0.0,0.0,0.0,0.0,0.0,0.0,0.0,0.0,0.0,0.0,0.0,0.0,0.0,0.0,0.0,0.0,0.0,0.0,,
360,M,71.0,Kilkenny,43,43,Bournemouth,0.0,0.0,0.0,0.0,0.0,0.0,0.0,0.0,0.0,0.0,0.0,0.0,0.0,0.0,0.0,0.0,0.0,0.0,0.0,0.0,,
361,M,310.0,Thiago,48,48,Liverpool,0.0,0.0,0.0,0.0,0.0,0.0,0.0,0.0,0.0,0.0,0.0,0.0,0.0,0.0,0.0,0.0,0.0,0.0,0.0,0.0,,
362,D,619.0,Greenwood,40,40,Bournemouth,0.0,0.0,0.0,0.0,0.0,0.0,0.0,0.0,0.0,0.0,0.0,0.0,0.0,0.0,0.0,0.0,0.0,0.0,0.0,0.0,,
363,F,500.0,Kane,125,125,Spurs,0.0,0.0,0.0,0.0,0.0,0.0,0.0,0.0,0.0,0.0,0.0,0.0,0.0,0.0,0.0,0.0,0.0,0.0,0.0,0.0,,
364,F,207.0,Lukaku,68,68,Chelsea,0.0,0.0,0.0,0.0,0.0,0.0,0.0,0.0,0.0,0.0,0.0,0.0,0.0,0.0,0.0,0.0,0.0,0.0,0.0,0.0,,
365,M,108.0,Mbeumo,68,68,Brentford,0.0,0.0,0.0,0.0,0.0,0.0,0.0,0.0,0.0,0.0,0.0,0.0,0.0,0.0,0.0,0.0,0.0,0.0,0.0,0.0,0.0,0.0
366,D,179.0,Thomas,40,40,Burnley,0.0,0.0,0.0,0.0,0.0,0.0,0.0,0.0,0.0,0.0,0.0,0.0,0.0,0.0,0.0,0.0,0.0,0.0,0.0,0.0,,
367,F,658.0,Gordon,45,45,Crystal Palace,0.0,0.0,0.0,0.0,0.0,0.0,0.0,0.0,0.0,0.0,0.0,0.0,0.0,0.0,0.0,0.0,0.0,0.0,0.0,0.0,,
368,G,646.0,Hein,40,40,Arsenal,0.0,0.0,0.0,0.0,0.0,0.0,0.0,0.0,0.0,0.0,0.0,0.0,0.0,0.0,0.0,0.0,0.0,0.0,0.0,0.0,,
369,G,670.0,Marschall,40,40,Aston Villa,0.0,0.0,0.0,0.0,0.0,0.0,0.0,0.0,0.0,0.0,0.0,0.0,0.0,0.0,0.0,0.0,0.0,0.0,0.0,0.0,,
370,F,523.0,Antonio,57,57,West Ham,0.0,0.0,0.0,0.0,0.0,0.0,0.0,0.0,0.0,0.0,0.0,0.0,0.0,0.0,0.0,0.0,0.0,0.0,0.0,0.0,,
371,D,69.0,Hill,40,40,Bournemouth,0.0,0.0,0.0,0.0,0.0,0.0,0.0,0.0,0.0,0.0,0.0,0.0,0.0,0.0,0.0,0.0,0.0,0.0,0.0,0.0,,
372,M,376.0,Casemiro,53,53,Man Utd,0.0,0.0,0.0,0.0,0.0,0.0,0.0,0.0,0.0,0.0,0.0,0.0,0.0,0.0,0.0,0.0,0.0,0.0,0.0,0.0,,
373,D,312.0,Van den Berg,40,40,Liverpool,0.0,0.0,0.0,0.0,0.0,0.0,0.0,0.0,0.0,0.0,0.0,0.0,0.0,0.0,0.0,0.0,0.0,0.0,0.0,0.0,,
374,D,726.0,Chambers,40,40,Liverpool,0.0,0.0,0.0,0.0,0.0,0.0,0.0,0.0,0.0,0.0,0.0,0.0,0.0,0.0,0.0,0.0,0.0,0.0,0.0,0.0,,
375,M,727.0,Townsend,50,50,Luton,0.0,0.0,0.0,0.0,0.0,0.0,0.0,0.0,0.0,0.0,0.0,0.0,0.0,0.0,0.0,0.0,0.0,0.0,0.0,0.0,,
376,M,744.0,Peart-Harris,45,45,Brentford,0.0,0.0,0.0,0.0,0.0,0.0,0.0,0.0,0.0,0.0,0.0,0.0,0.0,0.0,0.0,0.0,0.0,0.0,0.0,0.0,,
377,D,201.0,W.Fofana,44,44,Chelsea,0.0,0.0,0.0,0.0,0.0,0.0,0.0,0.0,0.0,0.0,0.0,0.0,0.0,0.0,0.0,0.0,0.0,0.0,0.0,0.0,,
378,F,649.0,Cannon,45,45,Everton,0.0,0.0,0.0,0.0,0.0,0.0,0.0,0.0,0.0,0.0,0.0,0.0,0.0,0.0,0.0,0.0,0.0,0.0,0.0,0.0,,
379,D,622.0,Dodgson,40,40,Burnley,0.0,0.0,0.0,0.0,0.0,0.0,0.0,0.0,0.0,0.0,0.0,0.0,0.0,0.0,0.0,0.0,0.0,0.0,0.0,0.0,,
380,F,149.0,Undav,55,55,Brighton,0.0,0.0,0.0,0.0,0.0,0.0,0.0,0.0,0.0,0.0,0.0,0.0,0.0,0.0,0.0,0.0,0.0,0.0,0.0,0.0,,
381,G,546.0,Bentley,39,39,Wolves,0.0,0.0,0.0,0.0,0.0,0.0,0.0,0.0,0.0,0.0,0.0,0.0,0.0,0.0,0.0,0.0,0.0,0.0,0.0,0.0,,
382,G,647.0,Anang,40,40,West Ham,0.0,0.0,0.0,0.0,0.0,0.0,0.0,0.0,0.0,0.0,0.0,0.0,0.0,0.0,0.0,0.0,0.0,0.0,0.0,0.0,,
383,M,650.0,Onyango,45,45,Everton,0.0,0.0,0.0,0.0,0.0,0.0,0.0,0.0,0.0,0.0,0.0,0.0,0.0,0.0,0.0,0.0,0.0,0.0,0.0,0.0,,
384,M,219.0,Ahamada,43,43,Crystal Palace,0.0,0.0,0.0,0.0,0.0,0.0,0.0,0.0,0.0,0.0,0.0,0.0,0.0,0.0,0.0,0.0,0.0,0.0,0.0,0.0,,
385,G,636.0,G.Shelvey,39,39,Nott'm Forest,0.0,0.0,0.0,0.0,0.0,0.0,0.0,0.0,0.0,0.0,0.0,0.0,0.0,0.0,0.0,0.0,0.0,0.0,0.0,0.0,,
386,D,671.0,Humphreys,40,40,Chelsea,0.0,0.0,0.0,0.0,0.0,0.0,0.0,0.0,0.0,0.0,0.0,0.0,0.0,0.0,0.0,0.0,0.0,0.0,0.0,0.0,,
387,D,285.0,Tete,44,44,Fulham,0.0,0.0,0.0,0.0,0.0,0.0,0.0,0.0,0.0,0.0,0.0,0.0,0.0,0.0,0.0,0.0,0.0,0.0,0.0,0.0,,
388,M,425.0,Ritchie,43,43,Newcastle,0.0,0.0,0.0,0.0,0.0,0.0,0.0,0.0,0.0,0.0,0.0,0.0,0.0,0.0,0.0,0.0,0.0,0.0,0.0,0.0,,
389,M,429.0,Tonali,52,52,Newcastle,0.0,0.0,0.0,0.0,0.0,0.0,0.0,0.0,0.0,0.0,0.0,0.0,0.0,0.0,0.0,0.0,0.0,0.0,0.0,0.0,,
390,D,507.0,Perišić,47,47,Spurs,0.0,0.0,0.0,0.0,0.0,0.0,0.0,0.0,0.0,0.0,0.0,0.0,0.0,0.0,0.0,0.0,0.0,0.0,0.0,0.0,,
391,M,435.0,Arter,43,43,Nott'm Forest,0.0,0.0,0.0,0.0,0.0,0.0,0.0,0.0,0.0,0.0,0.0,0.0,0.0,0.0,0.0,0.0,0.0,0.0,0.0,0.0,,
392,M,322.0,Freeman,49,49,Luton,0.0,0.0,0.0,0.0,0.0,0.0,0.0,0.0,0.0,0.0,0.0,0.0,0.0,0.0,0.0,0.0,0.0,0.0,0.0,0.0,,
393,M,162.0,Churlinov,44,44,Burnley,0.0,0.0,0.0,0.0,0.0,0.0,0.0,0.0,0.0,0.0,0.0,0.0,0.0,0.0,0.0,0.0,0.0,0.0,0.0,0.0,,
394,M,159.0,Benson,52,52,Burnley,0.0,0.0,0.0,0.0,0.0,0.0,0.0,0.0,0.0,0.0,0.0,0.0,0.0,0.0,0.0,0.0,0.0,0.0,0.0,0.0,,
395,M,158.0,Bastien,49,49,Burnley,0.0,0.0,0.0,0.0,0.0,0.0,0.0,0.0,0.0,0.0,0.0,0.0,0.0,0.0,0.0,0.0,0.0,0.0,0.0,0.0,,
396,M,156.0,Agyei,42,42,Burnley,0.0,0.0,0.0,0.0,0.0,0.0,0.0,0.0,0.0,0.0,0.0,0.0,0.0,0.0,0.0,0.0,0.0,0.0,0.0,0.0,,
397,M,128.0,Dahoud,48,48,Brighton,0.0,0.0,0.0,0.0,0.0,0.0,0.0,0.0,0.0,0.0,0.0,0.0,0.0,0.0,0.0,0.0,0.0,0.0,0.0,0.0,,
398,D,241.0,Tomkins,40,40,Crystal Palace,0.0,0.0,0.0,0.0,0.0,0.0,0.0,0.0,0.0,0.0,0.0,0.0,0.0,0.0,0.0,0.0,0.0,0.0,0.0,0.0,,
399,F,154.0,Welbeck,57,57,Brighton,0.0,0.0,0.0,0.0,0.0,0.0,0.0,0.0,0.0,0.0,0.0,0.0,0.0,0.0,0.0,0.0,0.0,0.0,0.0,0.0,,
400,D,575.0,Lockyer,42,42,Luton,0.0,0.0,0.0,0.0,0.0,0.0,0.0,0.0,0.0,0.0,0.0,0.0,0.0,0.0,0.0,0.0,0.0,0.0,0.0,0.0,,
401,M,463.0,Shelvey,48,48,Nott'm Forest,0.0,0.0,0.0,0.0,0.0,0.0,0.0,0.0,0.0,0.0,0.0,0.0,0.0,0.0,0.0,0.0,0.0,0.0,0.0,0.0,,
402,M,615.0,Matheus França,48,48,Crystal Palace,0.0,0.0,0.0,0.0,0.0,0.0,0.0,0.0,0.0,0.0,0.0,0.0,0.0,0.0,0.0,0.0,0.0,0.0,0.0,0.0,,
403,D,109.0,Mee,48,48,Brentford,0.0,0.0,0.0,0.0,0.0,0.0,0.0,0.0,0.0,0.0,0.0,0.0,0.0,0.0,0.0,0.0,0.0,0.0,0.0,0.0,,
404,M,118.0,Trevitt,45,45,Brentford,0.0,0.0,0.0,0.0,0.0,0.0,0.0,0.0,0.0,0.0,0.0,0.0,0.0,0.0,0.0,0.0,0.0,0.0,0.0,0.0,,
405,M,418.0,Kuol,45,45,Newcastle,0.0,0.0,0.0,0.0,0.0,0.0,0.0,0.0,0.0,0.0,0.0,0.0,0.0,0.0,0.0,0.0,0.0,0.0,0.0,0.0,,
406,G,752.0,Angelini,40,40,Brentford,0.0,0.0,0.0,0.0,0.0,0.0,0.0,0.0,0.0,0.0,0.0,0.0,0.0,0.0,0.0,0.0,0.0,0.0,0.0,0.0,,
407,M,309.0,Szoboszlai,71,71,Liverpool,0.0,0.0,0.0,0.0,0.0,0.0,0.0,0.0,0.0,0.0,0.0,0.0,0.0,0.0,0.0,0.0,0.0,0.0,0.0,0.0,,
408,F,466.0,Ui-jo,44,44,Nott'm Forest,0.0,0.0,0.0,0.0,0.0,0.0,0.0,0.0,0.0,0.0,0.0,0.0,0.0,0.0,0.0,0.0,0.0,0.0,0.0,0.0,,
409,M,196.0,Chukwuemeka,42,42,Chelsea,0.0,0.0,0.0,0.0,0.0,0.0,0.0,0.0,0.0,0.0,0.0,0.0,0.0,0.0,0.0,0.0,0.0,0.0,0.0,0.0,,
410,D,189.0,Azpilicueta,45,45,Chelsea,0.0,0.0,0.0,0.0,0.0,0.0,0.0,0.0,0.0,0.0,0.0,0.0,0.0,0.0,0.0,0.0,0.0,0.0,0.0,0.0,,
411,D,697.0,S.Bueno,45,45,Wolves,0.0,0.0,0.0,0.0,0.0,0.0,0.0,0.0,0.0,0.0,0.0,0.0,0.0,0.0,0.0,0.0,0.0,0.0,0.0,0.0,,
412,G,347.0,Carson,39,39,Man City,0.0,0.0,0.0,0.0,0.0,0.0,0.0,0.0,0.0,0.0,0.0,0.0,0.0,0.0,0.0,0.0,0.0,0.0,0.0,0.0,,
413,G,448.0,Hennessey,40,40,Nott'm Forest,0.0,0.0,0.0,0.0,0.0,0.0,0.0,0.0,0.0,0.0,0.0,0.0,0.0,0.0,0.0,0.0,0.0,0.0,0.0,0.0,,
414,M,681.0,Diego Moreira,45,45,Chelsea,0.0,0.0,0.0,0.0,0.0,0.0,0.0,0.0,0.0,0.0,0.0,0.0,0.0,0.0,0.0,0.0,0.0,0.0,0.0,0.0,,
415,F,677.0,Deivid,45,45,Chelsea,0.0,0.0,0.0,0.0,0.0,0.0,0.0,0.0,0.0,0.0,0.0,0.0,0.0,0.0,0.0,0.0,0.0,0.0,0.0,0.0,,
416,M,694.0,Massengo,50,50,Burnley,0.0,0.0,0.0,0.0,0.0,0.0,0.0,0.0,0.0,0.0,0.0,0.0,0.0,0.0,0.0,0.0,0.0,0.0,0.0,0.0,,
417,D,674.0,Delcroix,40,40,Burnley,0.0,0.0,0.0,0.0,0.0,0.0,0.0,0.0,0.0,0.0,0.0,0.0,0.0,0.0,0.0,0.0,0.0,0.0,0.0,0.0,,
418,G,665.0,Krul,44,44,Luton,0.0,0.0,0.0,0.0,0.0,0.0,0.0,0.0,0.0,0.0,0.0,0.0,0.0,0.0,0.0,0.0,0.0,0.0,0.0,0.0,,
419,M,690.0,Baleba,45,45,Brighton,0.0,0.0,0.0,0.0,0.0,0.0,0.0,0.0,0.0,0.0,0.0,0.0,0.0,0.0,0.0,0.0,0.0,0.0,0.0,0.0,,
420,G,384.0,Heaton,40,40,Man Utd,0.0,0.0,0.0,0.0,0.0,0.0,0.0,0.0,0.0,0.0,0.0,0.0,0.0,0.0,0.0,0.0,0.0,0.0,0.0,0.0,,
421,G,80.0,Randolph,40,40,Bournemouth,0.0,0.0,0.0,0.0,0.0,0.0,0.0,0.0,0.0,0.0,0.0,0.0,0.0,0.0,0.0,0.0,0.0,0.0,0.0,0.0,,
422,M,317.0,Berry,47,47,Luton,0.0,0.0,0.0,0.0,0.0,0.0,0.0,0.0,0.0,0.0,0.0,0.0,0.0,0.0,0.0,0.0,0.0,0.0,0.0,0.0,,
423,G,502.0,Lloris,48,48,Spurs,0.0,0.0,0.0,0.0,0.0,0.0,0.0,0.0,0.0,0.0,0.0,0.0,0.0,0.0,0.0,0.0,0.0,0.0,0.0,0.0,,
424,D,315.0,Andersen,39,39,Luton,0.0,0.0,0.0,0.0,0.0,0.0,0.0,0.0,0.0,0.0,0.0,0.0,0.0,0.0,0.0,0.0,0.0,0.0,0.0,0.0,,
425,M,605.0,Koleosho,48,48,Burnley,0.0,0.0,0.0,0.0,0.0,0.0,0.0,0.0,0.0,0.0,0.0,0.0,0.0,0.0,0.0,0.0,0.0,0.0,0.0,0.0,,
426,D,474.0,Basham,39,39,Sheffield Utd,0.0,0.0,0.0,0.0,0.0,0.0,0.0,0.0,0.0,0.0,0.0,0.0,0.0,0.0,0.0,0.0,0.0,0.0,0.0,0.0,,
427,G,227.0,Guaita,44,44,Crystal Palace,0.0,0.0,0.0,0.0,0.0,0.0,0.0,0.0,0.0,0.0,0.0,0.0,0.0,0.0,0.0,0.0,0.0,0.0,0.0,0.0,,
428,F,490.0,Osula,43,43,Sheffield Utd,0.0,0.0,0.0,0.0,0.0,0.0,0.0,0.0,0.0,0.0,0.0,0.0,0.0,0.0,0.0,0.0,0.0,0.0,0.0,0.0,,
429,M,292.0,Bajcetic,47,47,Liverpool,0.0,0.0,0.0,0.0,0.0,0.0,0.0,0.0,0.0,0.0,0.0,0.0,0.0,0.0,0.0,0.0,0.0,0.0,0.0,0.0,,
430,D,736.0,Walters,40,40,Arsenal,0.0,0.0,0.0,0.0,0.0,0.0,0.0,0.0,0.0,0.0,0.0,0.0,0.0,0.0,0.0,0.0,0.0,0.0,0.0,0.0,,
431,M,186.0,Andrey Santos,43,43,Chelsea,0.0,0.0,0.0,0.0,0.0,0.0,0.0,0.0,0.0,0.0,0.0,0.0,0.0,0.0,0.0,0.0,0.0,0.0,0.0,0.0,,
432,M,628.0,Doak,44,44,Liverpool,0.0,0.0,0.0,0.0,0.0,0.0,0.0,0.0,0.0,0.0,0.0,0.0,0.0,0.0,0.0,0.0,0.0,0.0,0.0,0.0,,
433,M,371.0,Amad,44,44,Man Utd,0.0,0.0,0.0,0.0,0.0,0.0,0.0,0.0,0.0,0.0,0.0,0.0,0.0,0.0,0.0,0.0,0.0,0.0,0.0,0.0,,
434,D,757.0,Bradley,40,40,Liverpool,0.0,0.0,0.0,0.0,0.0,0.0,0.0,0.0,0.0,0.0,0.0,0.0,0.0,0.0,0.0,0.0,0.0,0.0,0.0,0.0,,
435,M,627.0,Clark,44,44,Liverpool,0.0,0.0,0.0,0.0,0.0,0.0,0.0,0.0,0.0,0.0,0.0,0.0,0.0,0.0,0.0,0.0,0.0,0.0,0.0,0.0,,
436,F,651.0,Stansfield,45,45,Fulham,0.0,0.0,0.0,0.0,0.0,0.0,0.0,0.0,0.0,0.0,0.0,0.0,0.0,0.0,0.0,0.0,0.0,0.0,0.0,0.0,,
437,F,640.0,Scarlett,45,45,Spurs,0.0,0.0,0.0,0.0,0.0,0.0,0.0,0.0,0.0,0.0,0.0,0.0,0.0,0.0,0.0,0.0,0.0,0.0,0.0,0.0,,
438,M,46.0,Iroegbunam,44,44,Aston Villa,0.0,0.0,0.0,0.0,0.0,0.0,0.0,0.0,0.0,0.0,0.0,0.0,0.0,0.0,0.0,0.0,0.0,0.0,0.0,0.0,,
439,F,656.0,Hackford,44,44,Sheffield Utd,0.0,0.0,0.0,0.0,0.0,0.0,0.0,0.0,0.0,0.0,0.0,0.0,0.0,0.0,0.0,0.0,0.0,0.0,0.0,0.0,,
440,G,243.0,Whitworth,39,39,Crystal Palace,0.0,0.0,0.0,0.0,0.0,0.0,0.0,0.0,0.0,0.0,0.0,0.0,0.0,0.0,0.0,0.0,0.0,0.0,0.0,0.0,,
441,M,137.0,Kozłowski,45,45,Brighton,0.0,0.0,0.0,0.0,0.0,0.0,0.0,0.0,0.0,0.0,0.0,0.0,0.0,0.0,0.0,0.0,0.0,0.0,0.0,0.0,,
442,M,363.0,Perrone,44,44,Man City,0.0,0.0,0.0,0.0,0.0,0.0,0.0,0.0,0.0,0.0,0.0,0.0,0.0,0.0,0.0,0.0,0.0,0.0,0.0,0.0,,
443,D,441.0,Cook,45,45,Nott'm Forest,0.0,0.0,0.0,0.0,0.0,0.0,0.0,0.0,0.0,0.0,0.0,0.0,0.0,0.0,0.0,0.0,0.0,0.0,0.0,0.0,,
444,M,54.0,Philogene-Bidace,45,45,Aston Villa,0.0,0.0,0.0,0.0,0.0,0.0,0.0,0.0,0.0,0.0,0.0,0.0,0.0,0.0,0.0,0.0,0.0,0.0,0.0,0.0,,
445,M,94.0,Bidstrup,45,45,Brentford,0.0,0.0,0.0,0.0,0.0,0.0,0.0,0.0,0.0,0.0,0.0,0.0,0.0,0.0,0.0,0.0,0.0,0.0,0.0,0.0,,
446,G,778.0,Wright,40,40,Aston Villa,0.0,0.0,0.0,0.0,0.0,0.0,0.0,0.0,0.0,0.0,0.0,0.0,0.0,0.0,0.0,0.0,0.0,0.0,0.0,0.0,,
447,M,299.0,Henderson,50,50,Liverpool,0.0,0.0,0.0,0.0,0.0,0.0,0.0,0.0,0.0,0.0,0.0,0.0,0.0,0.0,0.0,0.0,0.0,0.0,0.0,0.0,,
448,M,11.0,Marquinhos,45,45,Arsenal,0.0,0.0,0.0,0.0,0.0,0.0,0.0,0.0,0.0,0.0,0.0,0.0,0.0,0.0,0.0,0.0,0.0,0.0,0.0,0.0,,
449,M,772.0,Nwaneri,45,45,Arsenal,0.0,0.0,0.0,0.0,0.0,0.0,0.0,0.0,0.0,0.0,0.0,0.0,0.0,0.0,0.0,0.0,0.0,0.0,0.0,0.0,,
450,M,620.0,Olakigbe,45,45,Brentford,0.0,0.0,0.0,0.0,0.0,0.0,0.0,0.0,0.0,0.0,0.0,0.0,0.0,0.0,0.0,0.0,0.0,0.0,0.0,0.0,,
451,M,236.0,Olise,59,59,Crystal Palace,0.0,0.0,0.0,0.0,0.0,0.0,0.0,0.0,0.0,0.0,0.0,0.0,0.0,0.0,0.0,0.0,0.0,0.0,0.0,0.0,,
452,M,767.0,O'Reilly,45,45,Aston Villa,0.0,0.0,0.0,0.0,0.0,0.0,0.0,0.0,0.0,0.0,0.0,0.0,0.0,0.0,0.0,0.0,0.0,0.0,0.0,0.0,,
453,M,721.0,Ozoh,45,45,Crystal Palace,0.0,0.0,0.0,0.0,0.0,0.0,0.0,0.0,0.0,0.0,0.0,0.0,0.0,0.0,0.0,0.0,0.0,0.0,0.0,0.0,,
454,F,704.0,Fraser,45,45,Wolves,0.0,0.0,0.0,0.0,0.0,0.0,0.0,0.0,0.0,0.0,0.0,0.0,0.0,0.0,0.0,0.0,0.0,0.0,0.0,0.0,,
455,M,164.0,Costelloe,45,45,Burnley,0.0,0.0,0.0,0.0,0.0,0.0,0.0,0.0,0.0,0.0,0.0,0.0,0.0,0.0,0.0,0.0,0.0,0.0,0.0,0.0,,
456,F,483.0,Jebbison,48,48,Sheffield Utd,0.0,0.0,0.0,0.0,0.0,0.0,0.0,0.0,0.0,0.0,0.0,0.0,0.0,0.0,0.0,0.0,0.0,0.0,0.0,0.0,,
457,F,200.0,D.D.Fofana,50,50,Burnley,0.0,0.0,0.0,0.0,0.0,0.0,0.0,0.0,0.0,0.0,0.0,0.0,0.0,0.0,0.0,0.0,0.0,0.0,0.0,0.0,,
458,D,774.0,Casey,40,40,West Ham,0.0,0.0,0.0,0.0,0.0,0.0,0.0,0.0,0.0,0.0,0.0,0.0,0.0,0.0,0.0,0.0,0.0,0.0,0.0,0.0,,
459,G,686.0,Zych,40,40,Aston Villa,0.0,0.0,0.0,0.0,0.0,0.0,0.0,0.0,0.0,0.0,0.0,0.0,0.0,0.0,0.0,0.0,0.0,0.0,0.0,0.0,,
460,D,380.0,Álvaro Fernández,40,40,Man Utd,0.0,0.0,0.0,0.0,0.0,0.0,0.0,0.0,0.0,0.0,0.0,0.0,0.0,0.0,0.0,0.0,0.0,0.0,0.0,0.0,,
461,G,97.0,Cox,40,40,Brentford,0.0,0.0,0.0,0.0,0.0,0.0,0.0,0.0,0.0,0.0,0.0,0.0,0.0,0.0,0.0,0.0,0.0,0.0,0.0,0.0,,
462,D,768.0,Bennett,40,40,Man Utd,0.0,0.0,0.0,0.0,0.0,0.0,0.0,0.0,0.0,0.0,0.0,0.0,0.0,0.0,0.0,0.0,0.0,0.0,0.0,0.0,,
463,M,683.0,Harris,45,45,Fulham,0.0,0.0,0.0,0.0,0.0,0.0,0.0,0.0,0.0,0.0,0.0,0.0,0.0,0.0,0.0,0.0,0.0,0.0,0.0,0.0,,
464,M,652.0,Dibley-Dias,45,45,Fulham,0.0,0.0,0.0,0.0,0.0,0.0,0.0,0.0,0.0,0.0,0.0,0.0,0.0,0.0,0.0,0.0,0.0,0.0,0.0,0.0,,
465,M,667.0,Lavia,49,49,Chelsea,0.0,0.0,0.0,0.0,0.0,0.0,0.0,0.0,0.0,0.0,0.0,0.0,0.0,0.0,0.0,0.0,0.0,0.0,0.0,0.0,,
466,M,115.0,Schade,53,53,Brentford,0.0,0.0,0.0,0.0,0.0,0.0,0.0,0.0,0.0,0.0,0.0,0.0,0.0,0.0,0.0,0.0,0.0,0.0,0.0,0.0,,
467,F,188.0,Aubameyang,65,65,Chelsea,0.0,0.0,0.0,0.0,0.0,0.0,0.0,0.0,0.0,0.0,0.0,0.0,0.0,0.0,0.0,0.0,0.0,0.0,0.0,0.0,,
468,M,124.0,Ayari,45,45,Brighton,0.0,0.0,0.0,0.0,0.0,0.0,0.0,0.0,0.0,0.0,0.0,0.0,0.0,0.0,0.0,0.0,0.0,0.0,0.0,0.0,,
469,D,763.0,Adaramola,40,40,Crystal Palace,0.0,0.0,0.0,0.0,0.0,0.0,0.0,0.0,0.0,0.0,0.0,0.0,0.0,0.0,0.0,0.0,0.0,0.0,0.0,0.0,,
470,M,456.0,Mighten,44,44,Nott'm Forest,0.0,0.0,0.0,0.0,0.0,0.0,0.0,0.0,0.0,0.0,0.0,0.0,0.0,0.0,0.0,0.0,0.0,0.0,0.0,0.0,,
471,G,756.0,Pitaluga,40,40,Liverpool,0.0,0.0,0.0,0.0,0.0,0.0,0.0,0.0,0.0,0.0,0.0,0.0,0.0,0.0,0.0,0.0,0.0,0.0,0.0,0.0,,
472,D,357.0,Laporte,49,49,Man City,0.0,0.0,0.0,0.0,0.0,0.0,0.0,0.0,0.0,0.0,0.0,0.0,0.0,0.0,0.0,0.0,0.0,0.0,0.0,0.0,,
473,M,73.0,Lowe,49,49,Bournemouth,0.0,0.0,0.0,0.0,0.0,0.0,0.0,0.0,0.0,0.0,0.0,0.0,0.0,0.0,0.0,0.0,0.0,0.0,0.0,0.0,,
474,D,461.0,Richards,44,44,Nott'm Forest,0.0,0.0,0.0,0.0,0.0,0.0,0.0,0.0,0.0,0.0,0.0,0.0,0.0,0.0,0.0,0.0,0.0,0.0,0.0,0.0,,
475,D,214.0,Sarr,43,43,Chelsea,0.0,0.0,0.0,0.0,0.0,0.0,0.0,0.0,0.0,0.0,0.0,0.0,0.0,0.0,0.0,0.0,0.0,0.0,0.0,0.0,,
476,F,155.0,Zeqiri,44,44,Brighton,0.0,0.0,0.0,0.0,0.0,0.0,0.0,0.0,0.0,0.0,0.0,0.0,0.0,0.0,0.0,0.0,0.0,0.0,0.0,0.0,,
477,F,278.0,Mitrović,74,74,Fulham,0.0,0.0,0.0,0.0,0.0,0.0,0.0,0.0,0.0,0.0,0.0,0.0,0.0,0.0,0.0,0.0,0.0,0.0,0.0,0.0,,
478,M,74.0,Marcondes,43,43,Bournemouth,0.0,0.0,0.0,0.0,0.0,0.0,0.0,0.0,0.0,0.0,0.0,0.0,0.0,0.0,0.0,0.0,0.0,0.0,0.0,0.0,,
479,M,492.0,Bentancur,54,54,Spurs,0.0,0.0,0.0,0.0,0.0,0.0,0.0,0.0,0.0,0.0,0.0,0.0,0.0,0.0,0.0,0.0,0.0,0.0,0.0,0.0,,
480,M,603.0,Barnes,62,62,Newcastle,0.0,0.0,0.0,0.0,0.0,0.0,0.0,0.0,0.0,0.0,0.0,0.0,0.0,0.0,0.0,0.0,0.0,0.0,0.0,0.0,,
481,M,673.0,Adams,49,49,Bournemouth,0.0,0.0,0.0,0.0,0.0,0.0,0.0,0.0,0.0,0.0,0.0,0.0,0.0,0.0,0.0,0.0,0.0,0.0,0.0,0.0,,
482,D,45.0,Hause,39,39,Aston Villa,0.0,0.0,0.0,0.0,0.0,0.0,0.0,0.0,0.0,0.0,0.0,0.0,0.0,0.0,0.0,0.0,0.0,0.0,0.0,0.0,,
483,G,301.0,Kelleher,37,37,Liverpool,0.0,0.0,0.0,0.0,0.0,0.0,0.0,0.0,0.0,0.0,0.0,0.0,0.0,0.0,0.0,0.0,0.0,0.0,0.0,0.0,,
484,M,568.0,Podence,53,53,Wolves,0.0,0.0,0.0,0.0,0.0,0.0,0.0,0.0,0.0,0.0,0.0,0.0,0.0,0.0,0.0,0.0,0.0,0.0,0.0,0.0,,
485,D,51.0,Mings,41,41,Aston Villa,0.0,0.0,0.0,0.0,0.0,0.0,0.0,0.0,0.0,0.0,0.0,0.0,0.0,0.0,0.0,0.0,0.0,0.0,0.0,0.0,,
486,D,185.0,Ampadu,40,40,Chelsea,0.0,0.0,0.0,0.0,0.0,0.0,0.0,0.0,0.0,0.0,0.0,0.0,0.0,0.0,0.0,0.0,0.0,0.0,0.0,0.0,,
487,D,518.0,Tanganga,40,40,Spurs,0.0,0.0,0.0,0.0,0.0,0.0,0.0,0.0,0.0,0.0,0.0,0.0,0.0,0.0,0.0,0.0,0.0,0.0,0.0,0.0,,
488,D,508.0,Reguilón,44,44,Spurs,0.0,0.0,0.0,0.0,0.0,0.0,0.0,0.0,0.0,0.0,0.0,0.0,0.0,0.0,0.0,0.0,0.0,0.0,0.0,0.0,,
489,M,40.0,Dendoncker,49,49,Aston Villa,0.0,0.0,0.0,0.0,0.0,0.0,0.0,0.0,0.0,0.0,0.0,0.0,0.0,0.0,0.0,0.0,0.0,0.0,0.0,0.0,,
490,D,306.0,Phillips,40,40,Liverpool,0.0,0.0,0.0,0.0,0.0,0.0,0.0,0.0,0.0,0.0,0.0,0.0,0.0,0.0,0.0,0.0,0.0,0.0,0.0,0.0,,
491,M,218.0,Ziyech,54,54,Chelsea,0.0,0.0,0.0,0.0,0.0,0.0,0.0,0.0,0.0,0.0,0.0,0.0,0.0,0.0,0.0,0.0,0.0,0.0,0.0,0.0,,
492,D,307.0,Robertson,64,64,Liverpool,0.0,0.0,0.0,0.0,0.0,0.0,0.0,0.0,0.0,0.0,0.0,0.0,0.0,0.0,0.0,0.0,0.0,0.0,0.0,0.0,,
493,D,445.0,Felipe,44,44,Nott'm Forest,0.0,0.0,0.0,0.0,0.0,0.0,0.0,0.0,0.0,0.0,0.0,0.0,0.0,0.0,0.0,0.0,0.0,0.0,0.0,0.0,,
494,F,61.0,Wesley,50,50,Aston Villa,0.0,0.0,0.0,0.0,0.0,0.0,0.0,0.0,0.0,0.0,0.0,0.0,0.0,0.0,0.0,0.0,0.0,0.0,0.0,0.0,,
495,M,296.0,Fabinho,50,50,Liverpool,0.0,0.0,0.0,0.0,0.0,0.0,0.0,0.0,0.0,0.0,0.0,0.0,0.0,0.0,0.0,0.0,0.0,0.0,0.0,0.0,,
496,G,145.0,Sánchez,46,46,Chelsea,0.0,0.0,0.0,0.0,0.0,0.0,0.0,0.0,0.0,0.0,0.0,0.0,0.0,0.0,0.0,0.0,0.0,0.0,0.0,0.0,,
497,D,190.0,Baba Rahman,40,40,Chelsea,0.0,0.0,0.0,0.0,0.0,0.0,0.0,0.0,0.0,0.0,0.0,0.0,0.0,0.0,0.0,0.0,0.0,0.0,0.0,0.0,,
498,G,491.0,Austin,39,39,Spurs,0.0,0.0,0.0,0.0,0.0,0.0,0.0,0.0,0.0,0.0,0.0,0.0,0.0,0.0,0.0,0.0,0.0,0.0,0.0,0.0,,
499,D,311.0,Tsimikas,46,46,Liverpool,0.0,0.0,0.0,0.0,0.0,0.0,0.0,0.0,0.0,0.0,0.0,0.0,0.0,0.0,0.0,0.0,0.0,0.0,0.0,0.0,,
500,D,510.0,Rodon,40,40,Spurs,0.0,0.0,0.0,0.0,0.0,0.0,0.0,0.0,0.0,0.0,0.0,0.0,0.0,0.0,0.0,0.0,0.0,0.0,0.0,0.0,,
501,F,183.0,Weghorst,55,55,Burnley,0.0,0.0,0.0,0.0,0.0,0.0,0.0,0.0,0.0,0.0,0.0,0.0,0.0,0.0,0.0,0.0,0.0,0.0,0.0,0.0,,
502,D,102.0,Goode,39,39,Brentford,0.0,0.0,0.0,0.0,0.0,0.0,0.0,0.0,0.0,0.0,0.0,0.0,0.0,0.0,0.0,0.0,0.0,0.0,0.0,0.0,,
503,F,437.0,Awoniyi,63,63,Nott'm Forest,0.0,0.0,0.0,0.0,0.0,0.0,0.0,0.0,0.0,0.0,0.0,0.0,0.0,0.0,0.0,0.0,0.0,0.0,0.0,0.0,,
504,M,56.0,Sanson,45,45,Aston Villa,0.0,0.0,0.0,0.0,0.0,0.0,0.0,0.0,0.0,0.0,0.0,0.0,0.0,0.0,0.0,0.0,0.0,0.0,0.0,0.0,,
505,M,22.0,Smith Rowe,53,53,Arsenal,0.0,0.0,0.0,0.0,0.0,0.0,0.0,0.0,0.0,0.0,0.0,0.0,0.0,0.0,0.0,0.0,0.0,0.0,0.0,0.0,,
506,G,141.0,McGill,39,39,Brighton,0.0,0.0,0.0,0.0,0.0,0.0,0.0,0.0,0.0,0.0,0.0,0.0,0.0,0.0,0.0,0.0,0.0,0.0,0.0,0.0,,
507,M,397.0,Sancho,67,67,Man Utd,0.0,0.0,0.0,0.0,0.0,0.0,0.0,0.0,0.0,0.0,0.0,0.0,0.0,0.0,0.0,0.0,0.0,0.0,0.0,0.0,,
508,M,205.0,Hudson-Odoi,47,47,Nott'm Forest,0.0,0.0,0.0,0.0,0.0,0.0,0.0,0.0,0.0,0.0,0.0,0.0,0.0,0.0,0.0,0.0,0.0,0.0,0.0,0.0,,
509,D,346.0,Cancelo,58,58,Man City,0.0,0.0,0.0,0.0,0.0,0.0,0.0,0.0,0.0,0.0,0.0,0.0,0.0,0.0,0.0,0.0,0.0,0.0,0.0,0.0,,
510,D,460.0,Panzo,40,40,Nott'm Forest,0.0,0.0,0.0,0.0,0.0,0.0,0.0,0.0,0.0,0.0,0.0,0.0,0.0,0.0,0.0,0.0,0.0,0.0,0.0,0.0,,
511,D,469.0,Worrall,43,43,Nott'm Forest,0.0,0.0,0.0,0.0,0.0,0.0,0.0,0.0,0.0,0.0,0.0,0.0,0.0,0.0,0.0,0.0,0.0,0.0,0.0,0.0,,
512,G,192.0,Bettinelli,40,40,Chelsea,0.0,0.0,0.0,0.0,0.0,0.0,0.0,0.0,0.0,0.0,0.0,0.0,0.0,0.0,0.0,0.0,0.0,0.0,0.0,0.0,,
513,D,375.0,Bailly,40,40,Man Utd,0.0,0.0,0.0,0.0,0.0,0.0,0.0,0.0,0.0,0.0,0.0,0.0,0.0,0.0,0.0,0.0,0.0,0.0,0.0,0.0,,
514,F,541.0,Scamacca,60,60,West Ham,0.0,0.0,0.0,0.0,0.0,0.0,0.0,0.0,0.0,0.0,0.0,0.0,0.0,0.0,0.0,0.0,0.0,0.0,0.0,0.0,,
515,D,370.0,Telles,45,45,Man Utd,0.0,0.0,0.0,0.0,0.0,0.0,0.0,0.0,0.0,0.0,0.0,0.0,0.0,0.0,0.0,0.0,0.0,0.0,0.0,0.0,,
516,M,253.0,Gray,53,53,Everton,0.0,0.0,0.0,0.0,0.0,0.0,0.0,0.0,0.0,0.0,0.0,0.0,0.0,0.0,0.0,0.0,0.0,0.0,0.0,0.0,,
517,D,318.0,Burke,40,40,Luton,0.0,0.0,0.0,0.0,0.0,0.0,0.0,0.0,0.0,0.0,0.0,0.0,0.0,0.0,0.0,0.0,0.0,0.0,0.0,0.0,,
518,M,239.0,Riedewald,43,43,Crystal Palace,0.0,0.0,0.0,0.0,0.0,0.0,0.0,0.0,0.0,0.0,0.0,0.0,0.0,0.0,0.0,0.0,0.0,0.0,0.0,0.0,,
519,D,512.0,Sánchez,44,44,Spurs,0.0,0.0,0.0,0.0,0.0,0.0,0.0,0.0,0.0,0.0,0.0,0.0,0.0,0.0,0.0,0.0,0.0,0.0,0.0,0.0,,
520,D,444.0,Dräger,40,40,Nott'm Forest,0.0,0.0,0.0,0.0,0.0,0.0,0.0,0.0,0.0,0.0,0.0,0.0,0.0,0.0,0.0,0.0,0.0,0.0,0.0,0.0,,
521,D,195.0,Chilwell,54,54,Chelsea,0.0,0.0,0.0,0.0,0.0,0.0,0.0,0.0,0.0,0.0,0.0,0.0,0.0,0.0,0.0,0.0,0.0,0.0,0.0,0.0,,
522,M,79.0,Pearson,45,45,Bournemouth,0.0,0.0,0.0,0.0,0.0,0.0,0.0,0.0,0.0,0.0,0.0,0.0,0.0,0.0,0.0,0.0,0.0,0.0,0.0,0.0,,
523,M,504.0,Maddison,78,78,Spurs,0.0,0.0,0.0,0.0,0.0,0.0,0.0,0.0,0.0,0.0,0.0,0.0,0.0,0.0,0.0,0.0,0.0,0.0,0.0,0.0,,
524,M,662.0,Adama,49,49,Fulham,0.0,0.0,0.0,0.0,0.0,0.0,0.0,0.0,0.0,0.0,0.0,0.0,0.0,0.0,0.0,0.0,0.0,0.0,0.0,0.0,,
525,M,165.0,Cullen,50,50,Burnley,0.0,0.0,0.0,0.0,0.0,0.0,0.0,0.0,0.0,0.0,0.0,0.0,0.0,0.0,0.0,0.0,0.0,0.0,0.0,0.0,,
526,M,35.0,Buendía,57,57,Aston Villa,0.0,0.0,0.0,0.0,0.0,0.0,0.0,0.0,0.0,0.0,0.0,0.0,0.0,0.0,0.0,0.0,0.0,0.0,0.0,0.0,,
527,M,251.0,Gbamin,44,44,Everton,0.0,0.0,0.0,0.0,0.0,0.0,0.0,0.0,0.0,0.0,0.0,0.0,0.0,0.0,0.0,0.0,0.0,0.0,0.0,0.0,,
528,G,367.0,Steffen,39,39,Man City,0.0,0.0,0.0,0.0,0.0,0.0,0.0,0.0,0.0,0.0,0.0,0.0,0.0,0.0,0.0,0.0,0.0,0.0,0.0,0.0,,
529,M,426.0,Saint-Maximin,60,60,Newcastle,0.0,0.0,0.0,0.0,0.0,0.0,0.0,0.0,0.0,0.0,0.0,0.0,0.0,0.0,0.0,0.0,0.0,0.0,0.0,0.0,,
530,G,233.0,Matthews,39,39,Crystal Palace,0.0,0.0,0.0,0.0,0.0,0.0,0.0,0.0,0.0,0.0,0.0,0.0,0.0,0.0,0.0,0.0,0.0,0.0,0.0,0.0,,
531,F,776.0,Werner,65,65,Spurs,0.0,0.0,0.0,0.0,0.0,0.0,0.0,0.0,0.0,0.0,0.0,0.0,0.0,0.0,0.0,0.0,0.0,0.0,0.0,0.0,,
532,D,428.0,Targett,42,42,Newcastle,0.0,0.0,0.0,0.0,0.0,0.0,0.0,0.0,0.0,0.0,0.0,0.0,0.0,0.0,0.0,0.0,0.0,0.0,0.0,0.0,,
533,M,269.0,Cavaleiro,50,50,Fulham,0.0,0.0,0.0,0.0,0.0,0.0,0.0,0.0,0.0,0.0,0.0,0.0,0.0,0.0,0.0,0.0,0.0,0.0,0.0,0.0,,
534,D,455.0,McKenna,44,44,Nott'm Forest,0.0,0.0,0.0,0.0,0.0,0.0,0.0,0.0,0.0,0.0,0.0,0.0,0.0,0.0,0.0,0.0,0.0,0.0,0.0,0.0,,
535,G,521.0,Whiteman,39,39,Spurs,0.0,0.0,0.0,0.0,0.0,0.0,0.0,0.0,0.0,0.0,0.0,0.0,0.0,0.0,0.0,0.0,0.0,0.0,0.0,0.0,,
536,D,7.0,Holding,43,43,Crystal Palace,0.0,0.0,0.0,0.0,0.0,0.0,0.0,0.0,0.0,0.0,0.0,0.0,0.0,0.0,0.0,0.0,0.0,0.0,0.0,0.0,,
537,M,213.0,Pulisic,55,55,Chelsea,0.0,0.0,0.0,0.0,0.0,0.0,0.0,0.0,0.0,0.0,0.0,0.0,0.0,0.0,0.0,0.0,0.0,0.0,0.0,0.0,,
538,M,364.0,Phillips,47,47,Man City,0.0,0.0,0.0,0.0,0.0,0.0,0.0,0.0,0.0,0.0,0.0,0.0,0.0,0.0,0.0,0.0,0.0,0.0,0.0,0.0,,
539,F,477.0,Brewster,49,49,Sheffield Utd,0.0,0.0,0.0,0.0,0.0,0.0,0.0,0.0,0.0,0.0,0.0,0.0,0.0,0.0,0.0,0.0,0.0,0.0,0.0,0.0,,
540,D,420.0,Lewis,40,40,Newcastle,0.0,0.0,0.0,0.0,0.0,0.0,0.0,0.0,0.0,0.0,0.0,0.0,0.0,0.0,0.0,0.0,0.0,0.0,0.0,0.0,,
541,D,255.0,Holgate,40,40,Everton,0.0,0.0,0.0,0.0,0.0,0.0,0.0,0.0,0.0,0.0,0.0,0.0,0.0,0.0,0.0,0.0,0.0,0.0,0.0,0.0,,
542,D,103.0,Henry,43,43,Brentford,0.0,0.0,0.0,0.0,0.0,0.0,0.0,0.0,0.0,0.0,0.0,0.0,0.0,0.0,0.0,0.0,0.0,0.0,0.0,0.0,,
543,D,24.0,Tierney,44,44,Arsenal,0.0,0.0,0.0,0.0,0.0,0.0,0.0,0.0,0.0,0.0,0.0,0.0,0.0,0.0,0.0,0.0,0.0,0.0,0.0,0.0,,
544,M,462.0,Scarpa,45,45,Nott'm Forest,0.0,0.0,0.0,0.0,0.0,0.0,0.0,0.0,0.0,0.0,0.0,0.0,0.0,0.0,0.0,0.0,0.0,0.0,0.0,0.0,,
545,M,413.0,Hayden,44,44,Newcastle,0.0,0.0,0.0,0.0,0.0,0.0,0.0,0.0,0.0,0.0,0.0,0.0,0.0,0.0,0.0,0.0,0.0,0.0,0.0,0.0,,
546,M,52.0,Nakamba,44,44,Luton,0.0,0.0,0.0,0.0,0.0,0.0,0.0,0.0,0.0,0.0,0.0,0.0,0.0,0.0,0.0,0.0,0.0,0.0,0.0,0.0,,
547,D,386.0,Lindelöf,45,45,Man Utd,0.0,0.0,0.0,0.0,0.0,0.0,0.0,0.0,0.0,0.0,0.0,0.0,0.0,0.0,0.0,0.0,0.0,0.0,0.0,0.0,,
548,D,514.0,R.Sessegnon,44,44,Spurs,0.0,0.0,0.0,0.0,0.0,0.0,0.0,0.0,0.0,0.0,0.0,0.0,0.0,0.0,0.0,0.0,0.0,0.0,0.0,0.0,,
549,M,99.0,Dasilva,47,47,Brentford,0.0,0.0,0.0,0.0,0.0,0.0,0.0,0.0,0.0,0.0,0.0,0.0,0.0,0.0,0.0,0.0,0.0,0.0,0.0,0.0,,
550,M,554.0,Guedes,54,54,Wolves,0.0,0.0,0.0,0.0,0.0,0.0,0.0,0.0,0.0,0.0,0.0,0.0,0.0,0.0,0.0,0.0,0.0,0.0,0.0,0.0,,
551,M,416.0,Joelinton,58,58,Newcastle,0.0,0.0,0.0,0.0,0.0,0.0,0.0,0.0,0.0,0.0,0.0,0.0,0.0,0.0,0.0,0.0,0.0,0.0,0.0,0.0,,
552,D,194.0,Chalobah,43,43,Chelsea,0.0,0.0,0.0,0.0,0.0,0.0,0.0,0.0,0.0,0.0,0.0,0.0,0.0,0.0,0.0,0.0,0.0,0.0,0.0,0.0,,
553,M,400.0,Van de Beek,47,47,Man Utd,0.0,0.0,0.0,0.0,0.0,0.0,0.0,0.0,0.0,0.0,0.0,0.0,0.0,0.0,0.0,0.0,0.0,0.0,0.0,0.0,,
554,M,543.0,Vlasic,45,45,West Ham,0.0,0.0,0.0,0.0,0.0,0.0,0.0,0.0,0.0,0.0,0.0,0.0,0.0,0.0,0.0,0.0,0.0,0.0,0.0,0.0,,
555,D,198.0,Cucurella,48,48,Chelsea,0.0,0.0,0.0,0.0,0.0,0.0,0.0,0.0,0.0,0.0,0.0,0.0,0.0,0.0,0.0,0.0,0.0,0.0,0.0,0.0,,
556,M,403.0,Anderson,42,42,Newcastle,0.0,0.0,0.0,0.0,0.0,0.0,0.0,0.0,0.0,0.0,0.0,0.0,0.0,0.0,0.0,0.0,0.0,0.0,0.0,0.0,,
557,G,18.0,Rúnarsson,40,40,Arsenal,0.0,0.0,0.0,0.0,0.0,0.0,0.0,0.0,0.0,0.0,0.0,0.0,0.0,0.0,0.0,0.0,0.0,0.0,0.0,0.0,,
558,D,136.0,Karbownik,40,40,Brighton,0.0,0.0,0.0,0.0,0.0,0.0,0.0,0.0,0.0,0.0,0.0,0.0,0.0,0.0,0.0,0.0,0.0,0.0,0.0,0.0,,
559,D,454.0,Mbe Soh,40,40,Nott'm Forest,0.0,0.0,0.0,0.0,0.0,0.0,0.0,0.0,0.0,0.0,0.0,0.0,0.0,0.0,0.0,0.0,0.0,0.0,0.0,0.0,,
560,D,693.0,Thomas,40,40,Sheffield Utd,0.0,0.0,0.0,0.0,0.0,0.0,0.0,0.0,0.0,0.0,0.0,0.0,0.0,0.0,0.0,0.0,0.0,0.0,0.0,0.0,,
561,F,279.0,Muniz,44,44,Fulham,0.0,0.0,0.0,0.0,0.0,0.0,0.0,0.0,0.0,0.0,0.0,0.0,0.0,0.0,0.0,0.0,0.0,0.0,0.0,0.0,,
562,D,387.0,Maguire,42,42,Man Utd,0.0,0.0,0.0,0.0,0.0,0.0,0.0,0.0,0.0,0.0,0.0,0.0,0.0,0.0,0.0,0.0,0.0,0.0,0.0,0.0,,
563,M,332.0,Pereira,44,44,Luton,0.0,0.0,0.0,0.0,0.0,0.0,0.0,0.0,0.0,0.0,0.0,0.0,0.0,0.0,0.0,0.0,0.0,0.0,0.0,0.0,,
564,M,144.0,Moder,44,44,Brighton,0.0,0.0,0.0,0.0,0.0,0.0,0.0,0.0,0.0,0.0,0.0,0.0,0.0,0.0,0.0,0.0,0.0,0.0,0.0,0.0,,
565,M,458.0,O'Brien,49,49,Nott'm Forest,0.0,0.0,0.0,0.0,0.0,0.0,0.0,0.0,0.0,0.0,0.0,0.0,0.0,0.0,0.0,0.0,0.0,0.0,0.0,0.0,,
566,D,368.0,Stones,53,53,Man City,0.0,0.0,0.0,0.0,0.0,0.0,0.0,0.0,0.0,0.0,0.0,0.0,0.0,0.0,0.0,0.0,0.0,0.0,0.0,0.0,,
567,G,424.0,Pope,53,53,Newcastle,0.0,0.0,0.0,0.0,0.0,0.0,0.0,0.0,0.0,0.0,0.0,0.0,0.0,0.0,0.0,0.0,0.0,0.0,0.0,0.0,,
568,G,147.0,Scherpen,40,40,Brighton,0.0,0.0,0.0,0.0,0.0,0.0,0.0,0.0,0.0,0.0,0.0,0.0,0.0,0.0,0.0,0.0,0.0,0.0,0.0,0.0,,
569,M,15.0,Partey,48,48,Arsenal,0.0,0.0,0.0,0.0,0.0,0.0,0.0,0.0,0.0,0.0,0.0,0.0,0.0,0.0,0.0,0.0,0.0,0.0,0.0,0.0,,
570,M,555.0,Hodge,44,44,Wolves,0.0,0.0,0.0,0.0,0.0,0.0,0.0,0.0,0.0,0.0,0.0,0.0,0.0,0.0,0.0,0.0,0.0,0.0,0.0,0.0,,
571,M,583.0,Solomon,51,51,Spurs,0.0,0.0,0.0,0.0,0.0,0.0,0.0,0.0,0.0,0.0,0.0,0.0,0.0,0.0,0.0,0.0,0.0,0.0,0.0,0.0,,
572,D,70.0,Kelly,45,45,Bournemouth,0.0,0.0,0.0,0.0,0.0,0.0,0.0,0.0,0.0,0.0,0.0,0.0,0.0,0.0,0.0,0.0,0.0,0.0,0.0,0.0,,
573,G,91.0,Balcombe,39,39,Brentford,0.0,0.0,0.0,0.0,0.0,0.0,0.0,0.0,0.0,0.0,0.0,0.0,0.0,0.0,0.0,0.0,0.0,0.0,0.0,0.0,,
574,M,123.0,Alzate,44,44,Brighton,0.0,0.0,0.0,0.0,0.0,0.0,0.0,0.0,0.0,0.0,0.0,0.0,0.0,0.0,0.0,0.0,0.0,0.0,0.0,0.0,,
575,D,42.0,Digne,46,46,Aston Villa,0.0,0.0,0.0,0.0,0.0,0.0,0.0,0.0,0.0,0.0,0.0,0.0,0.0,0.0,0.0,0.0,0.0,0.0,0.0,0.0,,
576,D,643.0,Aarons,44,44,Bournemouth,0.0,0.0,0.0,0.0,0.0,0.0,0.0,0.0,0.0,0.0,0.0,0.0,0.0,0.0,0.0,0.0,0.0,0.0,0.0,0.0,,
577,D,431.0,Watts,40,40,Newcastle,0.0,0.0,0.0,0.0,0.0,0.0,0.0,0.0,0.0,0.0,0.0,0.0,0.0,0.0,0.0,0.0,0.0,0.0,0.0,0.0,,
578,M,446.0,Freuler,49,49,Nott'm Forest,0.0,0.0,0.0,0.0,0.0,0.0,0.0,0.0,0.0,0.0,0.0,0.0,0.0,0.0,0.0,0.0,0.0,0.0,0.0,0.0,,
579,M,550.0,Cundle,45,45,Wolves,0.0,0.0,0.0,0.0,0.0,0.0,0.0,0.0,0.0,0.0,0.0,0.0,0.0,0.0,0.0,0.0,0.0,0.0,0.0,0.0,,
580,G,571.0,Šarkić,40,40,Wolves,1.0,0.0,1.0,0.0,1.0,0.0,1.0,0.0,1.0,0.0,1.0,0.0,1.0,0.0,1.0,0.0,1.0,0.0,1.0,0.0,,
581,M,459.0,Ojeda,45,45,Nott'm Forest,0.0,0.0,0.0,0.0,0.0,0.0,0.0,0.0,0.0,0.0,0.0,0.0,0.0,0.0,0.0,0.0,0.0,0.0,0.0,0.0,,
582,D,626.0,Quansah,40,40,Liverpool,0.0,0.0,0.0,0.0,0.0,0.0,0.0,0.0,0.0,0.0,0.0,0.0,0.0,0.0,0.0,0.0,0.0,0.0,0.0,0.0,,
583,D,556.0,Hoever,40,40,Wolves,0.0,0.0,0.0,0.0,0.0,0.0,0.0,0.0,0.0,0.0,0.0,0.0,0.0,0.0,0.0,0.0,0.0,0.0,0.0,0.0,,
584,D,68.0,Fredericks,43,43,Bournemouth,0.0,0.0,0.0,0.0,0.0,0.0,0.0,0.0,0.0,0.0,0.0,0.0,0.0,0.0,0.0,0.0,0.0,0.0,0.0,0.0,,
585,D,404.0,Ashby,40,40,Newcastle,0.0,0.0,0.0,0.0,0.0,0.0,0.0,0.0,0.0,0.0,0.0,0.0,0.0,0.0,0.0,0.0,0.0,0.0,0.0,0.0,,
586,M,98.0,Damsgaard,48,48,Brentford,0.0,0.0,0.0,0.0,0.0,0.0,0.0,0.0,0.0,0.0,0.0,0.0,0.0,0.0,0.0,0.0,0.0,0.0,0.0,0.0,,
587,M,223.0,C.Doucouré,49,49,Crystal Palace,0.0,0.0,0.0,0.0,0.0,0.0,0.0,0.0,0.0,0.0,0.0,0.0,0.0,0.0,0.0,0.0,0.0,0.0,0.0,0.0,,
588,D,438.0,Biancone,39,39,Nott'm Forest,0.0,0.0,0.0,0.0,0.0,0.0,0.0,0.0,0.0,0.0,0.0,0.0,0.0,0.0,0.0,0.0,0.0,0.0,0.0,0.0,,
589,G,411.0,Gillespie,39,39,Newcastle,0.0,0.0,0.0,0.0,0.0,0.0,0.0,0.0,0.0,0.0,0.0,0.0,0.0,0.0,0.0,0.0,0.0,0.0,0.0,0.0,,
590,F,100.0,Dervişoğlu,45,45,Brentford,0.0,0.0,0.0,0.0,0.0,0.0,0.0,0.0,0.0,0.0,0.0,0.0,0.0,0.0,0.0,0.0,0.0,0.0,0.0,0.0,,
591,G,57.0,Sinisalo,40,40,Aston Villa,0.0,0.0,0.0,0.0,0.0,0.0,0.0,0.0,0.0,0.0,0.0,0.0,0.0,0.0,0.0,0.0,0.0,0.0,0.0,0.0,,
592,M,272.0,Francois,44,44,Fulham,0.0,0.0,0.0,0.0,0.0,0.0,0.0,0.0,0.0,0.0,0.0,0.0,0.0,0.0,0.0,0.0,0.0,0.0,0.0,0.0,,
593,M,414.0,Hendrick,44,44,Newcastle,0.0,0.0,0.0,0.0,0.0,0.0,0.0,0.0,0.0,0.0,0.0,0.0,0.0,0.0,0.0,0.0,0.0,0.0,0.0,0.0,,
594,M,273.0,Knockaert,44,44,Fulham,0.0,0.0,0.0,0.0,0.0,0.0,0.0,0.0,0.0,0.0,0.0,0.0,0.0,0.0,0.0,0.0,0.0,0.0,0.0,0.0,,
595,D,166.0,Egan-Riley,39,39,Burnley,0.0,0.0,0.0,0.0,0.0,0.0,0.0,0.0,0.0,0.0,0.0,0.0,0.0,0.0,0.0,0.0,0.0,0.0,0.0,0.0,,
596,M,92.0,Baptiste,43,43,Brentford,0.0,0.0,0.0,0.0,0.0,0.0,0.0,0.0,0.0,0.0,0.0,0.0,0.0,0.0,0.0,0.0,0.0,0.0,0.0,0.0,,
597,M,30.0,Xhaka,60,60,Arsenal,0.0,0.0,0.0,0.0,0.0,0.0,0.0,0.0,0.0,0.0,0.0,0.0,0.0,0.0,0.0,0.0,0.0,0.0,0.0,0.0,,
598,M,561.0,Jordão,43,43,Wolves,0.0,0.0,0.0,0.0,0.0,0.0,0.0,0.0,0.0,0.0,0.0,0.0,0.0,0.0,0.0,0.0,0.0,0.0,0.0,0.0,,
599,M,38.0,Coutinho,58,58,Aston Villa,0.0,0.0,0.0,0.0,0.0,0.0,0.0,0.0,0.0,0.0,0.0,0.0,0.0,0.0,0.0,0.0,0.0,0.0,0.0,0.0,,
600,D,374.0,B.Williams,40,40,Man Utd,0.0,0.0,0.0,0.0,0.0,0.0,0.0,0.0,0.0,0.0,0.0,0.0,0.0,0.0,0.0,0.0,0.0,0.0,0.0,0.0,,
601,G,172.0,Muric,43,43,Burnley,1.0,0.0,1.0,0.0,1.0,0.0,1.0,0.0,1.0,0.0,1.0,0.0,1.0,0.0,1.0,0.0,1.0,0.0,1.0,0.0,,
602,D,517.0,Spence,40,40,Spurs,0.0,0.0,0.0,0.0,0.0,0.0,0.0,0.0,0.0,0.0,0.0,0.0,0.0,0.0,0.0,0.0,0.0,0.0,0.0,0.0,,
603,M,531.0,Downes,50,50,West Ham,0.0,0.0,0.0,0.0,0.0,0.0,0.0,0.0,0.0,0.0,0.0,0.0,0.0,0.0,0.0,0.0,0.0,0.0,0.0,0.0,,
604,D,389.0,Malacia,43,43,Man Utd,0.0,0.0,0.0,0.0,0.0,0.0,0.0,0.0,0.0,0.0,0.0,0.0,0.0,0.0,0.0,0.0,0.0,0.0,0.0,0.0,,
605,G,266.0,Virgínia,39,39,Everton,0.0,0.0,0.0,0.0,0.0,0.0,0.0,0.0,0.0,0.0,0.0,0.0,0.0,0.0,0.0,0.0,0.0,0.0,0.0,0.0,,
606,G,187.0,Arrizabalaga,50,50,Chelsea,0.0,0.0,0.0,0.0,0.0,0.0,0.0,0.0,0.0,0.0,0.0,0.0,0.0,0.0,0.0,0.0,0.0,0.0,0.0,0.0,,
607,D,536.0,Johnson,44,44,West Ham,0.0,0.0,0.0,0.0,0.0,0.0,0.0,0.0,0.0,0.0,0.0,0.0,0.0,0.0,0.0,0.0,0.0,0.0,0.0,0.0,,
608,M,529.0,Coventry,43,43,West Ham,0.0,0.0,0.0,0.0,0.0,0.0,0.0,0.0,0.0,0.0,0.0,0.0,0.0,0.0,0.0,0.0,0.0,0.0,0.0,0.0,,
609,D,391.0,Martínez,47,47,Man Utd,0.0,0.0,0.0,0.0,0.0,0.0,0.0,0.0,0.0,0.0,0.0,0.0,0.0,0.0,0.0,0.0,0.0,0.0,0.0,0.0,,
610,D,452.0,Laryea,45,45,Nott'm Forest,0.0,0.0,0.0,0.0,0.0,0.0,0.0,0.0,0.0,0.0,0.0,0.0,0.0,0.0,0.0,0.0,0.0,0.0,0.0,0.0,,
611,F,39.0,Davis,49,49,Aston Villa,0.0,0.0,0.0,0.0,0.0,0.0,0.0,0.0,0.0,0.0,0.0,0.0,0.0,0.0,0.0,0.0,0.0,0.0,0.0,0.0,,
612,D,417.0,Krafth,44,44,Newcastle,0.0,0.0,0.0,0.0,0.0,0.0,0.0,0.0,0.0,0.0,0.0,0.0,0.0,0.0,0.0,0.0,0.0,0.0,0.0,0.0,,
613,G,230.0,Johnstone,45,45,Crystal Palace,0.0,0.0,0.0,0.0,0.0,0.0,0.0,0.0,0.0,0.0,0.0,0.0,0.0,0.0,0.0,0.0,0.0,0.0,0.0,0.0,,
614,M,351.0,Doyle,44,44,Wolves,0.0,0.0,0.0,0.0,0.0,0.0,0.0,0.0,0.0,0.0,0.0,0.0,0.0,0.0,0.0,0.0,0.0,0.0,0.0,0.0,,
615,G,175.0,Peacock-Farrell,40,40,Burnley,0.0,0.0,0.0,0.0,0.0,0.0,0.0,0.0,0.0,0.0,0.0,0.0,0.0,0.0,0.0,0.0,0.0,0.0,0.0,0.0,,
616,D,271.0,Diop,44,44,Fulham,0.0,0.0,0.0,0.0,0.0,0.0,0.0,0.0,0.0,0.0,0.0,0.0,0.0,0.0,0.0,0.0,0.0,0.0,0.0,0.0,,
617,G,323.0,Macey,40,40,Luton,0.0,0.0,0.0,0.0,0.0,0.0,0.0,0.0,0.0,0.0,0.0,0.0,0.0,0.0,0.0,0.0,0.0,0.0,0.0,0.0,,
618,D,560.0,Jonny,43,43,Wolves,0.0,0.0,0.0,0.0,0.0,0.0,0.0,0.0,0.0,0.0,0.0,0.0,0.0,0.0,0.0,0.0,0.0,0.0,0.0,0.0,,
619,F,464.0,Surridge,45,45,Nott'm Forest,0.0,0.0,0.0,0.0,0.0,0.0,0.0,0.0,0.0,0.0,0.0,0.0,0.0,0.0,0.0,0.0,0.0,0.0,0.0,0.0,,
620,D,465.0,Toffolo,44,44,Nott'm Forest,0.0,0.0,0.0,0.0,0.0,0.0,0.0,0.0,0.0,0.0,0.0,0.0,0.0,0.0,0.0,0.0,0.0,0.0,0.0,0.0,,
621,M,423.0,Murphy,48,48,Newcastle,0.0,0.0,0.0,0.0,0.0,0.0,0.0,0.0,0.0,0.0,0.0,0.0,0.0,0.0,0.0,0.0,0.0,0.0,0.0,0.0,,
622,D,422.0,Manquillo,40,40,Newcastle,0.0,0.0,0.0,0.0,0.0,0.0,0.0,0.0,0.0,0.0,0.0,0.0,0.0,0.0,0.0,0.0,0.0,0.0,0.0,0.0,,
623,D,274.0,Kongolo,40,40,Fulham,0.0,0.0,0.0,0.0,0.0,0.0,0.0,0.0,0.0,0.0,0.0,0.0,0.0,0.0,0.0,0.0,0.0,0.0,0.0,0.0,,
624,M,539.0,Paquetá,60,60,West Ham,0.0,0.0,0.0,0.0,0.0,0.0,0.0,0.0,0.0,0.0,0.0,0.0,0.0,0.0,0.0,0.0,0.0,0.0,0.0,0.0,,
625,M,140.0,March,61,61,Brighton,0.0,0.0,0.0,0.0,0.0,0.0,0.0,0.0,0.0,0.0,0.0,0.0,0.0,0.0,0.0,0.0,0.0,0.0,0.0,0.0,,
626,D,139.0,Lamptey,39,39,Brighton,0.0,0.0,0.0,0.0,0.0,0.0,0.0,0.0,0.0,0.0,0.0,0.0,0.0,0.0,0.0,0.0,0.0,0.0,0.0,0.0,,
627,M,202.0,Gallagher,54,54,Chelsea,0.0,0.0,0.0,0.0,0.0,0.0,0.0,0.0,0.0,0.0,0.0,0.0,0.0,0.0,0.0,0.0,0.0,0.0,0.0,0.0,,
628,M,359.0,Mahrez,75,75,Man City,0.0,0.0,0.0,0.0,0.0,0.0,0.0,0.0,0.0,0.0,0.0,0.0,0.0,0.0,0.0,0.0,0.0,0.0,0.0,0.0,,
629,G,580.0,Karius,39,39,Newcastle,0.0,0.0,0.0,0.0,0.0,0.0,0.0,0.0,0.0,0.0,0.0,0.0,0.0,0.0,0.0,0.0,0.0,0.0,0.0,0.0,,
630,F,1.0,Balogun,44,44,Arsenal,0.0,0.0,0.0,0.0,0.0,0.0,0.0,0.0,0.0,0.0,0.0,0.0,0.0,0.0,0.0,0.0,0.0,0.0,0.0,0.0,,
631,M,505.0,Ndombele,44,44,Spurs,0.0,0.0,0.0,0.0,0.0,0.0,0.0,0.0,0.0,0.0,0.0,0.0,0.0,0.0,0.0,0.0,0.0,0.0,0.0,0.0,,
632,D,581.0,Dummett,39,39,Newcastle,0.0,0.0,0.0,0.0,0.0,0.0,0.0,0.0,0.0,0.0,0.0,0.0,0.0,0.0,0.0,0.0,0.0,0.0,0.0,0.0,,
633,F,443.0,Dennis,48,48,Nott'm Forest,0.0,0.0,0.0,0.0,0.0,0.0,0.0,0.0,0.0,0.0,0.0,0.0,0.0,0.0,0.0,0.0,0.0,0.0,0.0,0.0,,
634,D,398.0,Shaw,52,52,Man Utd,0.0,0.0,0.0,0.0,0.0,0.0,0.0,0.0,0.0,0.0,0.0,0.0,0.0,0.0,0.0,0.0,0.0,0.0,0.0,0.0,,
635,G,88.0,Travers,40,40,Bournemouth,0.0,0.0,0.0,0.0,0.0,0.0,0.0,0.0,0.0,0.0,0.0,0.0,0.0,0.0,0.0,0.0,0.0,0.0,0.0,0.0,,
636,D,93.0,Bech,40,40,Brentford,0.0,0.0,0.0,0.0,0.0,0.0,0.0,0.0,0.0,0.0,0.0,0.0,0.0,0.0,0.0,0.0,0.0,0.0,0.0,0.0,,
637,M,493.0,Bissouma,50,50,Spurs,0.0,0.0,0.0,0.0,0.0,0.0,0.0,0.0,0.0,0.0,0.0,0.0,0.0,0.0,0.0,0.0,0.0,0.0,0.0,0.0,,
638,M,47.0,Kamara,50,50,Aston Villa,0.0,0.0,0.0,0.0,0.0,0.0,0.0,0.0,0.0,0.0,0.0,0.0,0.0,0.0,0.0,0.0,0.0,0.0,0.0,0.0,,
639,D,480.0,Egan,43,43,Sheffield Utd,0.0,0.0,0.0,0.0,0.0,0.0,0.0,0.0,0.0,0.0,0.0,0.0,0.0,0.0,0.0,0.0,0.0,0.0,0.0,0.0,,
640,D,206.0,James,53,53,Chelsea,0.0,0.0,0.0,0.0,0.0,0.0,0.0,0.0,0.0,0.0,0.0,0.0,0.0,0.0,0.0,0.0,0.0,0.0,0.0,0.0,,
641,M,705.0,Sinisterra,55,55,Bournemouth,0.0,0.0,0.0,0.0,0.0,0.0,0.0,0.0,0.0,0.0,0.0,0.0,0.0,0.0,0.0,0.0,0.0,0.0,0.0,0.0,,
642,M,248.0,Dele,48,48,Everton,0.0,0.0,0.0,0.0,0.0,0.0,0.0,0.0,0.0,0.0,0.0,0.0,0.0,0.0,0.0,0.0,0.0,0.0,0.0,0.0,,
643,G,579.0,Lonergan,39,39,Everton,0.0,0.0,0.0,0.0,0.0,0.0,0.0,0.0,0.0,0.0,0.0,0.0,0.0,0.0,0.0,0.0,0.0,0.0,0.0,0.0,,
