Pos,ID,Name,BV,SV,Team,1_xMins,1_Pts,2_xMins,2_Pts,3_xMins,3_Pts,4_xMins,4_Pts,5_xMins,5_Pts,6_xMins,6_Pts,7_xMins,7_Pts,8_xMins,8_Pts
M,308.0,Salah,125,125,Liverpool,84.0,6.376,84.0,7.228,84.0,5.327,84.0,6.454,84.0,7.025,84.0,7.077,84.0,6.509,84.0,5.519
F,355.0,Haaland,140,140,Man City,80.0,6.658,80.0,4.904,80.0,7.355,80.0,6.221,80.0,6.011,80.0,6.781,80.0,6.507,80.0,4.725
F,500.0,Kane,125,125,Spurs,85.0,5.183,85.0,5.088,85.0,5.786,85.0,5.918,85.0,6.803,85.0,4.693,85.0,4.973,85.0,6.751
M,373.0,Fernandes,85,85,Man Utd,85.0,6.035,85.0,5.356,85.0,6.19,85.0,4.744,85.0,5.07,85.0,6.0,85.0,5.636,85.0,5.464
M,349.0,De Bruyne,105,105,Man City,70.0,5.774,70.0,4.908,70.0,5.824,70.0,5.587,70.0,5.312,70.0,5.874,70.0,5.639,70.0,4.802
M,19.0,Saka,85,85,Arsenal,84.0,5.962,84.0,5.259,84.0,5.744,84.0,5.167,84.0,5.463,84.0,5.679,84.0,5.675,84.0,4.397
M,396.0,Rashford,90,90,Man Utd,80.0,5.799,80.0,5.313,80.0,5.831,80.0,4.487,80.0,4.633,80.0,5.662,80.0,5.398,80.0,5.212
M,108.0,Mbeumo,65,65,Brentford,83.0,5.277,83.0,5.044,83.0,5.211,83.0,5.549,83.0,4.255,83.0,5.39,83.0,5.357,83.0,4.584
M,143.0,Mitoma,65,65,Brighton,82.0,5.592,82.0,5.328,82.0,5.235,82.0,4.4,82.0,4.662,82.0,5.479,82.0,4.809,82.0,4.458
F,8.0,Jesus,80,80,Arsenal,77.0,5.198,77.0,4.898,77.0,5.196,77.0,4.641,77.0,5.143,77.0,4.963,77.0,5.123,77.0,4.234
D,430.0,Trippier,65,65,Newcastle,85.0,4.876,85.0,3.357,85.0,4.419,85.0,4.109,85.0,5.251,85.0,5.792,85.0,6.502,85.0,5.086
M,14.0,Ødegaard,85,85,Arsenal,82.0,5.473,82.0,4.814,82.0,5.207,82.0,4.596,82.0,5.044,82.0,5.007,82.0,5.167,82.0,3.983
M,516.0,Son,90,90,Spurs,77.0,4.721,77.0,4.626,77.0,5.179,77.0,5.25,77.0,5.441,77.0,4.148,77.0,4.272,77.0,5.296
M,134.0,Groß,65,65,Brighton,85.0,5.545,85.0,5.04,85.0,5.018,85.0,4.367,85.0,4.237,85.0,5.319,85.0,4.426,85.0,4.491
M,12.0,Martinelli,80,80,Arsenal,73.0,5.226,73.0,4.655,73.0,4.992,73.0,4.5,73.0,4.865,73.0,4.835,73.0,4.982,73.0,4.031
M,216.0,Sterling,70,70,Chelsea,73.0,4.142,73.0,4.612,73.0,5.165,73.0,5.028,73.0,4.875,73.0,4.478,73.0,4.663,73.0,4.889
M,226.0,Eze,65,65,Crystal Palace,84.0,4.97,84.0,4.193,84.0,4.44,84.0,5.157,84.0,4.478,84.0,4.955,84.0,4.253,84.0,5.185
D,290.0,Alexander-Arnold,80,80,Liverpool,82.0,4.286,82.0,6.02,82.0,3.454,82.0,4.445,82.0,5.045,82.0,5.332,82.0,4.604,82.0,3.655
F,278.0,Mitrović,75,75,Fulham,85.0,4.623,85.0,4.319,85.0,3.842,85.0,3.771,85.0,5.558,85.0,4.383,85.0,4.432,85.0,5.558
F,60.0,Watkins,80,80,Aston Villa,86.0,3.971,86.0,4.932,86.0,5.018,86.0,3.998,86.0,4.716,86.0,4.502,86.0,4.144,86.0,5.008
F,415.0,Isak,75,75,Newcastle,70.0,4.536,70.0,4.014,70.0,4.281,70.0,4.091,70.0,4.485,70.0,5.272,70.0,4.827,70.0,4.557
M,353.0,Foden,75,75,Man City,67.0,4.523,67.0,3.756,67.0,5.256,67.0,4.455,67.0,4.313,67.0,4.659,67.0,4.491,67.0,3.699
D,206.0,James,55,55,Chelsea,75.0,3.345,75.0,4.05,75.0,5.377,75.0,5.149,75.0,4.399,75.0,3.869,75.0,4.132,75.0,4.531
F,212.0,Nkunku,75,75,Chelsea,75.0,3.792,75.0,4.3,75.0,5.148,75.0,4.379,75.0,4.348,75.0,4.132,75.0,4.354,75.0,4.389
M,504.0,Maddison,75,75,Spurs,70.0,4.088,70.0,4.079,70.0,4.476,70.0,4.542,70.0,4.751,70.0,3.714,70.0,3.857,70.0,4.694
D,307.0,Robertson,65,65,Liverpool,80.0,3.912,80.0,5.613,80.0,3.101,80.0,4.048,80.0,4.657,80.0,4.932,80.0,4.218,80.0,3.301
D,368.0,Stones,55,55,Man City,74.0,4.328,74.0,3.533,74.0,4.576,74.0,4.709,74.0,3.981,74.0,5.27,74.0,4.305,74.0,3.051
G,17.0,Ramsdale,50,50,Arsenal,89.0,5.25,89.0,3.848,89.0,4.723,89.0,3.93,89.0,4.102,89.0,4.519,89.0,4.226,89.0,3.014
D,131.0,Estupiñán,50,50,Brighton,77.0,5.631,77.0,4.475,77.0,4.544,77.0,3.339,77.0,3.293,77.0,5.193,77.0,3.39,77.0,3.359
M,140.0,March,65,65,Brighton,77.0,4.62,77.0,4.333,77.0,4.272,77.0,3.645,77.0,3.832,77.0,4.511,77.0,3.899,77.0,3.702
D,5.0,Gabriel,50,50,Arsenal,85.0,5.332,85.0,3.706,85.0,4.632,85.0,3.789,85.0,4.03,85.0,4.487,85.0,4.2,85.0,2.574
G,352.0,Ederson,55,55,Man City,88.0,4.142,88.0,3.48,88.0,4.339,88.0,4.622,88.0,3.803,88.0,5.071,88.0,4.108,88.0,3.102
M,209.0,Mount,70,70,Man Utd,75.0,4.423,75.0,4.009,75.0,4.448,75.0,3.523,75.0,3.64,75.0,4.316,75.0,4.092,75.0,3.923
M,526.0,Bowen,70,70,West Ham,77.0,4.451,77.0,4.185,77.0,3.582,77.0,4.566,77.0,3.479,77.0,3.578,77.0,4.707,77.0,3.622
G,230.0,Johnstone,45,45,Crystal Palace,89.0,4.326,89.0,3.402,89.0,3.619,89.0,4.605,89.0,3.546,89.0,4.415,89.0,3.4,89.0,4.75
G,424.0,Pope,55,55,Newcastle,89.0,3.936,89.0,2.964,89.0,3.567,89.0,3.383,89.0,4.269,89.0,4.595,89.0,5.23,89.0,4.043
D,398.0,Shaw,55,55,Man Utd,78.0,4.864,78.0,3.766,78.0,5.019,78.0,2.725,78.0,3.283,78.0,4.239,78.0,4.136,78.0,3.902
D,195.0,Chilwell,55,55,Chelsea,74.0,3.104,74.0,3.682,74.0,5.019,74.0,4.729,74.0,4.016,74.0,3.494,74.0,3.767,74.0,4.114
M,86.0,Tavernier,55,55,Bournemouth,78.0,4.303,78.0,3.609,78.0,4.233,78.0,3.921,78.0,4.096,78.0,3.61,78.0,3.683,78.0,4.242
G,148.0,Steele,45,45,Brighton,89.0,5.165,89.0,4.106,89.0,4.219,89.0,3.32,89.0,3.29,89.0,4.73,89.0,3.403,89.0,3.326
D,313.0,Van Dijk,60,60,Liverpool,86.0,3.651,86.0,5.256,86.0,2.905,86.0,3.77,86.0,4.305,86.0,4.598,86.0,3.924,86.0,3.07
D,20.0,Saliba,50,50,Arsenal,85.0,5.193,85.0,3.557,85.0,4.471,85.0,3.596,85.0,3.87,85.0,4.294,85.0,4.043,85.0,2.413
D,31.0,Zinchenko,50,50,Arsenal,77.0,5.107,77.0,3.511,77.0,4.409,77.0,3.676,77.0,3.828,77.0,4.261,77.0,4.013,77.0,2.486
G,291.0,Alisson,55,55,Liverpool,89.0,3.65,89.0,5.012,89.0,3.079,89.0,3.77,89.0,4.153,89.0,4.471,89.0,3.851,89.0,3.245
D,350.0,Dias,55,55,Man City,73.0,4.0,73.0,3.257,73.0,4.244,73.0,4.376,73.0,3.655,73.0,4.931,73.0,3.977,73.0,2.779
F,437.0,Awoniyi,65,65,Nott'm Forest,75.0,3.406,75.0,4.876,75.0,3.645,75.0,3.837,75.0,4.208,75.0,3.347,75.0,3.865,75.0,3.864
M,379.0,Eriksen,60,60,Man Utd,73.0,4.183,73.0,3.798,73.0,4.208,73.0,3.409,73.0,3.527,73.0,4.082,73.0,3.918,73.0,3.758
F,433.0,Wilson,80,80,Newcastle,65.0,3.74,65.0,3.295,65.0,3.554,65.0,3.422,65.0,3.704,65.0,4.92,65.0,4.349,65.0,3.879
F,119.0,Wissa,60,60,Brentford,75.0,3.886,75.0,3.9,75.0,3.843,75.0,4.016,75.0,3.377,75.0,3.94,75.0,4.009,75.0,3.597
M,35.0,Buendía,60,60,Aston Villa,75.0,3.411,75.0,4.119,75.0,4.15,75.0,3.46,75.0,3.945,75.0,3.744,75.0,3.553,75.0,4.121
G,597.0,Onana,50,50,Man Utd,89.0,4.473,89.0,3.598,89.0,4.633,89.0,2.855,89.0,3.272,89.0,3.959,89.0,3.941,89.0,3.749
M,447.0,Gibbs-White,60,60,Nott'm Forest,80.0,3.485,80.0,4.331,80.0,3.56,80.0,3.74,80.0,4.261,80.0,3.357,80.0,3.833,80.0,3.843
M,539.0,Paquetá,60,60,West Ham,80.0,4.131,80.0,3.871,80.0,3.443,80.0,4.203,80.0,3.384,80.0,3.437,80.0,4.384,80.0,3.518
G,187.0,Arrizabalaga,50,50,Chelsea,89.0,3.134,89.0,3.552,89.0,4.561,89.0,4.356,89.0,3.689,89.0,3.466,89.0,3.674,89.0,3.802
D,29.0,White,55,55,Arsenal,75.0,4.94,75.0,3.394,75.0,4.263,75.0,3.513,75.0,3.698,75.0,4.13,75.0,3.871,75.0,2.354
F,85.0,Solanke,65,65,Bournemouth,85.0,4.013,85.0,3.497,85.0,3.981,85.0,3.763,85.0,3.882,85.0,3.448,85.0,3.521,85.0,4.034
G,263.0,Pickford,45,45,Everton,89.0,4.008,89.0,3.058,89.0,4.125,89.0,3.898,89.0,3.02,89.0,3.235,89.0,4.477,89.0,4.097
G,49.0,Martínez,50,50,Aston Villa,89.0,3.03,89.0,4.439,89.0,4.146,89.0,3.041,89.0,4.127,89.0,3.625,89.0,3.44,89.0,4.043
D,341.0,Akanji,50,50,Man City,70.0,3.816,70.0,3.131,70.0,4.049,70.0,4.159,70.0,3.477,70.0,4.7,70.0,3.794,70.0,2.676
D,112.0,Pinnock,45,45,Brentford,85.0,3.889,85.0,3.63,85.0,3.864,85.0,4.482,85.0,2.634,85.0,4.25,85.0,3.96,85.0,3.007
F,246.0,Calvert-Lewin,60,60,Everton,74.0,3.743,74.0,3.589,74.0,3.872,74.0,3.755,74.0,3.285,74.0,3.585,74.0,3.939,74.0,3.879
M,303.0,Luis Díaz,75,75,Liverpool,67.0,3.636,67.0,4.119,67.0,3.272,67.0,3.652,67.0,3.983,67.0,3.907,67.0,3.748,67.0,3.33
M,432.0,Willock,55,55,Newcastle,75.0,3.721,75.0,3.161,75.0,3.426,75.0,3.329,75.0,3.794,75.0,4.094,75.0,4.242,75.0,3.833
G,101.0,Flekken,45,45,Brentford,89.0,3.811,89.0,3.706,89.0,3.801,89.0,4.298,89.0,2.795,89.0,4.104,89.0,3.824,89.0,3.093
M,249.0,A.Doucouré,55,55,Everton,80.0,3.764,80.0,3.39,80.0,3.887,80.0,3.805,80.0,3.277,80.0,3.417,80.0,3.967,80.0,3.875
M,344.0,Bernardo,65,65,Man City,70.0,3.81,70.0,3.273,70.0,3.861,70.0,3.803,70.0,3.631,70.0,3.983,70.0,3.786,70.0,3.193
G,275.0,Leno,45,45,Fulham,89.0,3.704,89.0,3.642,89.0,2.991,89.0,2.634,89.0,4.532,89.0,3.556,89.0,3.711,89.0,4.482
D,395.0,Varane,50,50,Man Utd,80.0,4.44,80.0,3.361,80.0,4.597,80.0,2.459,80.0,3.002,80.0,3.819,80.0,3.738,80.0,3.527
F,211.0,N.Jackson,70,70,Chelsea,65.0,3.109,65.0,3.43,65.0,4.396,65.0,3.736,65.0,3.729,65.0,3.26,65.0,3.447,65.0,3.776
M,402.0,Almirón,65,65,Newcastle,72.0,3.586,72.0,3.175,72.0,3.423,72.0,3.336,72.0,3.662,72.0,3.929,72.0,4.072,72.0,3.688
M,570.0,Sarabia,50,50,Wolves,74.0,3.529,74.0,3.285,74.0,3.925,74.0,3.802,74.0,3.283,74.0,4.19,74.0,3.14,74.0,3.708
D,342.0,Aké,50,50,Man City,67.0,3.704,67.0,3.02,67.0,3.917,67.0,4.002,67.0,3.395,67.0,4.496,67.0,3.683,67.0,2.62
D,257.0,Keane,45,45,Everton,78.0,3.805,78.0,2.727,78.0,4.115,78.0,3.861,78.0,2.648,78.0,2.955,78.0,4.52,78.0,4.088
D,32.0,Álex Moreno,50,50,Aston Villa,76.0,2.645,76.0,4.475,76.0,4.193,76.0,2.667,76.0,4.077,76.0,3.38,76.0,3.178,76.0,4.094
M,450.0,Johnson,60,60,Nott'm Forest,77.0,3.221,77.0,4.114,77.0,3.33,77.0,3.577,77.0,4.079,77.0,3.118,77.0,3.608,77.0,3.661
M,259.0,McNeil,55,55,Everton,75.0,3.59,75.0,3.316,75.0,3.74,75.0,3.721,75.0,3.25,75.0,3.347,75.0,3.956,75.0,3.728
D,217.0,Thiago Silva,50,50,Chelsea,80.0,2.699,80.0,3.264,80.0,4.555,80.0,4.346,80.0,3.578,80.0,3.156,80.0,3.354,80.0,3.685
M,397.0,Sancho,70,70,Man Utd,67.0,3.819,67.0,3.568,67.0,3.84,67.0,3.15,67.0,3.237,67.0,3.745,67.0,3.572,67.0,3.487
M,130.0,Enciso,55,55,Brighton,62.0,4.649,62.0,3.697,62.0,3.606,62.0,3.073,62.0,3.197,62.0,3.78,62.0,3.277,62.0,3.095
M,376.0,Casemiro,55,55,Man Utd,82.0,3.901,82.0,3.503,82.0,3.927,82.0,3.029,82.0,3.17,82.0,3.745,82.0,3.595,82.0,3.47
D,129.0,Dunk,50,50,Brighton,85.0,4.94,85.0,3.758,85.0,3.872,85.0,2.815,85.0,2.762,85.0,4.513,85.0,2.777,85.0,2.839
M,568.0,Podence,55,55,Wolves,74.0,3.38,74.0,3.387,74.0,3.716,74.0,3.611,74.0,3.382,74.0,3.983,74.0,3.249,74.0,3.558
G,502.0,Lloris,50,50,Spurs,89.0,3.188,89.0,3.305,89.0,3.61,89.0,3.746,89.0,4.357,89.0,2.848,89.0,3.005,89.0,3.842
D,427.0,Schär,50,50,Newcastle,85.0,3.388,85.0,2.052,85.0,3.054,85.0,2.771,85.0,3.804,85.0,4.286,85.0,4.973,85.0,3.568
D,109.0,Mee,50,50,Brentford,85.0,3.658,85.0,3.398,85.0,3.633,85.0,4.25,85.0,2.405,85.0,4.019,85.0,3.728,85.0,2.775
M,267.0,Andreas,55,55,Fulham,78.0,3.555,78.0,3.419,78.0,3.103,78.0,2.968,78.0,3.904,78.0,3.451,78.0,3.453,78.0,3.893
D,305.0,Matip,50,50,Liverpool,72.0,3.172,72.0,4.653,72.0,2.555,72.0,3.268,72.0,3.751,72.0,4.036,72.0,3.43,72.0,2.709
G,533.0,Fabianski,45,45,West Ham,80.0,3.66,80.0,3.641,80.0,2.977,80.0,3.91,80.0,2.83,80.0,2.981,80.0,4.382,80.0,3.108
M,525.0,Benrahma,60,60,West Ham,65.0,3.656,65.0,3.423,65.0,3.166,65.0,3.852,65.0,3.047,65.0,3.183,65.0,3.95,65.0,3.179
D,103.0,Henry,45,45,Brentford,78.0,3.571,78.0,3.317,78.0,3.552,78.0,4.159,78.0,2.39,78.0,3.927,78.0,3.636,78.0,2.728
M,354.0,Grealish,75,75,Man City,67.0,3.565,67.0,3.017,67.0,3.612,67.0,3.537,67.0,3.358,67.0,3.708,67.0,3.532,67.0,2.95
D,405.0,Botman,45,45,Newcastle,84.0,3.3,84.0,2.042,84.0,3.015,84.0,2.735,84.0,3.717,84.0,4.151,84.0,4.833,84.0,3.474
D,151.0,Veltman,45,45,Brighton,75.0,4.743,75.0,3.607,75.0,3.712,75.0,2.726,75.0,2.695,75.0,4.328,75.0,2.673,75.0,2.749
M,406.0,Bruno Guimarães,60,60,Newcastle,82.0,3.385,82.0,2.88,82.0,3.162,82.0,3.044,82.0,3.461,82.0,3.784,82.0,3.95,82.0,3.536
M,365.0,Rodri,55,55,Man City,82.0,3.498,82.0,3.091,82.0,3.554,82.0,3.551,82.0,3.32,82.0,3.737,82.0,3.488,82.0,2.947
D,153.0,Webster,45,45,Brighton,82.0,4.754,82.0,3.577,82.0,3.689,82.0,2.703,82.0,2.65,82.0,4.328,82.0,2.598,82.0,2.725
D,391.0,Martínez,50,50,Man Utd,78.0,4.193,78.0,3.121,78.0,4.349,78.0,2.223,78.0,2.765,78.0,3.574,78.0,3.497,78.0,3.288
M,236.0,Olise,60,60,Crystal Palace,72.0,3.648,72.0,3.01,72.0,3.171,72.0,3.647,72.0,3.196,72.0,3.476,72.0,3.062,72.0,3.674
M,416.0,Joelinton,60,60,Newcastle,75.0,3.316,75.0,2.934,75.0,3.197,75.0,3.1,75.0,3.389,75.0,3.676,75.0,3.823,75.0,3.416
M,106.0,Jensen,55,55,Brentford,77.0,3.403,77.0,3.374,77.0,3.384,77.0,3.622,77.0,2.941,77.0,3.531,77.0,3.496,77.0,3.04
D,407.0,Burn,45,45,Newcastle,82.0,3.206,82.0,1.956,82.0,2.929,82.0,2.651,82.0,3.621,82.0,4.055,82.0,4.736,82.0,3.38
G,77.0,Neto,45,45,Bournemouth,89.0,3.704,89.0,2.798,89.0,3.626,89.0,3.142,89.0,3.51,89.0,2.903,89.0,2.952,89.0,3.494
M,55.0,Ramsey,60,60,Aston Villa,75.0,2.946,75.0,3.528,75.0,3.524,75.0,2.968,75.0,3.366,75.0,3.208,75.0,3.055,75.0,3.486
M,429.0,Tonali,55,55,Newcastle,74.0,3.228,74.0,2.82,74.0,3.083,74.0,2.995,74.0,3.301,74.0,3.568,74.0,3.711,74.0,3.34
M,423.0,Murphy,50,50,Newcastle,67.0,3.175,67.0,2.808,67.0,3.066,67.0,3.002,67.0,3.241,67.0,3.569,67.0,3.677,67.0,3.327
M,30.0,Xhaka,60,60,Arsenal,79.0,3.606,79.0,3.116,79.0,3.397,79.0,3.049,79.0,3.242,79.0,3.318,79.0,3.33,79.0,2.761
M,599.0,Diaby,65,65,Aston Villa,65.0,2.869,65.0,3.472,65.0,3.52,65.0,2.912,65.0,3.328,65.0,3.154,65.0,3.001,65.0,3.476
F,390.0,Martial,65,65,Man Utd,65.0,3.372,65.0,3.247,65.0,3.365,65.0,2.934,65.0,2.946,65.0,3.401,65.0,3.242,65.0,3.143
D,265.0,Tarkowski,45,45,Everton,82.0,3.411,82.0,2.329,82.0,3.731,82.0,3.476,82.0,2.306,82.0,2.553,82.0,4.141,82.0,3.696
M,309.0,Szoboszlai,70,70,Liverpool,65.0,3.101,65.0,3.588,65.0,2.859,65.0,3.125,65.0,3.444,65.0,3.366,65.0,3.241,65.0,2.915
G,569.0,Sá,50,50,Wolves,89.0,2.922,89.0,2.988,89.0,3.504,89.0,3.317,89.0,3.057,89.0,3.918,89.0,2.681,89.0,3.218
M,603.0,Barnes,65,65,Newcastle,62.0,3.057,62.0,2.712,62.0,2.866,62.0,2.82,62.0,3.106,62.0,4.191,62.0,3.568,62.0,3.264
M,256.0,Iwobi,55,55,Everton,77.0,3.268,77.0,2.903,77.0,3.386,77.0,3.314,77.0,2.87,77.0,2.929,77.0,3.466,77.0,3.378
D,220.0,Andersen,45,45,Crystal Palace,85.0,3.584,85.0,2.543,85.0,2.667,85.0,3.918,85.0,2.558,85.0,3.553,85.0,2.522,85.0,4.063
M,567.0,Neto,55,55,Wolves,75.0,3.029,75.0,3.025,75.0,3.357,75.0,3.241,75.0,3.021,75.0,3.695,75.0,2.863,75.0,3.149
D,234.0,Mitchell,45,45,Crystal Palace,77.0,3.563,77.0,2.548,77.0,2.67,77.0,3.884,77.0,2.564,77.0,3.532,77.0,2.533,77.0,4.026
M,501.0,Kulusevski,70,70,Spurs,67.0,3.008,67.0,2.94,67.0,3.324,67.0,3.377,67.0,3.53,67.0,2.759,67.0,2.831,67.0,3.525
D,377.0,Dalot,50,50,Man Utd,67.0,3.832,67.0,2.978,67.0,3.961,67.0,2.179,67.0,2.601,67.0,3.35,67.0,3.244,67.0,3.089
M,58.0,Tielemans,60,60,Aston Villa,76.0,2.835,76.0,3.418,76.0,3.384,76.0,2.856,76.0,3.272,76.0,3.088,76.0,2.961,76.0,3.36
D,36.0,Cash,45,45,Aston Villa,77.0,2.299,77.0,3.947,77.0,3.646,77.0,2.312,77.0,3.566,77.0,2.935,77.0,2.827,77.0,3.544
D,544.0,Zouma,45,45,West Ham,78.0,3.552,78.0,3.379,78.0,2.552,78.0,3.857,78.0,2.188,78.0,2.356,78.0,4.426,78.0,2.682
F,297.0,Gakpo,75,75,Liverpool,65.0,3.034,65.0,3.323,65.0,2.879,65.0,3.036,65.0,3.338,65.0,3.226,65.0,3.13,65.0,2.88
D,506.0,Pedro Porro,50,50,Spurs,65.0,2.741,65.0,2.796,65.0,3.351,65.0,3.461,65.0,4.055,65.0,2.22,65.0,2.479,65.0,3.639
M,110.0,Nørgaard,55,55,Brentford,77.0,3.136,77.0,3.107,77.0,3.122,77.0,3.358,77.0,2.704,77.0,3.264,77.0,3.232,77.0,2.796
D,496.0,Dier,45,45,Spurs,78.0,2.675,78.0,2.872,78.0,3.325,78.0,3.446,78.0,4.209,78.0,2.107,78.0,2.468,78.0,3.59
F,132.0,Ferguson,60,60,Brighton,62.0,3.878,62.0,3.233,62.0,3.108,62.0,2.692,62.0,2.798,62.0,3.227,62.0,2.935,62.0,2.77
D,48.0,Konsa,45,45,Aston Villa,77.0,2.255,77.0,3.873,77.0,3.576,77.0,2.267,77.0,3.492,77.0,2.864,77.0,2.78,77.0,3.473
D,228.0,Guéhi,45,45,Crystal Palace,85.0,3.469,85.0,2.446,85.0,2.551,85.0,3.801,85.0,2.443,85.0,3.437,85.0,2.425,85.0,3.946
D,522.0,Aguerd,45,45,West Ham,77.0,3.512,77.0,3.336,77.0,2.472,77.0,3.816,77.0,2.105,77.0,2.28,77.0,4.38,77.0,2.599
M,601.0,Danjuma,55,55,Everton,65.0,3.079,65.0,2.856,65.0,3.202,65.0,3.156,65.0,2.757,65.0,2.882,65.0,3.338,65.0,3.195
D,247.0,Coleman,45,45,Everton,73.0,3.229,73.0,2.241,73.0,3.515,73.0,3.288,73.0,2.227,73.0,2.464,73.0,3.916,73.0,3.509
M,253.0,Gray,55,55,Everton,67.0,3.055,67.0,2.769,67.0,3.219,67.0,3.183,67.0,2.729,67.0,2.798,67.0,3.389,67.0,3.21
M,540.0,Rice,55,55,Arsenal,80.0,3.367,80.0,2.924,80.0,3.186,80.0,2.919,80.0,3.037,80.0,3.109,80.0,3.104,80.0,2.668
M,304.0,Mac Allister,60,60,Liverpool,67.0,2.963,67.0,3.362,67.0,2.737,67.0,2.977,67.0,3.216,67.0,3.177,67.0,3.047,67.0,2.767
M,199.0,Enzo,50,50,Chelsea,77.0,2.737,77.0,2.917,77.0,3.299,77.0,3.249,77.0,3.065,77.0,2.822,77.0,2.961,77.0,3.1
M,34.0,Bailey,55,55,Aston Villa,65.0,2.682,65.0,3.221,65.0,3.291,65.0,2.725,65.0,3.068,65.0,2.918,65.0,2.792,65.0,3.256
M,372.0,Antony,70,70,Man Utd,65.0,3.232,65.0,2.959,65.0,3.25,65.0,2.659,65.0,2.734,65.0,3.157,65.0,2.969,65.0,2.903
D,346.0,Cancelo,60,60,Man City,60.0,3.09,60.0,2.479,60.0,3.226,60.0,3.223,60.0,2.836,60.0,3.577,60.0,3.071,60.0,2.251
D,222.0,Clyne,45,45,Crystal Palace,72.0,3.346,72.0,2.385,72.0,2.513,72.0,3.641,72.0,2.402,72.0,3.304,72.0,2.384,72.0,3.777
M,534.0,Fornals,50,50,West Ham,68.0,3.144,68.0,2.934,68.0,2.727,68.0,3.3,68.0,2.641,68.0,2.719,68.0,3.316,68.0,2.762
M,15.0,Partey,50,50,Arsenal,78.0,3.258,78.0,2.817,78.0,3.077,78.0,2.825,78.0,2.928,78.0,2.999,78.0,2.992,78.0,2.549
D,286.0,Tosin,45,45,Fulham,82.0,3.005,82.0,2.898,82.0,2.0,82.0,1.609,82.0,4.048,82.0,2.789,82.0,2.977,82.0,3.997
M,78.0,Ouattara,50,50,Bournemouth,65.0,3.097,65.0,2.686,65.0,3.07,65.0,2.876,65.0,2.938,65.0,2.682,65.0,2.703,65.0,3.088
D,281.0,Ream,45,45,Fulham,80.0,2.964,80.0,2.857,80.0,1.952,80.0,1.572,80.0,3.994,80.0,2.749,80.0,2.935,80.0,3.941
D,497.0,Emerson Royal,45,45,Spurs,67.0,2.575,67.0,2.638,67.0,3.093,67.0,3.197,67.0,3.811,67.0,2.021,67.0,2.293,67.0,3.317
M,50.0,McGinn,55,55,Aston Villa,77.0,2.596,77.0,3.1,77.0,3.06,77.0,2.614,77.0,2.957,77.0,2.775,77.0,2.723,77.0,3.035
M,210.0,Mudryk,65,65,Chelsea,65.0,2.481,65.0,2.713,65.0,3.14,65.0,2.981,65.0,2.867,65.0,2.625,65.0,2.736,65.0,2.925
D,511.0,Romero,45,45,Spurs,75.0,2.426,75.0,2.566,75.0,3.043,75.0,3.16,75.0,3.902,75.0,1.826,75.0,2.166,75.0,3.302
M,43.0,Douglas Luiz,55,55,Aston Villa,69.0,2.53,69.0,3.002,69.0,3.008,69.0,2.546,69.0,2.883,69.0,2.692,69.0,2.628,69.0,2.98
D,283.0,Robinson,45,45,Fulham,78.0,2.865,78.0,2.757,78.0,1.893,78.0,1.516,78.0,3.89,78.0,2.649,78.0,2.835,78.0,3.838
M,566.0,Matheus,50,50,Wolves,77.0,2.647,77.0,2.671,77.0,2.873,77.0,2.793,77.0,2.668,77.0,3.024,77.0,2.549,77.0,2.784
D,285.0,Tete,45,45,Fulham,72.0,2.839,72.0,2.687,72.0,1.881,72.0,1.515,72.0,3.819,72.0,2.635,72.0,2.753,72.0,3.772
M,554.0,Guedes,55,55,Wolves,67.0,2.644,67.0,2.595,67.0,2.89,67.0,2.776,67.0,2.589,67.0,3.165,67.0,2.488,67.0,2.713
M,499.0,Højbjerg,55,55,Spurs,75.0,2.58,75.0,2.589,75.0,2.803,75.0,2.837,75.0,2.993,75.0,2.434,75.0,2.526,75.0,2.866
F,177.0,Rodriguez,55,55,Burnley,74.0,2.906,0.0,0.0,74.0,3.146,74.0,3.204,74.0,3.261,74.0,3.025,74.0,2.922,74.0,3.16
M,542.0,Soucek,50,50,West Ham,67.0,2.855,67.0,2.724,67.0,2.494,67.0,2.975,67.0,2.409,67.0,2.481,67.0,3.002,67.0,2.513
M,126.0,Caicedo,50,50,Brighton,78.0,3.027,78.0,2.761,78.0,2.747,78.0,2.488,78.0,2.452,78.0,2.928,78.0,2.48,78.0,2.51
D,584.0,Pau,45,45,Aston Villa,65.0,2.019,65.0,3.27,65.0,3.066,65.0,2.027,65.0,2.971,65.0,2.511,65.0,2.402,65.0,2.986
F,541.0,Scamacca,60,60,West Ham,65.0,2.851,65.0,2.68,65.0,2.477,65.0,2.935,65.0,2.434,65.0,2.486,65.0,2.862,65.0,2.484
M,421.0,S.Longstaff,50,50,Newcastle,67.0,2.604,67.0,2.34,67.0,2.535,67.0,2.475,67.0,2.67,67.0,2.879,67.0,2.988,67.0,2.685
D,262.0,Patterson,45,45,Everton,67.0,2.782,67.0,1.949,67.0,3.045,67.0,2.866,67.0,1.954,67.0,2.142,67.0,3.392,67.0,3.028
F,477.0,Brewster,50,50,Sheffield Utd,72.0,2.655,72.0,2.696,72.0,2.57,72.0,2.68,72.0,2.606,72.0,2.601,72.0,2.621,72.0,2.658
M,221.0,J.Ayew,55,55,Crystal Palace,65.0,2.792,65.0,2.405,65.0,2.507,65.0,2.817,65.0,2.492,65.0,2.709,65.0,2.425,65.0,2.84
M,98.0,Damsgaard,50,50,Brentford,67.0,2.645,67.0,2.632,67.0,2.629,67.0,2.811,67.0,2.331,67.0,2.74,67.0,2.739,67.0,2.432
M,451.0,Kouyaté,50,50,Nott'm Forest,76.0,2.379,76.0,2.917,76.0,2.422,76.0,2.506,76.0,2.883,76.0,2.312,76.0,2.576,76.0,2.573
M,240.0,Schlupp,50,50,Crystal Palace,65.0,2.707,65.0,2.384,65.0,2.454,65.0,2.735,65.0,2.439,65.0,2.65,65.0,2.402,65.0,2.758
F,293.0,Darwin,75,75,Liverpool,55.0,2.527,55.0,2.68,55.0,2.368,55.0,2.539,55.0,2.68,55.0,2.662,55.0,2.599,55.0,2.404
D,530.0,Cresswell,45,45,West Ham,65.0,2.944,65.0,2.702,65.0,2.097,65.0,3.183,65.0,1.789,65.0,1.955,65.0,3.589,65.0,2.169
F,343.0,Álvarez,65,65,Man City,55.0,2.608,55.0,2.231,55.0,3.16,55.0,2.523,55.0,2.502,55.0,2.588,55.0,2.588,55.0,2.217
M,66.0,Cook,50,50,Bournemouth,77.0,2.67,77.0,2.344,77.0,2.631,77.0,2.429,77.0,2.558,77.0,2.344,77.0,2.409,77.0,2.612
D,563.0,Kilman,45,45,Wolves,83.0,2.162,83.0,2.301,83.0,2.885,83.0,2.677,83.0,2.169,83.0,3.493,83.0,1.767,83.0,2.506
F,590.0,Cunha,55,55,Wolves,62.0,2.389,62.0,2.345,62.0,2.622,62.0,2.554,62.0,2.351,62.0,2.78,62.0,2.31,62.0,2.497
M,280.0,Palhinha,50,50,Fulham,77.0,2.507,77.0,2.446,77.0,2.211,77.0,2.113,77.0,2.769,77.0,2.418,77.0,2.476,77.0,2.759
M,310.0,Thiago,50,50,Liverpool,65.0,2.389,65.0,2.734,65.0,2.256,65.0,2.406,65.0,2.594,65.0,2.573,65.0,2.454,65.0,2.285
M,26.0,Trossard,70,70,Arsenal,55.0,2.669,55.0,2.413,55.0,2.532,55.0,2.31,55.0,2.512,55.0,2.494,55.0,2.607,55.0,2.086
D,572.0,Semedo,45,45,Wolves,78.0,2.126,78.0,2.263,78.0,2.827,78.0,2.622,78.0,2.134,78.0,3.422,78.0,1.731,78.0,2.457
D,528.0,Coufal,45,45,West Ham,65.0,2.799,65.0,2.573,65.0,1.993,65.0,3.036,65.0,1.687,65.0,1.845,65.0,3.442,65.0,2.065
M,261.0,Onana,50,50,Everton,67.0,2.442,67.0,2.258,67.0,2.524,67.0,2.499,67.0,2.221,67.0,2.288,67.0,2.663,67.0,2.516
D,441.0,Cook,45,45,Nott'm Forest,75.0,1.681,75.0,3.626,75.0,1.931,75.0,2.235,75.0,3.463,75.0,1.454,75.0,2.493,75.0,2.443
F,523.0,Antonio,60,60,West Ham,62.0,2.59,62.0,2.399,62.0,2.233,62.0,2.662,62.0,2.193,62.0,2.241,62.0,2.588,62.0,2.24
M,63.0,Billing,55,55,Bournemouth,65.0,2.51,65.0,2.235,65.0,2.483,65.0,2.359,65.0,2.421,65.0,2.233,65.0,2.253,65.0,2.496
D,480.0,Egan,45,45,Sheffield Utd,77.0,2.665,77.0,2.749,77.0,1.519,77.0,3.004,77.0,2.338,77.0,1.852,77.0,2.372,77.0,2.473
D,598.0,Doherty,45,45,Wolves,63.0,2.122,63.0,2.167,63.0,2.654,63.0,2.494,63.0,2.08,63.0,3.146,63.0,1.814,63.0,2.333
D,439.0,Boly,45,45,Nott'm Forest,70.0,1.67,70.0,3.471,70.0,1.901,70.0,2.178,70.0,3.319,70.0,1.457,70.0,2.422,70.0,2.373
D,474.0,Basham,40,40,Sheffield Utd,77.0,2.632,77.0,2.712,77.0,1.512,77.0,2.97,77.0,2.301,77.0,1.844,77.0,2.335,77.0,2.436
D,551.0,Dawson,45,45,Wolves,73.0,2.049,73.0,2.153,73.0,2.631,73.0,2.44,73.0,2.027,73.0,3.264,73.0,1.646,73.0,2.266
D,436.0,Aurier,45,45,Nott'm Forest,65.0,1.696,65.0,3.289,65.0,1.894,65.0,2.171,65.0,3.162,65.0,1.514,65.0,2.359,65.0,2.349
F,135.0,João Pedro,55,55,Brighton,62.0,2.512,62.0,2.36,62.0,2.314,62.0,2.191,62.0,2.197,62.0,2.356,62.0,2.246,62.0,2.197
D,467.0,N.Williams,45,45,Nott'm Forest,73.0,1.59,73.0,3.446,73.0,1.833,73.0,2.095,73.0,3.286,73.0,1.353,73.0,2.35,73.0,2.294
M,583.0,Solomon,55,55,Spurs,30.0,1.989,30.0,1.92,30.0,2.291,30.0,2.296,30.0,2.898,30.0,1.852,30.0,1.946,30.0,2.988
M,488.0,Norwood,50,50,Sheffield Utd,70.0,2.31,70.0,2.375,70.0,2.102,70.0,2.397,70.0,2.244,70.0,2.162,70.0,2.263,70.0,2.294
M,481.0,Fleck,50,50,Sheffield Utd,67.0,2.288,67.0,2.375,67.0,2.05,67.0,2.383,67.0,2.255,67.0,2.127,67.0,2.275,67.0,2.298
M,6.0,Havertz,75,75,Arsenal,55.0,2.456,55.0,2.193,55.0,2.324,55.0,2.105,55.0,2.3,55.0,2.294,55.0,2.398,55.0,1.935
F,485.0,McBurnie,55,55,Sheffield Utd,65.0,2.232,65.0,2.334,65.0,2.113,65.0,2.308,65.0,2.262,65.0,2.156,65.0,2.282,65.0,2.294
M,254.0,Gueye,50,50,Everton,67.0,2.266,67.0,2.081,67.0,2.347,67.0,2.322,67.0,2.041,67.0,2.11,67.0,2.426,67.0,2.344
D,455.0,McKenna,45,45,Nott'm Forest,75.0,1.508,75.0,3.406,75.0,1.756,75.0,2.017,75.0,3.243,75.0,1.288,75.0,2.274,75.0,2.221
M,382.0,Garnacho,50,50,Man Utd,30.0,2.245,30.0,2.235,30.0,2.237,30.0,2.074,30.0,2.088,30.0,2.279,30.0,2.191,30.0,2.179
M,493.0,Bissouma,50,50,Spurs,67.0,2.086,67.0,2.092,67.0,2.253,67.0,2.278,67.0,2.4,67.0,1.976,67.0,2.037,67.0,2.306
M,600.0,Redmond,50,50,Burnley,65.0,2.285,0.0,0.0,65.0,2.472,65.0,2.58,65.0,2.67,65.0,2.414,65.0,2.315,65.0,2.512
F,225.0,Edouard,55,55,Crystal Palace,60.0,2.244,60.0,1.96,60.0,2.077,60.0,2.233,60.0,2.076,60.0,2.156,60.0,2.005,60.0,2.235
M,165.0,Cullen,50,50,Burnley,87.0,2.269,0.0,0.0,87.0,2.417,87.0,2.518,87.0,2.585,87.0,2.391,87.0,2.258,87.0,2.473
M,557.0,Hwang,55,55,Wolves,58.0,2.008,58.0,2.009,58.0,2.217,58.0,2.117,58.0,2.006,58.0,2.385,58.0,1.946,58.0,2.104
M,294.0,Diogo Jota,80,80,Liverpool,45.0,2.036,45.0,2.306,45.0,1.87,45.0,2.042,45.0,2.312,45.0,2.201,45.0,2.134,45.0,1.871
D,548.0,Bueno,45,45,Wolves,65.0,1.886,65.0,1.956,65.0,2.383,65.0,2.22,65.0,1.858,65.0,2.844,65.0,1.548,65.0,2.07
M,475.0,Berge,50,50,Sheffield Utd,65.0,2.109,65.0,2.203,65.0,1.909,65.0,2.205,65.0,2.078,65.0,1.97,65.0,2.099,65.0,2.12
D,473.0,Baldock,40,40,Sheffield Utd,67.0,2.312,67.0,2.409,67.0,1.366,67.0,2.597,67.0,2.076,67.0,1.649,67.0,2.099,67.0,2.172
D,41.0,Diego Carlos,45,45,Aston Villa,57.0,1.714,57.0,2.371,57.0,2.337,57.0,1.711,57.0,2.203,57.0,1.972,57.0,1.902,57.0,2.293
D,514.0,R.Sessegnon,45,45,Spurs,55.0,1.863,55.0,1.903,55.0,2.206,55.0,2.248,55.0,2.446,55.0,1.637,55.0,1.737,55.0,2.396
M,161.0,Brownhill,50,50,Burnley,78.0,2.179,0.0,0.0,78.0,2.344,78.0,2.444,78.0,2.502,78.0,2.322,78.0,2.186,78.0,2.399
D,507.0,Perišić,50,50,Spurs,55.0,1.848,55.0,1.879,55.0,2.177,55.0,2.237,55.0,2.496,55.0,1.571,55.0,1.704,55.0,2.388
D,176.0,Roberts,45,45,Burnley,75.0,1.638,0.0,0.0,75.0,2.269,75.0,2.817,75.0,2.865,75.0,2.298,75.0,1.692,75.0,2.577
F,558.0,Jiménez,55,55,Fulham,55.0,2.072,55.0,1.944,55.0,1.816,55.0,1.793,55.0,2.219,55.0,1.999,55.0,1.963,55.0,2.149
D,84.0,Smith,45,45,Bournemouth,65.0,2.405,65.0,1.515,65.0,2.346,65.0,1.889,65.0,2.183,65.0,1.619,65.0,1.708,65.0,2.234
M,163.0,Cork,50,50,Burnley,75.0,2.116,0.0,0.0,75.0,2.251,75.0,2.35,75.0,2.41,75.0,2.234,75.0,2.115,75.0,2.305
F,232.0,Mateta,50,50,Crystal Palace,55.0,2.063,55.0,1.786,55.0,1.92,55.0,2.069,55.0,1.933,55.0,2.012,55.0,1.85,55.0,2.07
F,486.0,Ndiaye,55,55,Sheffield Utd,65.0,1.941,65.0,2.012,65.0,1.884,65.0,1.987,65.0,1.942,65.0,1.905,65.0,1.961,65.0,1.972
D,573.0,Toti,45,45,Wolves,67.0,1.706,67.0,1.782,67.0,2.259,67.0,2.081,67.0,1.674,67.0,2.757,67.0,1.342,67.0,1.917
D,178.0,Taylor,40,40,Burnley,75.0,1.549,0.0,0.0,75.0,2.141,75.0,2.688,75.0,2.735,75.0,2.203,75.0,1.599,75.0,2.449
M,565.0,Lemina,50,50,Wolves,64.0,1.857,64.0,1.866,64.0,2.005,64.0,1.942,64.0,1.859,64.0,2.123,64.0,1.783,64.0,1.916
F,154.0,Welbeck,60,60,Brighton,45.0,2.121,45.0,2.054,45.0,1.962,45.0,1.737,45.0,1.8,45.0,2.042,45.0,1.852,45.0,1.753
M,412.0,Gordon,55,55,Newcastle,55.0,1.87,55.0,1.673,55.0,1.753,55.0,1.723,55.0,1.891,55.0,2.085,55.0,2.117,55.0,1.946
F,468.0,Wood,50,50,Nott'm Forest,55.0,1.755,55.0,1.989,55.0,1.802,55.0,1.887,55.0,2.005,55.0,1.736,55.0,1.876,55.0,1.9
M,509.0,Richarlison,70,70,Spurs,35.0,1.644,35.0,1.604,35.0,1.861,35.0,1.88,35.0,1.878,35.0,1.525,35.0,1.551,35.0,1.972
F,149.0,Undav,55,55,Brighton,22.0,2.36,22.0,1.825,22.0,1.766,22.0,1.464,22.0,1.52,22.0,1.811,22.0,1.6,22.0,1.537
D,198.0,Cucurella,50,50,Chelsea,55.0,1.416,55.0,1.635,55.0,2.029,55.0,1.955,55.0,1.76,55.0,1.577,55.0,1.662,55.0,1.797
M,95.0,Canós,50,50,Brentford,55.0,1.662,55.0,1.662,55.0,1.643,55.0,1.776,55.0,1.514,55.0,1.706,55.0,1.749,55.0,1.551
M,282.0,Reed,50,50,Fulham,55.0,1.677,55.0,1.595,55.0,1.512,55.0,1.486,55.0,1.785,55.0,1.623,55.0,1.601,55.0,1.782
M,356.0,Kovacic,50,50,Man City,55.0,1.701,55.0,1.502,55.0,1.718,55.0,1.65,55.0,1.593,55.0,1.736,55.0,1.688,55.0,1.466
M,371.0,Amad,45,45,Man Utd,8.0,1.837,8.0,1.572,8.0,1.831,8.0,1.326,8.0,1.346,8.0,1.863,8.0,1.575,8.0,1.64
M,87.0,H.Traorè,50,50,Bournemouth,32.0,1.688,32.0,1.54,32.0,1.68,32.0,1.585,32.0,1.598,32.0,1.537,32.0,1.537,32.0,1.705
F,183.0,Weghorst,55,55,Burnley,55.0,1.705,0.0,0.0,55.0,1.82,55.0,1.904,55.0,2.01,55.0,1.781,55.0,1.717,55.0,1.828
M,288.0,Wilson,55,55,Fulham,34.0,1.646,34.0,1.528,34.0,1.433,34.0,1.404,34.0,1.799,34.0,1.566,34.0,1.534,34.0,1.711
M,208.0,Madueke,55,55,Chelsea,35.0,1.403,35.0,1.538,35.0,1.726,35.0,1.621,35.0,1.622,35.0,1.469,35.0,1.546,35.0,1.634
M,527.0,Cornet,55,55,West Ham,35.0,1.719,35.0,1.543,35.0,1.407,35.0,1.816,35.0,1.41,35.0,1.413,35.0,1.726,35.0,1.415
F,287.0,Vinícius,50,50,Fulham,25.0,1.458,25.0,1.382,25.0,1.301,25.0,1.266,25.0,2.018,25.0,1.405,25.0,1.393,25.0,1.948
D,51.0,Mings,45,45,Aston Villa,54.0,1.27,54.0,1.731,54.0,1.703,54.0,1.271,54.0,1.606,54.0,1.462,54.0,1.389,54.0,1.674
M,549.0,Chiquinho,45,45,Wolves,24.0,1.44,24.0,1.41,24.0,1.559,24.0,1.521,24.0,1.409,24.0,1.687,24.0,1.387,24.0,1.518
M,64.0,Brooks,50,50,Bournemouth,45.0,1.562,45.0,1.407,45.0,1.553,45.0,1.463,45.0,1.473,45.0,1.403,45.0,1.41,45.0,1.582
M,170.0,Gudmundsson,50,50,Burnley,55.0,1.571,0.0,0.0,55.0,1.668,55.0,1.718,55.0,1.795,55.0,1.633,55.0,1.573,55.0,1.683
M,381.0,Fred,50,50,Man Utd,45.0,1.54,45.0,1.432,45.0,1.532,45.0,1.323,45.0,1.336,45.0,1.555,45.0,1.417,45.0,1.383
M,223.0,C.Doucouré,50,50,Crystal Palace,55.0,1.515,55.0,1.356,55.0,1.386,55.0,1.518,55.0,1.38,55.0,1.465,55.0,1.364,55.0,1.527
D,604.0,Aina,45,45,Nott'm Forest,32.0,1.282,32.0,1.52,32.0,1.299,32.0,1.35,32.0,1.48,32.0,1.244,32.0,1.351,32.0,1.384
M,59.0,Traoré,50,50,Aston Villa,15.0,1.243,15.0,1.408,15.0,1.461,15.0,1.241,15.0,1.312,15.0,1.294,15.0,1.25,15.0,1.444
D,532.0,Emerson,45,45,West Ham,45.0,1.388,45.0,1.296,45.0,1.254,45.0,1.403,45.0,1.254,45.0,1.253,45.0,1.413,45.0,1.264
D,545.0,Aït-Nouri,45,45,Wolves,35.0,1.253,35.0,1.244,35.0,1.367,35.0,1.314,35.0,1.25,35.0,1.417,35.0,1.244,35.0,1.308
M,99.0,Dasilva,50,50,Brentford,23.0,1.284,23.0,1.296,23.0,1.261,23.0,1.347,23.0,1.197,23.0,1.315,23.0,1.351,23.0,1.225
M,543.0,Vlasic,45,45,West Ham,24.0,1.352,24.0,1.261,24.0,1.189,24.0,1.48,24.0,1.154,24.0,1.196,24.0,1.388,24.0,1.195
D,302.0,Konaté,50,50,Liverpool,47.0,1.208,47.0,1.359,47.0,1.17,47.0,1.217,47.0,1.324,47.0,1.283,47.0,1.24,47.0,1.177
F,76.0,Moore,50,50,Bournemouth,24.0,1.279,24.0,1.172,24.0,1.27,24.0,1.236,24.0,1.246,24.0,1.168,24.0,1.175,24.0,1.285
D,260.0,Mykolenko,45,45,Everton,33.0,1.209,33.0,1.161,33.0,1.254,33.0,1.267,33.0,1.137,33.0,1.161,33.0,1.266,33.0,1.257
M,360.0,McAtee,45,45,Man City,24.0,1.207,24.0,1.18,24.0,1.187,24.0,1.226,24.0,1.212,24.0,1.194,24.0,1.199,24.0,1.166
D,536.0,Johnson,45,45,West Ham,45.0,1.263,45.0,1.176,45.0,1.136,45.0,1.282,45.0,1.136,45.0,1.136,45.0,1.289,45.0,1.145
D,96.0,Collins,45,45,Brentford,43.0,1.189,43.0,1.197,43.0,1.165,43.0,1.254,43.0,1.112,43.0,1.219,43.0,1.25,43.0,1.124
M,295.0,Elliott,50,50,Liverpool,23.0,1.156,23.0,1.248,23.0,1.117,23.0,1.162,23.0,1.254,23.0,1.201,23.0,1.181,23.0,1.118
M,378.0,Elanga,50,50,Nott'm Forest,23.0,1.081,23.0,1.332,23.0,1.136,23.0,1.166,23.0,1.287,23.0,1.043,23.0,1.172,23.0,1.185
D,90.0,Ajer,45,45,Brentford,43.0,1.147,43.0,1.154,43.0,1.124,43.0,1.224,43.0,1.078,43.0,1.182,43.0,1.22,43.0,1.091
D,465.0,Toffolo,45,45,Nott'm Forest,34.0,1.09,34.0,1.211,34.0,1.101,34.0,1.111,34.0,1.207,34.0,1.09,34.0,1.115,34.0,1.119
F,258.0,Maupay,50,50,Everton,22.0,1.136,22.0,1.089,22.0,1.161,22.0,1.154,22.0,1.0,22.0,1.079,22.0,1.223,22.0,1.16
D,203.0,Gusto,40,40,Chelsea,23.0,0.998,23.0,1.066,23.0,1.168,23.0,1.139,23.0,1.14,23.0,1.035,23.0,1.074,23.0,1.161
M,196.0,Chukwuemeka,45,45,Chelsea,22.0,0.995,22.0,1.043,22.0,1.243,22.0,1.109,22.0,1.112,22.0,1.018,22.0,1.051,22.0,1.132
M,125.0,Buonanotte,50,50,Brighton,22.0,1.27,22.0,1.154,22.0,1.082,22.0,0.979,22.0,0.995,22.0,1.146,22.0,1.027,22.0,0.987
M,229.0,Hughes,50,50,Crystal Palace,25.0,1.139,25.0,1.005,25.0,1.041,25.0,1.122,25.0,1.041,25.0,1.086,25.0,1.011,25.0,1.123
D,560.0,Jonny,45,45,Wolves,25.0,1.014,25.0,1.01,25.0,1.102,25.0,1.054,25.0,1.014,25.0,1.142,25.0,0.996,25.0,1.049
D,358.0,Lewis,45,45,Man City,23.0,1.091,23.0,0.967,23.0,1.101,23.0,1.031,23.0,1.017,23.0,1.069,23.0,1.078,23.0,0.953
D,311.0,Tsimikas,45,45,Liverpool,22.0,1.015,22.0,1.126,22.0,0.958,22.0,1.022,22.0,1.131,22.0,1.059,22.0,1.037,22.0,0.959
M,270.0,De Cordova-Reid,55,55,Fulham,22.0,1.068,22.0,1.019,22.0,0.958,22.0,0.943,22.0,1.159,22.0,1.027,22.0,1.021,22.0,1.098
M,392.0,McTominay,50,50,Man Utd,22.0,1.078,22.0,1.024,22.0,1.072,22.0,0.948,22.0,0.96,22.0,1.091,22.0,1.008,22.0,1.004
M,244.0,André Gomes,45,45,Everton,24.0,1.018,24.0,0.971,24.0,1.045,24.0,1.056,24.0,0.96,24.0,0.971,24.0,1.056,24.0,1.048
D,512.0,Sánchez,45,45,Spurs,24.0,0.952,24.0,0.934,24.0,1.036,24.0,1.041,24.0,1.043,24.0,0.913,24.0,0.928,24.0,1.045
D,369.0,Walker,50,50,Man City,23.0,1.032,23.0,0.908,23.0,1.036,23.0,0.985,23.0,0.969,23.0,1.02,23.0,1.025,23.0,0.893
M,65.0,Christie,50,50,Bournemouth,22.0,1.0,22.0,0.934,22.0,0.992,22.0,0.96,22.0,0.969,22.0,0.931,22.0,0.937,22.0,1.011
M,133.0,Gilmour,50,50,Brighton,22.0,1.017,22.0,1.004,22.0,0.964,22.0,0.913,22.0,0.913,22.0,1.001,22.0,0.923,22.0,0.919
D,194.0,Chalobah,45,45,Chelsea,22.0,0.861,22.0,0.923,22.0,0.986,22.0,0.969,22.0,0.97,22.0,0.894,22.0,0.931,22.0,0.983
M,446.0,Freuler,50,50,Nott'm Forest,24.0,0.899,24.0,0.998,24.0,0.909,24.0,0.921,24.0,0.994,24.0,0.886,24.0,0.925,24.0,0.928
D,389.0,Malacia,45,45,Man Utd,23.0,0.997,23.0,0.926,23.0,0.99,23.0,0.85,23.0,0.861,23.0,1.006,23.0,0.917,23.0,0.903
M,4.0,Fábio Vieira,55,55,Arsenal,15.0,0.987,15.0,0.907,15.0,0.943,15.0,0.898,15.0,0.932,15.0,0.924,15.0,0.975,15.0,0.855
F,538.0,Mubama,45,45,West Ham,15.0,0.921,15.0,0.895,15.0,0.84,15.0,1.09,15.0,0.853,15.0,0.848,15.0,1.085,15.0,0.847
D,517.0,Spence,40,40,Spurs,18.0,0.878,18.0,0.876,18.0,0.956,18.0,0.961,18.0,0.963,18.0,0.841,18.0,0.855,18.0,1.039
F,13.0,Nketiah,55,55,Arsenal,13.0,0.825,13.0,0.969,13.0,0.981,13.0,0.936,13.0,0.973,13.0,0.969,13.0,0.827,13.0,0.888
F,535.0,Ings,60,60,West Ham,15.0,1.001,15.0,0.921,15.0,0.843,15.0,1.069,15.0,0.826,15.0,0.849,15.0,0.995,15.0,0.847
D,252.0,Godfrey,45,45,Everton,22.0,0.913,22.0,0.865,22.0,0.941,22.0,0.952,22.0,0.856,22.0,0.865,22.0,0.952,22.0,0.943
D,387.0,Maguire,45,45,Man Utd,22.0,0.969,22.0,0.906,22.0,0.962,22.0,0.838,22.0,0.85,22.0,0.978,22.0,0.889,22.0,0.884
D,537.0,Kehrer,45,45,West Ham,23.0,0.961,23.0,0.888,23.0,0.847,23.0,0.971,23.0,0.834,23.0,0.851,23.0,0.971,23.0,0.855
M,22.0,Smith Rowe,55,55,Arsenal,13.0,0.961,13.0,0.812,13.0,0.85,13.0,0.875,13.0,0.85,13.0,0.838,13.0,0.949,13.0,0.845
M,138.0,Lallana,50,50,Brighton,12.0,1.004,12.0,0.908,12.0,0.872,12.0,0.81,12.0,0.812,12.0,0.898,12.0,0.836,12.0,0.818
M,362.0,Palmer,50,50,Man City,12.0,0.945,12.0,0.778,12.0,0.955,12.0,0.848,12.0,0.834,12.0,0.907,12.0,0.91,12.0,0.763
M,300.0,Jones,50,50,Liverpool,13.0,0.84,13.0,0.93,13.0,0.797,13.0,0.846,13.0,0.936,13.0,0.876,13.0,0.856,13.0,0.798
M,591.0,Willian,55,55,Fulham,13.0,0.824,13.0,0.786,13.0,0.732,13.0,0.719,13.0,1.039,13.0,0.791,13.0,0.787,13.0,0.951
M,492.0,Bentancur,55,55,Spurs,12.0,0.781,12.0,0.758,12.0,0.87,12.0,0.875,12.0,0.876,12.0,0.737,12.0,0.751,12.0,0.879
M,442.0,Danilo,55,55,Nott'm Forest,12.0,0.766,12.0,0.908,12.0,0.775,12.0,0.804,12.0,0.904,12.0,0.743,12.0,0.808,12.0,0.813
F,464.0,Surridge,45,45,Nott'm Forest,12.0,0.774,12.0,0.815,12.0,0.81,12.0,0.843,12.0,0.831,12.0,0.749,12.0,0.841,12.0,0.853
D,318.0,Burke,40,40,Luton,23.0,0.857,0.0,0.0,23.0,0.895,23.0,0.935,23.0,0.935,23.0,0.969,23.0,0.946,23.0,0.926
D,357.0,Laporte,50,50,Man City,16.0,0.852,16.0,0.734,16.0,0.857,16.0,0.807,16.0,0.792,16.0,0.84,16.0,0.845,16.0,0.719
F,264.0,Simms,45,45,Everton,8.0,0.683,8.0,0.65,8.0,0.702,8.0,1.017,8.0,0.614,8.0,0.651,8.0,1.087,8.0,0.704
M,142.0,Milner,50,50,Brighton,15.0,0.853,15.0,0.817,15.0,0.76,15.0,0.691,15.0,0.698,15.0,0.805,15.0,0.723,15.0,0.701
D,204.0,Hall,45,45,Chelsea,12.0,0.679,12.0,0.713,12.0,0.916,12.0,0.76,12.0,0.751,12.0,0.703,12.0,0.721,12.0,0.779
F,82.0,Semenyo,45,45,Bournemouth,12.0,0.772,12.0,0.71,12.0,0.763,12.0,0.742,12.0,0.75,12.0,0.706,12.0,0.713,12.0,0.778
D,191.0,Badiashile,45,45,Chelsea,15.0,0.674,15.0,0.727,15.0,0.784,15.0,0.766,15.0,0.767,15.0,0.7,15.0,0.734,15.0,0.78
D,366.0,Sergio Gómez,40,40,Man City,12.0,0.819,12.0,0.639,12.0,0.829,12.0,0.72,12.0,0.705,12.0,0.781,12.0,0.787,12.0,0.623
D,197.0,Colwill,45,45,Chelsea,14.0,0.637,14.0,0.699,14.0,0.858,14.0,0.767,14.0,0.765,14.0,0.675,14.0,0.707,14.0,0.781
M,105.0,Janelt,55,55,Brentford,14.0,0.738,14.0,0.748,14.0,0.721,14.0,0.776,14.0,0.675,14.0,0.761,14.0,0.776,14.0,0.684
M,292.0,Bajcetic,50,50,Liverpool,15.0,0.708,15.0,0.775,15.0,0.685,15.0,0.713,15.0,0.781,15.0,0.743,15.0,0.724,15.0,0.686
F,200.0,D.D.Fofana,50,50,Chelsea,12.0,0.64,12.0,0.712,12.0,0.804,12.0,0.716,12.0,0.717,12.0,0.703,12.0,0.719,12.0,0.73
D,139.0,Lamptey,40,40,Brighton,15.0,0.789,15.0,0.776,15.0,0.72,15.0,0.648,15.0,0.65,15.0,0.772,15.0,0.677,15.0,0.655
M,400.0,Van de Beek,50,50,Man Utd,14.0,0.749,14.0,0.697,14.0,0.743,14.0,0.653,14.0,0.665,14.0,0.762,14.0,0.687,14.0,0.684
M,146.0,Sarmiento,45,45,Brighton,12.0,0.87,12.0,0.744,12.0,0.678,12.0,0.624,12.0,0.633,12.0,0.737,12.0,0.638,12.0,0.632
M,268.0,Cairney,50,50,Fulham,13.0,0.709,13.0,0.674,13.0,0.629,13.0,0.606,13.0,0.784,13.0,0.679,13.0,0.677,13.0,0.758
D,495.0,Davies,45,45,Spurs,12.0,0.651,12.0,0.636,12.0,0.734,12.0,0.744,12.0,0.749,12.0,0.613,12.0,0.63,12.0,0.755
M,505.0,Ndombele,45,45,Spurs,12.0,0.639,12.0,0.621,12.0,0.729,12.0,0.74,12.0,0.744,12.0,0.599,12.0,0.615,12.0,0.776
M,67.0,Dembélé,45,45,Bournemouth,12.0,0.703,12.0,0.666,12.0,0.701,12.0,0.676,12.0,0.684,12.0,0.658,12.0,0.665,12.0,0.71
D,42.0,Digne,45,45,Aston Villa,14.0,0.606,14.0,0.714,14.0,0.777,14.0,0.604,14.0,0.658,14.0,0.649,14.0,0.613,14.0,0.765
D,245.0,Branthwaite,40,40,Everton,12.0,0.648,12.0,0.605,12.0,0.678,12.0,0.689,12.0,0.582,12.0,0.605,12.0,0.896,12.0,0.68
M,202.0,Gallagher,55,55,Chelsea,12.0,0.586,12.0,0.638,12.0,0.791,12.0,0.675,12.0,0.679,12.0,0.616,12.0,0.646,12.0,0.697
D,370.0,Telles,45,45,Man Utd,12.0,0.732,12.0,0.645,12.0,0.725,12.0,0.574,12.0,0.586,12.0,0.748,12.0,0.63,12.0,0.626
M,144.0,Moder,45,45,Brighton,14.0,0.782,14.0,0.705,14.0,0.644,14.0,0.601,14.0,0.601,14.0,0.701,14.0,0.606,14.0,0.604
D,401.0,Wan-Bissaka,45,45,Man Utd,12.0,0.711,12.0,0.652,12.0,0.704,12.0,0.584,12.0,0.595,12.0,0.72,12.0,0.637,12.0,0.634
D,173.0,O'Shea,45,45,Burnley,20.0,0.776,0.0,0.0,20.0,0.729,20.0,0.757,20.0,0.8,20.0,0.726,20.0,0.711,20.0,0.731
D,241.0,Tomkins,40,40,Crystal Palace,8.0,0.699,8.0,0.61,8.0,0.629,8.0,0.684,8.0,0.628,8.0,0.659,8.0,0.612,8.0,0.685
M,515.0,Skipp,50,50,Spurs,15.0,0.61,15.0,0.608,15.0,0.679,15.0,0.685,15.0,0.686,15.0,0.586,15.0,0.602,15.0,0.691
M,72.0,Kluivert,50,50,Bournemouth,8.0,0.66,8.0,0.598,8.0,0.658,8.0,0.632,8.0,0.642,8.0,0.591,8.0,0.597,8.0,0.672
M,111.0,Onyeka,50,50,Brentford,12.0,0.616,12.0,0.626,12.0,0.599,12.0,0.665,12.0,0.573,12.0,0.645,12.0,0.667,12.0,0.584
M,124.0,Ayari,45,45,Brighton,8.0,0.835,8.0,0.639,8.0,0.613,8.0,0.503,8.0,0.593,8.0,0.611,8.0,0.62,8.0,0.515
M,40.0,Dendoncker,50,50,Aston Villa,13.0,0.567,13.0,0.648,13.0,0.682,13.0,0.566,13.0,0.609,13.0,0.602,13.0,0.573,13.0,0.674
D,150.0,Van Hecke,40,40,Brighton,14.0,0.736,14.0,0.649,14.0,0.611,14.0,0.567,14.0,0.566,14.0,0.645,14.0,0.57,14.0,0.571
D,255.0,Holgate,40,40,Everton,13.0,0.612,13.0,0.568,13.0,0.638,13.0,0.65,13.0,0.546,13.0,0.568,13.0,0.649,13.0,0.64
M,364.0,Phillips,50,50,Man City,12.0,0.638,12.0,0.546,12.0,0.642,12.0,0.596,12.0,0.582,12.0,0.625,12.0,0.63,12.0,0.532
D,25.0,Tomiyasu,45,45,Arsenal,12.0,0.643,12.0,0.577,12.0,0.612,12.0,0.549,12.0,0.614,12.0,0.596,12.0,0.646,12.0,0.531
D,83.0,Senesi,45,45,Bournemouth,12.0,0.625,12.0,0.559,12.0,0.616,12.0,0.585,12.0,0.594,12.0,0.555,12.0,0.562,12.0,0.635
D,386.0,Lindelöf,45,45,Man Utd,12.0,0.64,12.0,0.58,12.0,0.633,12.0,0.522,12.0,0.534,12.0,0.649,12.0,0.566,12.0,0.563
D,606.0,Igor,45,45,Brighton,12.0,0.654,12.0,0.638,12.0,0.595,12.0,0.533,12.0,0.532,12.0,0.634,12.0,0.552,12.0,0.538
M,394.0,Pellistri,45,45,Man Utd,12.0,0.623,12.0,0.57,12.0,0.616,12.0,0.532,12.0,0.543,12.0,0.632,12.0,0.559,12.0,0.556
D,428.0,Targett,45,45,Newcastle,12.0,0.568,12.0,0.511,12.0,0.538,12.0,0.518,12.0,0.569,12.0,0.669,12.0,0.649,12.0,0.592
F,174.0,Obafemi,50,50,Burnley,11.0,0.605,0.0,0.0,11.0,0.663,11.0,0.68,11.0,0.728,11.0,0.641,11.0,0.615,11.0,0.665
F,44.0,Durán,50,50,Aston Villa,13.0,0.547,13.0,0.599,13.0,0.575,13.0,0.544,13.0,0.592,13.0,0.585,13.0,0.553,13.0,0.565
M,79.0,Pearson,45,45,Bournemouth,15.0,0.592,15.0,0.548,15.0,0.584,15.0,0.559,15.0,0.566,15.0,0.547,15.0,0.554,15.0,0.599
D,298.0,Gomez,45,45,Liverpool,12.0,0.542,12.0,0.619,12.0,0.507,12.0,0.548,12.0,0.621,12.0,0.581,12.0,0.561,12.0,0.507
D,277.0,Mbabu,40,40,Fulham,12.0,0.549,12.0,0.522,12.0,0.473,12.0,0.466,12.0,0.673,12.0,0.516,12.0,0.524,12.0,0.67
M,92.0,Baptiste,45,45,Brentford,11.0,0.534,11.0,0.545,11.0,0.517,11.0,0.57,11.0,0.485,11.0,0.555,11.0,0.573,11.0,0.498
M,494.0,Bryan,50,50,Spurs,8.0,0.47,8.0,0.47,8.0,0.559,8.0,0.579,8.0,0.583,8.0,0.423,8.0,0.44,8.0,0.676
D,104.0,Hickey,45,45,Brentford,11.0,0.475,11.0,0.484,11.0,0.455,11.0,0.519,11.0,0.433,11.0,0.499,11.0,0.519,11.0,0.442
F,193.0,Broja,50,50,Chelsea,3.0,0.403,3.0,0.452,3.0,0.577,3.0,0.489,3.0,0.487,3.0,0.444,3.0,0.459,3.0,0.505
M,56.0,Sanson,45,45,Aston Villa,8.0,0.404,8.0,0.468,8.0,0.527,8.0,0.406,8.0,0.429,8.0,0.423,8.0,0.411,8.0,0.515
M,9.0,Jorginho,55,55,Arsenal,10.0,0.483,10.0,0.423,10.0,0.456,10.0,0.396,10.0,0.457,10.0,0.441,10.0,0.483,10.0,0.381
D,24.0,Tierney,45,45,Arsenal,8.0,0.495,8.0,0.409,8.0,0.441,8.0,0.382,8.0,0.449,8.0,0.432,8.0,0.494,8.0,0.367
M,410.0,Fraser,50,50,Newcastle,8.0,0.409,8.0,0.366,8.0,0.386,8.0,0.368,8.0,0.411,8.0,0.551,8.0,0.52,8.0,0.424
M,38.0,Coutinho,60,60,Aston Villa,7.0,0.359,7.0,0.426,7.0,0.489,7.0,0.355,7.0,0.401,7.0,0.393,7.0,0.365,7.0,0.472
M,81.0,Rothwell,50,50,Bournemouth,10.0,0.428,10.0,0.386,10.0,0.42,10.0,0.395,10.0,0.403,10.0,0.382,10.0,0.388,10.0,0.443
D,271.0,Diop,45,45,Fulham,10.0,0.425,10.0,0.386,10.0,0.348,10.0,0.342,10.0,0.466,10.0,0.388,10.0,0.388,10.0,0.463
M,269.0,Cavaleiro,50,50,Fulham,8.0,0.41,8.0,0.383,8.0,0.345,8.0,0.34,8.0,0.511,8.0,0.385,8.0,0.384,8.0,0.446
D,242.0,Ward,45,45,Crystal Palace,8.0,0.448,8.0,0.345,8.0,0.37,8.0,0.433,8.0,0.37,8.0,0.405,8.0,0.348,8.0,0.434
D,45.0,Hause,40,40,Aston Villa,8.0,0.342,8.0,0.418,8.0,0.453,8.0,0.337,8.0,0.379,8.0,0.371,8.0,0.348,8.0,0.445
D,37.0,Chambers,40,40,Aston Villa,8.0,0.33,8.0,0.41,8.0,0.453,8.0,0.331,8.0,0.37,8.0,0.364,8.0,0.337,8.0,0.44
G,524.0,Areola,40,40,West Ham,10.0,0.402,10.0,0.387,10.0,0.353,10.0,0.407,10.0,0.353,10.0,0.355,10.0,0.407,10.0,0.361
M,16.0,Pépé,50,50,Arsenal,3.0,0.419,3.0,0.353,3.0,0.371,3.0,0.331,3.0,0.377,3.0,0.367,3.0,0.42,3.0,0.28
M,123.0,Alzate,45,45,Brighton,8.0,0.405,8.0,0.39,8.0,0.353,8.0,0.319,8.0,0.317,8.0,0.386,8.0,0.323,8.0,0.323
D,189.0,Azpilicueta,45,45,Chelsea,5.0,0.241,5.0,0.288,5.0,0.365,5.0,0.344,5.0,0.349,5.0,0.27,5.0,0.299,5.0,0.362
D,10.0,Kiwior,45,45,Arsenal,6.0,0.355,6.0,0.293,6.0,0.325,6.0,0.271,6.0,0.327,6.0,0.316,6.0,0.355,6.0,0.256
M,503.0,Lo Celso,50,50,Spurs,2.0,0.233,2.0,0.241,2.0,0.318,2.0,0.342,2.0,0.399,2.0,0.199,2.0,0.22,2.0,0.492
M,248.0,Dele,50,50,Everton,5.0,0.253,5.0,0.222,5.0,0.303,5.0,0.314,5.0,0.2,5.0,0.222,5.0,0.377,5.0,0.306
F,100.0,Dervişoğlu,45,45,Brentford,5.0,0.287,5.0,0.288,5.0,0.278,5.0,0.257,5.0,0.255,5.0,0.294,5.0,0.258,5.0,0.265
D,7.0,Holding,45,45,Arsenal,4.0,0.314,4.0,0.251,4.0,0.283,4.0,0.23,4.0,0.285,4.0,0.276,4.0,0.313,4.0,0.198
M,52.0,Nakamba,45,45,Luton,8.0,0.27,0.0,0.0,8.0,0.282,8.0,0.307,8.0,0.307,8.0,0.335,8.0,0.314,8.0,0.306
M,128.0,Dahoud,50,50,Brighton,3.0,0.423,3.0,0.313,3.0,0.245,3.0,0.196,3.0,0.195,3.0,0.305,3.0,0.214,3.0,0.203
F,127.0,Connolly,45,45,Brighton,3.0,0.402,3.0,0.271,3.0,0.238,3.0,0.194,3.0,0.191,3.0,0.265,3.0,0.212,3.0,0.197
M,21.0,Sambi,50,50,Arsenal,5.0,0.277,5.0,0.224,5.0,0.251,5.0,0.217,5.0,0.252,5.0,0.243,5.0,0.277,5.0,0.204
F,61.0,Wesley,50,50,Aston Villa,1.0,0.199,1.0,0.259,1.0,0.292,1.0,0.194,1.0,0.234,1.0,0.227,1.0,0.204,1.0,0.283
D,23.0,Tavares,40,40,Arsenal,2.0,0.258,2.0,0.199,2.0,0.227,2.0,0.183,2.0,0.23,2.0,0.221,2.0,0.261,2.0,0.146
M,62.0,Anthony,50,50,Bournemouth,3.0,0.239,3.0,0.186,3.0,0.238,3.0,0.212,3.0,0.221,3.0,0.183,3.0,0.19,3.0,0.247
D,214.0,Sarr,45,45,Chelsea,4.0,0.15,4.0,0.196,4.0,0.255,4.0,0.235,4.0,0.237,4.0,0.178,4.0,0.201,4.0,0.249
D,121.0,Zanka,45,45,Brentford,3.0,0.195,3.0,0.198,3.0,0.175,3.0,0.232,3.0,0.136,3.0,0.212,3.0,0.233,3.0,0.145
F,33.0,Archer,45,45,Aston Villa,3.0,0.132,3.0,0.174,3.0,0.207,3.0,0.127,3.0,0.15,3.0,0.142,3.0,0.138,3.0,0.197
D,68.0,Fredericks,45,45,Bournemouth,4.0,0.184,4.0,0.128,4.0,0.183,4.0,0.153,4.0,0.162,4.0,0.124,4.0,0.131,4.0,0.193
D,75.0,Mepham,45,45,Bournemouth,3.0,0.183,3.0,0.127,3.0,0.181,3.0,0.152,3.0,0.161,3.0,0.124,3.0,0.131,3.0,0.192
M,3.0,Elneny,45,45,Arsenal,3.0,0.191,3.0,0.136,3.0,0.161,3.0,0.132,3.0,0.162,3.0,0.155,3.0,0.191,3.0,0.119
M,47.0,Kamara,50,50,Aston Villa,3.0,0.119,3.0,0.171,3.0,0.204,3.0,0.117,3.0,0.14,3.0,0.133,3.0,0.125,3.0,0.196
G,361.0,Ortega,40,40,Man City,2.0,0.135,2.0,0.118,2.0,0.136,2.0,0.162,2.0,0.112,2.0,0.154,2.0,0.129,2.0,0.072
M,46.0,Iroegbunam,45,45,Aston Villa,3.0,0.091,3.0,0.136,3.0,0.169,3.0,0.086,3.0,0.11,3.0,0.102,3.0,0.097,3.0,0.161
G,113.0,Raya,50,50,Brentford,1.0,0.073,1.0,0.082,1.0,0.074,1.0,0.085,1.0,0.044,1.0,0.079,1.0,0.086,1.0,0.047
G,385.0,Henderson,45,45,Man Utd,1.0,0.088,1.0,0.067,1.0,0.082,1.0,0.038,1.0,0.049,1.0,0.098,1.0,0.073,1.0,0.073
G,145.0,Sánchez,45,45,Brighton,1.0,0.095,1.0,0.091,1.0,0.075,1.0,0.05,1.0,0.047,1.0,0.083,1.0,0.068,1.0,0.051
G,53.0,Olsen,40,40,Aston Villa,1.0,0.045,1.0,0.079,1.0,0.1,1.0,0.041,1.0,0.075,1.0,0.071,1.0,0.051,1.0,0.093
G,409.0,Dubravka,40,40,Newcastle,1.0,0.077,1.0,0.033,1.0,0.053,1.0,0.042,1.0,0.077,1.0,0.1,1.0,0.097,1.0,0.072
G,227.0,Guaita,45,45,Crystal Palace,1.0,0.085,1.0,0.044,1.0,0.065,1.0,0.075,1.0,0.065,1.0,0.078,1.0,0.044,1.0,0.077
G,498.0,Forster,40,40,Spurs,1.0,0.061,1.0,0.052,1.0,0.079,1.0,0.085,1.0,0.082,1.0,0.037,1.0,0.05,1.0,0.085
G,301.0,Kelleher,40,40,Liverpool,1.0,0.054,1.0,0.071,1.0,0.047,1.0,0.062,1.0,0.075,1.0,0.062,1.0,0.053,1.0,0.047
G,448.0,Hennessey,40,40,Nott'm Forest,1.0,0.038,1.0,0.078,1.0,0.041,1.0,0.059,1.0,0.078,1.0,0.03,1.0,0.064,1.0,0.064
G,284.0,Rodák,40,40,Fulham,1.0,0.054,1.0,0.058,1.0,0.044,1.0,0.036,1.0,0.072,1.0,0.056,1.0,0.059,1.0,0.072
G,88.0,Travers,40,40,Bournemouth,1.0,0.065,1.0,0.04,1.0,0.064,1.0,0.058,1.0,0.066,1.0,0.038,1.0,0.045,1.0,0.062
G,175.0,Peacock-Farrell,40,40,Burnley,1.0,0.04,0.0,0.0,1.0,0.055,1.0,0.054,1.0,0.062,1.0,0.052,1.0,0.042,1.0,0.056
M,273.0,Knockaert,45,45,Fulham,0.0,0.0,0.0,0.0,0.0,0.0,0.0,0.0,0.0,0.0,0.0,0.0,0.0,0.0,0.0,0.0
M,559.0,João Gomes,50,50,Wolves,0.0,0.0,0.0,0.0,0.0,0.0,0.0,0.0,0.0,0.0,0.0,0.0,0.0,0.0,0.0,0.0
D,422.0,Manquillo,40,40,Newcastle,0.0,0.0,0.0,0.0,0.0,0.0,0.0,0.0,0.0,0.0,0.0,0.0,0.0,0.0,0.0,0.0
M,574.0,Traoré,45,45,Wolves,0.0,0.0,0.0,0.0,0.0,0.0,0.0,0.0,0.0,0.0,0.0,0.0,0.0,0.0,0.0,0.0
D,417.0,Krafth,45,45,Newcastle,0.0,0.0,0.0,0.0,0.0,0.0,0.0,0.0,0.0,0.0,0.0,0.0,0.0,0.0,0.0,0.0
D,576.0,Jack Robinson,45,45,Sheffield Utd,0.0,0.0,0.0,0.0,0.0,0.0,0.0,0.0,0.0,0.0,0.0,0.0,0.0,0.0,0.0,0.0
D,89.0,Zabarnyi,45,45,Bournemouth,0.0,0.0,0.0,0.0,0.0,0.0,0.0,0.0,0.0,0.0,0.0,0.0,0.0,0.0,0.0,0.0
M,359.0,Mahrez,75,75,Man City,0.0,0.0,0.0,0.0,0.0,0.0,0.0,0.0,0.0,0.0,0.0,0.0,0.0,0.0,0.0,0.0
D,419.0,Lascelles,40,40,Newcastle,0.0,0.0,0.0,0.0,0.0,0.0,0.0,0.0,0.0,0.0,0.0,0.0,0.0,0.0,0.0,0.0
D,274.0,Kongolo,40,40,Fulham,0.0,0.0,0.0,0.0,0.0,0.0,0.0,0.0,0.0,0.0,0.0,0.0,0.0,0.0,0.0,0.0
D,179.0,Thomas,40,40,Burnley,0.0,0.0,0.0,0.0,0.0,0.0,0.0,0.0,0.0,0.0,0.0,0.0,0.0,0.0,0.0,0.0
F,399.0,Shoretire,45,45,Man Utd,0.0,0.0,0.0,0.0,0.0,0.0,0.0,0.0,0.0,0.0,0.0,0.0,0.0,0.0,0.0,0.0
D,581.0,Dummett,40,40,Newcastle,0.0,0.0,0.0,0.0,0.0,0.0,0.0,0.0,0.0,0.0,0.0,0.0,0.0,0.0,0.0,0.0
M,224.0,Ebiowei,45,45,Crystal Palace,0.0,0.0,0.0,0.0,0.0,0.0,0.0,0.0,0.0,0.0,0.0,0.0,0.0,0.0,0.0,0.0
F,237.0,Plange,45,45,Crystal Palace,0.0,0.0,0.0,0.0,0.0,0.0,0.0,0.0,0.0,0.0,0.0,0.0,0.0,0.0,0.0,0.0
M,219.0,Ahamada,45,45,Crystal Palace,0.0,0.0,0.0,0.0,0.0,0.0,0.0,0.0,0.0,0.0,0.0,0.0,0.0,0.0,0.0,0.0
D,69.0,Hill,40,40,Bournemouth,0.0,0.0,0.0,0.0,0.0,0.0,0.0,0.0,0.0,0.0,0.0,0.0,0.0,0.0,0.0,0.0
M,383.0,Mejbri,45,45,Man Utd,0.0,0.0,0.0,0.0,0.0,0.0,0.0,0.0,0.0,0.0,0.0,0.0,0.0,0.0,0.0,0.0
G,580.0,Karius,40,40,Newcastle,0.0,0.0,0.0,0.0,0.0,0.0,0.0,0.0,0.0,0.0,0.0,0.0,0.0,0.0,0.0,0.0
F,552.0,Fabio Silva,55,55,Wolves,0.0,0.0,0.0,0.0,0.0,0.0,0.0,0.0,0.0,0.0,0.0,0.0,0.0,0.0,0.0,0.0
G,571.0,Šarkić,40,40,Wolves,1.0,0.0,1.0,0.0,1.0,0.0,1.0,0.0,1.0,0.0,1.0,0.0,1.0,0.0,1.0,0.0
M,414.0,Hendrick,45,45,Newcastle,0.0,0.0,0.0,0.0,0.0,0.0,0.0,0.0,0.0,0.0,0.0,0.0,0.0,0.0,0.0,0.0
F,168.0,Foster,50,50,Burnley,0.0,0.0,0.0,0.0,0.0,0.0,0.0,0.0,0.0,0.0,0.0,0.0,0.0,0.0,0.0,0.0
M,322.0,Freeman,50,50,Luton,0.0,0.0,0.0,0.0,0.0,0.0,0.0,0.0,0.0,0.0,0.0,0.0,0.0,0.0,0.0,0.0
F,490.0,Osula,45,45,Sheffield Utd,0.0,0.0,0.0,0.0,0.0,0.0,0.0,0.0,0.0,0.0,0.0,0.0,0.0,0.0,0.0,0.0
M,418.0,Kuol,45,45,Newcastle,0.0,0.0,0.0,0.0,0.0,0.0,0.0,0.0,0.0,0.0,0.0,0.0,0.0,0.0,0.0,0.0
M,118.0,Trevitt,45,45,Brentford,0.0,0.0,0.0,0.0,0.0,0.0,0.0,0.0,0.0,0.0,0.0,0.0,0.0,0.0,0.0,0.0
M,435.0,Arter,45,45,Nott'm Forest,0.0,0.0,0.0,0.0,0.0,0.0,0.0,0.0,0.0,0.0,0.0,0.0,0.0,0.0,0.0,0.0
M,156.0,Agyei,45,45,Burnley,0.0,0.0,0.0,0.0,0.0,0.0,0.0,0.0,0.0,0.0,0.0,0.0,0.0,0.0,0.0,0.0
M,158.0,Bastien,50,50,Burnley,0.0,0.0,0.0,0.0,0.0,0.0,0.0,0.0,0.0,0.0,0.0,0.0,0.0,0.0,0.0,0.0
M,159.0,Benson,55,55,Burnley,0.0,0.0,0.0,0.0,0.0,0.0,0.0,0.0,0.0,0.0,0.0,0.0,0.0,0.0,0.0,0.0
M,162.0,Churlinov,45,45,Burnley,0.0,0.0,0.0,0.0,0.0,0.0,0.0,0.0,0.0,0.0,0.0,0.0,0.0,0.0,0.0,0.0
D,577.0,Ogbonna,45,45,West Ham,0.0,0.0,0.0,0.0,0.0,0.0,0.0,0.0,0.0,0.0,0.0,0.0,0.0,0.0,0.0,0.0
M,186.0,Andrey Santos,45,45,Chelsea,0.0,0.0,0.0,0.0,0.0,0.0,0.0,0.0,0.0,0.0,0.0,0.0,0.0,0.0,0.0,0.0
G,80.0,Randolph,40,40,Bournemouth,0.0,0.0,0.0,0.0,0.0,0.0,0.0,0.0,0.0,0.0,0.0,0.0,0.0,0.0,0.0,0.0
G,384.0,Heaton,40,40,Man Utd,0.0,0.0,0.0,0.0,0.0,0.0,0.0,0.0,0.0,0.0,0.0,0.0,0.0,0.0,0.0,0.0
F,466.0,Ui-jo,45,45,Nott'm Forest,0.0,0.0,0.0,0.0,0.0,0.0,0.0,0.0,0.0,0.0,0.0,0.0,0.0,0.0,0.0,0.0
D,471.0,Ahmedhodžić,45,45,Sheffield Utd,0.0,0.0,0.0,0.0,0.0,0.0,0.0,0.0,0.0,0.0,0.0,0.0,0.0,0.0,0.0,0.0
D,519.0,Udogie,45,45,Spurs,0.0,0.0,0.0,0.0,0.0,0.0,0.0,0.0,0.0,0.0,0.0,0.0,0.0,0.0,0.0,0.0
G,520.0,Vicario,50,50,Spurs,0.0,0.0,0.0,0.0,0.0,0.0,0.0,0.0,0.0,0.0,0.0,0.0,0.0,0.0,0.0,0.0
D,588.0,Young,45,45,Everton,0.0,0.0,0.0,0.0,0.0,0.0,0.0,0.0,0.0,0.0,0.0,0.0,0.0,0.0,0.0,0.0
G,347.0,Carson,40,40,Man City,0.0,0.0,0.0,0.0,0.0,0.0,0.0,0.0,0.0,0.0,0.0,0.0,0.0,0.0,0.0,0.0
M,605.0,Koleosho,50,50,Burnley,0.0,0.0,0.0,0.0,0.0,0.0,0.0,0.0,0.0,0.0,0.0,0.0,0.0,0.0,0.0,0.0
M,463.0,Shelvey,50,50,Nott'm Forest,0.0,0.0,0.0,0.0,0.0,0.0,0.0,0.0,0.0,0.0,0.0,0.0,0.0,0.0,0.0,0.0
M,164.0,Costelloe,45,45,Burnley,0.0,0.0,0.0,0.0,0.0,0.0,0.0,0.0,0.0,0.0,0.0,0.0,0.0,0.0,0.0,0.0
M,11.0,Marquinhos,45,45,Arsenal,0.0,0.0,0.0,0.0,0.0,0.0,0.0,0.0,0.0,0.0,0.0,0.0,0.0,0.0,0.0,0.0
F,207.0,Lukaku,70,70,Chelsea,0.0,0.0,0.0,0.0,0.0,0.0,0.0,0.0,0.0,0.0,0.0,0.0,0.0,0.0,0.0,0.0
G,482.0,Foderingham,45,45,Sheffield Utd,0.0,0.0,0.0,0.0,0.0,0.0,0.0,0.0,0.0,0.0,0.0,0.0,0.0,0.0,0.0,0.0
M,94.0,Bidstrup,45,45,Brentford,0.0,0.0,0.0,0.0,0.0,0.0,0.0,0.0,0.0,0.0,0.0,0.0,0.0,0.0,0.0,0.0
M,54.0,Philogene-Bidace,45,45,Aston Villa,0.0,0.0,0.0,0.0,0.0,0.0,0.0,0.0,0.0,0.0,0.0,0.0,0.0,0.0,0.0,0.0
M,513.0,Sarr,45,45,Spurs,0.0,0.0,0.0,0.0,0.0,0.0,0.0,0.0,0.0,0.0,0.0,0.0,0.0,0.0,0.0,0.0
M,363.0,Perrone,45,45,Man City,0.0,0.0,0.0,0.0,0.0,0.0,0.0,0.0,0.0,0.0,0.0,0.0,0.0,0.0,0.0,0.0
M,137.0,Kozłowski,45,45,Brighton,0.0,0.0,0.0,0.0,0.0,0.0,0.0,0.0,0.0,0.0,0.0,0.0,0.0,0.0,0.0,0.0
G,411.0,Gillespie,40,40,Newcastle,0.0,0.0,0.0,0.0,0.0,0.0,0.0,0.0,0.0,0.0,0.0,0.0,0.0,0.0,0.0,0.0
G,243.0,Whitworth,40,40,Crystal Palace,0.0,0.0,0.0,0.0,0.0,0.0,0.0,0.0,0.0,0.0,0.0,0.0,0.0,0.0,0.0,0.0
G,323.0,Macey,40,40,Luton,0.0,0.0,0.0,0.0,0.0,0.0,0.0,0.0,0.0,0.0,0.0,0.0,0.0,0.0,0.0,0.0
G,289.0,Adrián,40,40,Liverpool,0.0,0.0,0.0,0.0,0.0,0.0,0.0,0.0,0.0,0.0,0.0,0.0,0.0,0.0,0.0,0.0
F,483.0,Jebbison,50,50,Sheffield Utd,0.0,0.0,0.0,0.0,0.0,0.0,0.0,0.0,0.0,0.0,0.0,0.0,0.0,0.0,0.0,0.0
G,408.0,Darlow,40,40,Newcastle,0.0,0.0,0.0,0.0,0.0,0.0,0.0,0.0,0.0,0.0,0.0,0.0,0.0,0.0,0.0,0.0
G,97.0,Cox,40,40,Brentford,0.0,0.0,0.0,0.0,0.0,0.0,0.0,0.0,0.0,0.0,0.0,0.0,0.0,0.0,0.0,0.0
D,2.0,Cédric,40,40,Arsenal,0.0,0.0,0.0,0.0,0.0,0.0,0.0,0.0,0.0,0.0,0.0,0.0,0.0,0.0,0.0,0.0
M,425.0,Ritchie,45,45,Newcastle,0.0,0.0,0.0,0.0,0.0,0.0,0.0,0.0,0.0,0.0,0.0,0.0,0.0,0.0,0.0,0.0
M,299.0,Henderson,50,50,Liverpool,0.0,0.0,0.0,0.0,0.0,0.0,0.0,0.0,0.0,0.0,0.0,0.0,0.0,0.0,0.0,0.0
M,115.0,Schade,55,55,Brentford,0.0,0.0,0.0,0.0,0.0,0.0,0.0,0.0,0.0,0.0,0.0,0.0,0.0,0.0,0.0,0.0
D,380.0,Álvaro Fernández,40,40,Man Utd,0.0,0.0,0.0,0.0,0.0,0.0,0.0,0.0,0.0,0.0,0.0,0.0,0.0,0.0,0.0,0.0
M,388.0,Mainoo,45,45,Man Utd,0.0,0.0,0.0,0.0,0.0,0.0,0.0,0.0,0.0,0.0,0.0,0.0,0.0,0.0,0.0,0.0
F,188.0,Aubameyang,65,65,Chelsea,0.0,0.0,0.0,0.0,0.0,0.0,0.0,0.0,0.0,0.0,0.0,0.0,0.0,0.0,0.0,0.0
G,546.0,Bentley,40,40,Wolves,0.0,0.0,0.0,0.0,0.0,0.0,0.0,0.0,0.0,0.0,0.0,0.0,0.0,0.0,0.0,0.0
D,438.0,Biancone,40,40,Nott'm Forest,0.0,0.0,0.0,0.0,0.0,0.0,0.0,0.0,0.0,0.0,0.0,0.0,0.0,0.0,0.0,0.0
G,18.0,Rúnarsson,40,40,Arsenal,0.0,0.0,0.0,0.0,0.0,0.0,0.0,0.0,0.0,0.0,0.0,0.0,0.0,0.0,0.0,0.0
G,521.0,Whiteman,40,40,Spurs,0.0,0.0,0.0,0.0,0.0,0.0,0.0,0.0,0.0,0.0,0.0,0.0,0.0,0.0,0.0,0.0
D,518.0,Tanganga,40,40,Spurs,0.0,0.0,0.0,0.0,0.0,0.0,0.0,0.0,0.0,0.0,0.0,0.0,0.0,0.0,0.0,0.0
D,114.0,Roerslev,45,45,Brentford,0.0,0.0,0.0,0.0,0.0,0.0,0.0,0.0,0.0,0.0,0.0,0.0,0.0,0.0,0.0,0.0
D,508.0,Reguilón,45,45,Spurs,0.0,0.0,0.0,0.0,0.0,0.0,0.0,0.0,0.0,0.0,0.0,0.0,0.0,0.0,0.0,0.0
D,93.0,Bech,40,40,Brentford,0.0,0.0,0.0,0.0,0.0,0.0,0.0,0.0,0.0,0.0,0.0,0.0,0.0,0.0,0.0,0.0
D,457.0,Niakhaté,45,45,Nott'm Forest,0.0,0.0,0.0,0.0,0.0,0.0,0.0,0.0,0.0,0.0,0.0,0.0,0.0,0.0,0.0,0.0
F,443.0,Dennis,50,50,Nott'm Forest,0.0,0.0,0.0,0.0,0.0,0.0,0.0,0.0,0.0,0.0,0.0,0.0,0.0,0.0,0.0,0.0
D,306.0,Phillips,40,40,Liverpool,0.0,0.0,0.0,0.0,0.0,0.0,0.0,0.0,0.0,0.0,0.0,0.0,0.0,0.0,0.0,0.0
D,375.0,Bailly,40,40,Man Utd,0.0,0.0,0.0,0.0,0.0,0.0,0.0,0.0,0.0,0.0,0.0,0.0,0.0,0.0,0.0,0.0
F,1.0,Balogun,45,45,Arsenal,0.0,0.0,0.0,0.0,0.0,0.0,0.0,0.0,0.0,0.0,0.0,0.0,0.0,0.0,0.0,0.0
D,553.0,Giles,45,45,Wolves,0.0,0.0,0.0,0.0,0.0,0.0,0.0,0.0,0.0,0.0,0.0,0.0,0.0,0.0,0.0,0.0
D,420.0,Lewis,40,40,Newcastle,0.0,0.0,0.0,0.0,0.0,0.0,0.0,0.0,0.0,0.0,0.0,0.0,0.0,0.0,0.0,0.0
M,462.0,Scarpa,45,45,Nott'm Forest,0.0,0.0,0.0,0.0,0.0,0.0,0.0,0.0,0.0,0.0,0.0,0.0,0.0,0.0,0.0,0.0
M,453.0,Mangala,50,50,Nott'm Forest,0.0,0.0,0.0,0.0,0.0,0.0,0.0,0.0,0.0,0.0,0.0,0.0,0.0,0.0,0.0,0.0
M,213.0,Pulisic,55,55,Chelsea,0.0,0.0,0.0,0.0,0.0,0.0,0.0,0.0,0.0,0.0,0.0,0.0,0.0,0.0,0.0,0.0
G,172.0,Muric,45,45,Burnley,89.0,0.0,0.0,0.0,89.0,0.0,89.0,0.0,89.0,0.0,89.0,0.0,89.0,0.0,89.0,0.0
M,250.0,Garner,50,50,Everton,0.0,0.0,0.0,0.0,0.0,0.0,0.0,0.0,0.0,0.0,0.0,0.0,0.0,0.0,0.0,0.0
D,374.0,B.Williams,40,40,Man Utd,0.0,0.0,0.0,0.0,0.0,0.0,0.0,0.0,0.0,0.0,0.0,0.0,0.0,0.0,0.0,0.0
D,431.0,Watts,40,40,Newcastle,0.0,0.0,0.0,0.0,0.0,0.0,0.0,0.0,0.0,0.0,0.0,0.0,0.0,0.0,0.0,0.0
G,91.0,Balcombe,40,40,Brentford,0.0,0.0,0.0,0.0,0.0,0.0,0.0,0.0,0.0,0.0,0.0,0.0,0.0,0.0,0.0,0.0
D,476.0,Bogle,45,45,Sheffield Utd,0.0,0.0,0.0,0.0,0.0,0.0,0.0,0.0,0.0,0.0,0.0,0.0,0.0,0.0,0.0,0.0
D,185.0,Ampadu,40,40,Chelsea,0.0,0.0,0.0,0.0,0.0,0.0,0.0,0.0,0.0,0.0,0.0,0.0,0.0,0.0,0.0,0.0
M,578.0,Nelson,50,50,Arsenal,0.0,0.0,0.0,0.0,0.0,0.0,0.0,0.0,0.0,0.0,0.0,0.0,0.0,0.0,0.0,0.0
G,141.0,McGill,40,40,Brighton,0.0,0.0,0.0,0.0,0.0,0.0,0.0,0.0,0.0,0.0,0.0,0.0,0.0,0.0,0.0,0.0
G,491.0,Austin,40,40,Spurs,0.0,0.0,0.0,0.0,0.0,0.0,0.0,0.0,0.0,0.0,0.0,0.0,0.0,0.0,0.0,0.0
D,510.0,Rodon,40,40,Spurs,0.0,0.0,0.0,0.0,0.0,0.0,0.0,0.0,0.0,0.0,0.0,0.0,0.0,0.0,0.0,0.0
D,102.0,Goode,40,40,Brentford,0.0,0.0,0.0,0.0,0.0,0.0,0.0,0.0,0.0,0.0,0.0,0.0,0.0,0.0,0.0,0.0
M,351.0,Doyle,45,45,Man City,0.0,0.0,0.0,0.0,0.0,0.0,0.0,0.0,0.0,0.0,0.0,0.0,0.0,0.0,0.0,0.0
M,531.0,Downes,50,50,West Ham,0.0,0.0,0.0,0.0,0.0,0.0,0.0,0.0,0.0,0.0,0.0,0.0,0.0,0.0,0.0,0.0
F,39.0,Davis,50,50,Aston Villa,0.0,0.0,0.0,0.0,0.0,0.0,0.0,0.0,0.0,0.0,0.0,0.0,0.0,0.0,0.0,0.0
D,452.0,Laryea,45,45,Nott'm Forest,0.0,0.0,0.0,0.0,0.0,0.0,0.0,0.0,0.0,0.0,0.0,0.0,0.0,0.0,0.0,0.0
M,276.0,Lukic,45,45,Fulham,0.0,0.0,0.0,0.0,0.0,0.0,0.0,0.0,0.0,0.0,0.0,0.0,0.0,0.0,0.0,0.0
M,205.0,Hudson-Odoi,50,50,Chelsea,0.0,0.0,0.0,0.0,0.0,0.0,0.0,0.0,0.0,0.0,0.0,0.0,0.0,0.0,0.0,0.0
G,28.0,Turner,40,40,Arsenal,1.0,0.0,1.0,0.0,1.0,0.0,1.0,0.0,1.0,0.0,1.0,0.0,1.0,0.0,1.0,0.0
M,529.0,Coventry,45,45,West Ham,0.0,0.0,0.0,0.0,0.0,0.0,0.0,0.0,0.0,0.0,0.0,0.0,0.0,0.0,0.0,0.0
D,460.0,Panzo,40,40,Nott'm Forest,0.0,0.0,0.0,0.0,0.0,0.0,0.0,0.0,0.0,0.0,0.0,0.0,0.0,0.0,0.0,0.0
D,469.0,Worrall,45,45,Nott'm Forest,0.0,0.0,0.0,0.0,0.0,0.0,0.0,0.0,0.0,0.0,0.0,0.0,0.0,0.0,0.0,0.0
G,266.0,Virgínia,40,40,Everton,0.0,0.0,0.0,0.0,0.0,0.0,0.0,0.0,0.0,0.0,0.0,0.0,0.0,0.0,0.0,0.0
M,586.0,Chong,50,50,Luton,0.0,0.0,0.0,0.0,0.0,0.0,0.0,0.0,0.0,0.0,0.0,0.0,0.0,0.0,0.0,0.0
M,470.0,Yates,50,50,Nott'm Forest,0.0,0.0,0.0,0.0,0.0,0.0,0.0,0.0,0.0,0.0,0.0,0.0,0.0,0.0,0.0,0.0
D,461.0,Richards,45,45,Nott'm Forest,0.0,0.0,0.0,0.0,0.0,0.0,0.0,0.0,0.0,0.0,0.0,0.0,0.0,0.0,0.0,0.0
F,155.0,Zeqiri,45,45,Brighton,0.0,0.0,0.0,0.0,0.0,0.0,0.0,0.0,0.0,0.0,0.0,0.0,0.0,0.0,0.0,0.0
D,70.0,Kelly,45,45,Bournemouth,0.0,0.0,0.0,0.0,0.0,0.0,0.0,0.0,0.0,0.0,0.0,0.0,0.0,0.0,0.0,0.0
M,555.0,Hodge,45,45,Wolves,0.0,0.0,0.0,0.0,0.0,0.0,0.0,0.0,0.0,0.0,0.0,0.0,0.0,0.0,0.0,0.0
D,445.0,Felipe,45,45,Nott'm Forest,0.0,0.0,0.0,0.0,0.0,0.0,0.0,0.0,0.0,0.0,0.0,0.0,0.0,0.0,0.0,0.0
G,147.0,Scherpen,40,40,Brighton,0.0,0.0,0.0,0.0,0.0,0.0,0.0,0.0,0.0,0.0,0.0,0.0,0.0,0.0,0.0,0.0
G,596.0,Trafford,45,45,Burnley,0.0,0.0,0.0,0.0,0.0,0.0,0.0,0.0,0.0,0.0,0.0,0.0,0.0,0.0,0.0,0.0
M,231.0,Lerma,50,50,Crystal Palace,0.0,0.0,0.0,0.0,0.0,0.0,0.0,0.0,0.0,0.0,0.0,0.0,0.0,0.0,0.0,0.0
M,272.0,Francois,45,45,Fulham,0.0,0.0,0.0,0.0,0.0,0.0,0.0,0.0,0.0,0.0,0.0,0.0,0.0,0.0,0.0,0.0
F,117.0,Toney,80,80,Brentford,0.0,0.0,0.0,0.0,0.0,0.0,0.0,0.0,0.0,0.0,0.0,0.0,0.0,0.0,0.0,0.0
G,116.0,Strakosha,40,40,Brentford,0.0,0.0,0.0,0.0,0.0,0.0,0.0,0.0,0.0,0.0,0.0,0.0,0.0,0.0,0.0,0.0
M,459.0,Ojeda,45,45,Nott'm Forest,0.0,0.0,0.0,0.0,0.0,0.0,0.0,0.0,0.0,0.0,0.0,0.0,0.0,0.0,0.0,0.0
M,74.0,Marcondes,45,45,Bournemouth,0.0,0.0,0.0,0.0,0.0,0.0,0.0,0.0,0.0,0.0,0.0,0.0,0.0,0.0,0.0,0.0
M,403.0,Anderson,45,45,Newcastle,0.0,0.0,0.0,0.0,0.0,0.0,0.0,0.0,0.0,0.0,0.0,0.0,0.0,0.0,0.0,0.0
M,73.0,Lowe,50,50,Bournemouth,0.0,0.0,0.0,0.0,0.0,0.0,0.0,0.0,0.0,0.0,0.0,0.0,0.0,0.0,0.0,0.0
M,218.0,Ziyech,55,55,Chelsea,0.0,0.0,0.0,0.0,0.0,0.0,0.0,0.0,0.0,0.0,0.0,0.0,0.0,0.0,0.0,0.0
D,404.0,Ashby,40,40,Newcastle,0.0,0.0,0.0,0.0,0.0,0.0,0.0,0.0,0.0,0.0,0.0,0.0,0.0,0.0,0.0,0.0
G,192.0,Bettinelli,40,40,Chelsea,0.0,0.0,0.0,0.0,0.0,0.0,0.0,0.0,0.0,0.0,0.0,0.0,0.0,0.0,0.0,0.0
D,556.0,Hoever,40,40,Wolves,0.0,0.0,0.0,0.0,0.0,0.0,0.0,0.0,0.0,0.0,0.0,0.0,0.0,0.0,0.0,0.0
D,136.0,Karbownik,40,40,Brighton,0.0,0.0,0.0,0.0,0.0,0.0,0.0,0.0,0.0,0.0,0.0,0.0,0.0,0.0,0.0,0.0
D,190.0,Baba Rahman,40,40,Chelsea,0.0,0.0,0.0,0.0,0.0,0.0,0.0,0.0,0.0,0.0,0.0,0.0,0.0,0.0,0.0,0.0
M,296.0,Fabinho,50,50,Liverpool,0.0,0.0,0.0,0.0,0.0,0.0,0.0,0.0,0.0,0.0,0.0,0.0,0.0,0.0,0.0,0.0
M,71.0,Kilkenny,45,45,Bournemouth,0.0,0.0,0.0,0.0,0.0,0.0,0.0,0.0,0.0,0.0,0.0,0.0,0.0,0.0,0.0,0.0
D,201.0,W.Fofana,45,45,Chelsea,0.0,0.0,0.0,0.0,0.0,0.0,0.0,0.0,0.0,0.0,0.0,0.0,0.0,0.0,0.0,0.0
D,312.0,Van den Berg,40,40,Liverpool,0.0,0.0,0.0,0.0,0.0,0.0,0.0,0.0,0.0,0.0,0.0,0.0,0.0,0.0,0.0,0.0
M,413.0,Hayden,45,45,Newcastle,0.0,0.0,0.0,0.0,0.0,0.0,0.0,0.0,0.0,0.0,0.0,0.0,0.0,0.0,0.0,0.0
D,166.0,Egan-Riley,40,40,Burnley,0.0,0.0,0.0,0.0,0.0,0.0,0.0,0.0,0.0,0.0,0.0,0.0,0.0,0.0,0.0,0.0
F,562.0,Kalajdžić,50,50,Wolves,0.0,0.0,0.0,0.0,0.0,0.0,0.0,0.0,0.0,0.0,0.0,0.0,0.0,0.0,0.0,0.0
F,279.0,Muniz,45,45,Fulham,0.0,0.0,0.0,0.0,0.0,0.0,0.0,0.0,0.0,0.0,0.0,0.0,0.0,0.0,0.0,0.0
M,239.0,Riedewald,45,45,Crystal Palace,0.0,0.0,0.0,0.0,0.0,0.0,0.0,0.0,0.0,0.0,0.0,0.0,0.0,0.0,0.0,0.0
D,444.0,Dräger,40,40,Nott'm Forest,0.0,0.0,0.0,0.0,0.0,0.0,0.0,0.0,0.0,0.0,0.0,0.0,0.0,0.0,0.0,0.0
D,454.0,Mbe Soh,40,40,Nott'm Forest,0.0,0.0,0.0,0.0,0.0,0.0,0.0,0.0,0.0,0.0,0.0,0.0,0.0,0.0,0.0,0.0
M,426.0,Saint-Maximin,60,60,Newcastle,0.0,0.0,0.0,0.0,0.0,0.0,0.0,0.0,0.0,0.0,0.0,0.0,0.0,0.0,0.0,0.0
M,458.0,O'Brien,50,50,Nott'm Forest,0.0,0.0,0.0,0.0,0.0,0.0,0.0,0.0,0.0,0.0,0.0,0.0,0.0,0.0,0.0,0.0
G,233.0,Matthews,40,40,Crystal Palace,0.0,0.0,0.0,0.0,0.0,0.0,0.0,0.0,0.0,0.0,0.0,0.0,0.0,0.0,0.0,0.0
M,332.0,Pereira,45,45,Luton,0.0,0.0,0.0,0.0,0.0,0.0,0.0,0.0,0.0,0.0,0.0,0.0,0.0,0.0,0.0,0.0
M,489.0,Osborn,50,50,Sheffield Utd,0.0,0.0,0.0,0.0,0.0,0.0,0.0,0.0,0.0,0.0,0.0,0.0,0.0,0.0,0.0,0.0
G,367.0,Steffen,40,40,Man City,0.0,0.0,0.0,0.0,0.0,0.0,0.0,0.0,0.0,0.0,0.0,0.0,0.0,0.0,0.0,0.0
M,561.0,Jordão,45,45,Wolves,0.0,0.0,0.0,0.0,0.0,0.0,0.0,0.0,0.0,0.0,0.0,0.0,0.0,0.0,0.0,0.0
M,251.0,Gbamin,45,45,Everton,0.0,0.0,0.0,0.0,0.0,0.0,0.0,0.0,0.0,0.0,0.0,0.0,0.0,0.0,0.0,0.0
D,393.0,Mengi,40,40,Man Utd,0.0,0.0,0.0,0.0,0.0,0.0,0.0,0.0,0.0,0.0,0.0,0.0,0.0,0.0,0.0,0.0
M,456.0,Mighten,45,45,Nott'm Forest,0.0,0.0,0.0,0.0,0.0,0.0,0.0,0.0,0.0,0.0,0.0,0.0,0.0,0.0,0.0,0.0
M,550.0,Cundle,45,45,Wolves,0.0,0.0,0.0,0.0,0.0,0.0,0.0,0.0,0.0,0.0,0.0,0.0,0.0,0.0,0.0,0.0
G,57.0,Sinisalo,40,40,Aston Villa,0.0,0.0,0.0,0.0,0.0,0.0,0.0,0.0,0.0,0.0,0.0,0.0,0.0,0.0,0.0,0.0
M,107.0,Lewis-Potter,50,50,Brentford,0.0,0.0,0.0,0.0,0.0,0.0,0.0,0.0,0.0,0.0,0.0,0.0,0.0,0.0,0.0,0.0
D,484.0,Lowe,45,45,Sheffield Utd,0.0,0.0,0.0,0.0,0.0,0.0,0.0,0.0,0.0,0.0,0.0,0.0,0.0,0.0,0.0,0.0
D,238.0,Richards,40,40,Crystal Palace,0.0,0.0,0.0,0.0,0.0,0.0,0.0,0.0,0.0,0.0,0.0,0.0,0.0,0.0,0.0,0.0
G,579.0,Lonergan,40,40,Everton,0.0,0.0,0.0,0.0,0.0,0.0,0.0,0.0,0.0,0.0,0.0,0.0,0.0,0.0,0.0,0.0
