Pos,ID,Name,BV,SV,Team,1_xMins,1_Pts,2_xMins,2_Pts,3_xMins,3_Pts,4_xMins,4_Pts,5_xMins,5_Pts,6_xMins,6_Pts
M,308.0,Salah,125,125,Liverpool,86.58,6.468,86.58,7.33,86.58,5.399,86.58,6.544,86.58,7.127,86.58,7.179
F,355.0,Haaland,140,140,Man City,79.06,6.894,79.06,5.004,79.06,7.667,79.06,6.418,79.06,6.209,79.06,7.016
M,349.0,De Bruyne,105,105,Man City,75.41,6.294,75.41,5.339,75.41,6.349,75.41,6.091,75.41,5.83,75.41,6.409
F,500.0,Kane,125,125,Spurs,89.63,5.383,89.63,5.291,89.63,6.031,89.63,6.168,89.63,7.137,89.63,4.862
M,373.0,Fernandes,85,85,Man Utd,89.65,6.077,89.65,5.388,89.65,6.239,89.65,4.772,89.65,5.106,89.65,6.05
M,19.0,Saka,85,85,Arsenal,83.76,5.982,83.76,5.278,83.76,5.763,83.76,5.185,83.76,5.483,83.76,5.698
M,12.0,Martinelli,80,80,Arsenal,77.47,5.794,77.47,5.134,77.47,5.529,77.47,4.93,77.47,5.375,77.47,5.353
M,396.0,Rashford,90,90,Man Utd,82.29,5.773,82.29,5.286,82.29,5.8,82.29,4.458,82.29,4.597,82.29,5.63
M,14.0,Ødegaard,85,85,Arsenal,84.65,5.682,84.65,4.994,84.65,5.407,84.65,4.775,84.65,5.244,84.65,5.196
M,516.0,Son,90,90,Spurs,80.17,5.015,80.17,4.925,80.17,5.511,80.17,5.578,80.17,5.766,80.17,4.384
M,504.0,Maddison,75,75,Spurs,82.63,4.772,82.63,4.731,82.63,5.357,82.63,5.439,82.63,5.68,82.63,4.169
M,134.0,Groß,65,65,Brighton,87.57,5.576,87.57,5.065,87.57,5.044,87.57,4.39,87.57,4.256,87.57,5.348
M,108.0,Mbeumo,65,65,Brentford,76.45,4.998,76.45,4.788,76.45,4.948,76.45,5.257,76.45,4.066,76.45,5.109
F,8.0,Jesus,80,80,Arsenal,79.38,4.936,79.38,4.656,79.38,4.923,79.38,4.403,79.38,4.869,79.38,4.715
D,290.0,Alexander-Arnold,80,80,Liverpool,78.97,4.25,78.97,5.969,78.97,3.432,78.97,4.409,78.97,4.996,78.97,5.287
F,117.0,Toney,80,80,Brentford,89.48,4.656,89.48,4.825,89.48,4.643,89.48,4.962,89.48,3.965,89.48,4.891
D,430.0,Trippier,65,65,Newcastle,87.95,4.898,87.95,3.378,87.95,4.441,87.95,4.131,87.95,5.274,87.95,5.816
D,368.0,Stones,55,55,Man City,80.17,4.521,80.17,3.659,80.17,4.777,80.17,4.921,80.17,4.143,80.17,5.514
M,143.0,Mitoma,65,65,Brighton,70.03,4.969,70.03,4.655,70.03,4.569,70.03,4.0,70.03,4.141,70.03,4.785
F,60.0,Watkins,80,80,Aston Villa,84.57,3.918,84.57,4.859,84.57,4.943,84.57,3.944,84.57,4.65,84.57,4.437
G,17.0,Ramsdale,50,50,Arsenal,90.0,5.25,90.0,3.848,90.0,4.723,90.0,3.93,90.0,4.102,90.0,4.519
F,415.0,Isak,75,75,Newcastle,69.09,4.453,69.09,3.951,69.09,4.203,69.09,4.03,69.09,4.403,69.09,5.165
D,131.0,Estupiñán,50,50,Brighton,76.4,5.554,76.4,4.404,76.4,4.474,76.4,3.276,76.4,3.23,76.4,5.118
D,5.0,Gabriel,50,50,Arsenal,89.71,5.337,89.71,3.709,89.71,4.636,89.71,3.792,89.71,4.034,89.71,4.491
D,350.0,Dias,55,55,Man City,76.81,4.228,76.81,3.378,76.81,4.479,76.81,4.615,76.81,3.855,76.81,5.198
D,307.0,Robertson,65,65,Liverpool,75.85,3.826,75.85,5.484,75.85,3.028,75.85,3.954,75.85,4.558,75.85,4.819
F,278.0,Mitrović,75,75,Fulham,83.75,4.463,83.75,4.182,83.75,3.73,83.75,3.662,83.75,5.328,83.75,4.245
G,352.0,Ederson,55,55,Man City,90.0,4.142,90.0,3.48,90.0,4.339,90.0,4.621,90.0,3.803,90.0,5.071
M,226.0,Eze,65,65,Crystal Palace,69.24,4.431,69.24,3.791,69.24,3.955,69.24,4.567,69.24,3.994,69.24,4.389
D,341.0,Akanji,50,50,Man City,78.76,4.092,78.76,3.343,78.76,4.347,78.76,4.488,78.76,3.716,78.76,5.077
D,29.0,White,55,55,Arsenal,80.37,5.164,80.37,3.535,80.37,4.474,80.37,3.674,80.37,3.866,80.37,4.324
D,20.0,Saliba,50,50,Arsenal,89.44,5.187,89.44,3.55,89.44,4.465,89.44,3.59,89.44,3.863,89.44,4.288
M,140.0,March,65,65,Brighton,82.39,4.576,82.39,4.28,82.39,4.223,82.39,3.608,82.39,3.772,82.39,4.459
D,31.0,Zinchenko,50,50,Arsenal,78.59,5.124,78.59,3.517,78.59,4.423,78.59,3.689,78.59,3.833,78.59,4.276
G,113.0,Raya,50,50,Brentford,90.0,4.163,90.0,4.05,90.0,4.14,90.0,4.636,90.0,3.133,90.0,4.443
D,342.0,Aké,50,50,Man City,71.96,4.023,71.96,3.286,71.96,4.26,71.96,4.375,71.96,3.674,71.96,4.925
D,313.0,Van Dijk,60,60,Liverpool,88.59,3.658,88.59,5.265,88.59,2.911,88.59,3.777,88.59,4.313,88.59,4.606
M,354.0,Grealish,75,75,Man City,73.25,4.138,73.25,3.58,73.25,4.191,73.25,4.151,73.25,3.925,73.25,4.326
G,145.0,Sánchez,45,45,Brighton,90.0,5.02,90.0,3.959,90.0,4.088,90.0,3.252,90.0,3.22,90.0,4.603
G,291.0,Alisson,55,55,Liverpool,90.0,3.65,90.0,5.012,90.0,3.079,90.0,3.77,90.0,4.153,90.0,4.471
M,6.0,Havertz,75,75,Arsenal,73.29,4.338,73.29,3.848,73.29,4.119,73.29,3.744,73.29,3.995,73.29,4.056
D,398.0,Shaw,55,55,Man Utd,82.32,4.889,82.32,3.775,82.32,5.046,82.32,2.72,82.32,3.282,82.32,4.258
D,369.0,Walker,50,50,Man City,72.33,3.872,72.33,3.145,72.33,4.113,72.33,4.231,72.33,3.519,72.33,4.79
M,526.0,Bowen,70,70,West Ham,85.05,4.405,85.05,4.154,85.05,3.552,85.05,4.528,85.05,3.456,85.05,3.549
M,86.0,Tavernier,55,55,Bournemouth,75.65,4.236,75.65,3.571,75.65,4.166,75.65,3.868,75.65,4.035,75.65,3.572
M,379.0,Eriksen,60,60,Man Utd,73.07,4.205,73.07,3.818,73.07,4.23,73.07,3.427,73.07,3.546,73.07,4.104
G,385.0,Henderson,45,45,Man Utd,90.0,4.569,90.0,3.687,90.0,4.728,90.0,2.914,90.0,3.33,90.0,4.056
M,216.0,Sterling,70,70,Chelsea,67.36,3.351,67.36,3.763,67.36,4.262,67.36,4.133,67.36,4.008,67.36,3.633
M,209.0,Mount,70,70,Man Utd,68.5,4.148,68.5,3.773,68.5,4.17,68.5,3.331,68.5,3.439,68.5,4.056
M,253.0,Gray,55,55,Everton,75.79,3.968,75.79,3.55,75.79,4.207,75.79,4.032,75.79,3.568,75.79,3.57
M,591.0,Willian,55,55,Fulham,78.78,4.045,78.78,3.824,78.78,3.403,78.78,3.245,78.78,4.444,78.78,3.905
G,187.0,Arrizabalaga,50,50,Chelsea,88.45,3.134,88.45,3.552,88.45,4.561,88.45,4.356,88.45,3.689,88.45,3.466
M,447.0,Gibbs-White,60,60,Nott'm Forest,85.16,3.483,85.16,4.339,85.16,3.555,85.16,3.743,85.16,4.269,85.16,3.355
M,304.0,Mac Allister,60,60,Liverpool,82.34,3.643,82.34,4.172,82.34,3.309,82.34,3.705,82.34,3.951,82.34,3.954
G,424.0,Pope,55,55,Newcastle,88.14,3.936,88.14,2.964,88.14,3.568,88.14,3.384,88.14,4.269,88.14,4.595
D,112.0,Pinnock,45,45,Brentford,90.0,3.883,90.0,3.623,90.0,3.859,90.0,4.476,90.0,2.627,90.0,4.244
M,359.0,Mahrez,75,75,Man City,63.77,3.905,63.77,3.285,63.77,3.917,63.77,3.847,63.77,3.683,63.77,4.036
G,227.0,Guaita,45,45,Crystal Palace,90.0,4.069,90.0,3.217,90.0,3.446,90.0,4.349,90.0,3.327,90.0,4.207
D,129.0,Dunk,50,50,Brighton,90.0,4.927,90.0,3.745,90.0,3.86,90.0,2.802,90.0,2.749,90.0,4.5
D,377.0,Dalot,50,50,Man Utd,82.77,4.635,82.77,3.534,82.77,4.792,82.77,2.532,82.77,3.078,82.77,4.013
F,297.0,Gakpo,75,75,Liverpool,69.29,3.643,69.29,3.981,69.29,3.438,69.29,3.665,69.29,3.977,69.29,3.878
G,49.0,Martínez,50,50,Aston Villa,87.19,3.031,87.19,4.44,87.19,4.148,87.19,3.043,87.19,4.128,87.19,3.627
M,539.0,Paquetá,60,60,West Ham,76.93,4.098,76.93,3.837,76.93,3.42,76.93,4.169,76.93,3.358,76.93,3.417
F,85.0,Solanke,65,65,Bournemouth,86.82,3.918,86.82,3.432,86.82,3.886,86.82,3.677,86.82,3.796,86.82,3.382
D,401.0,Wan-Bissaka,45,45,Man Utd,75.37,4.442,75.37,3.423,75.37,4.595,75.37,2.484,75.37,2.998,75.37,3.853
D,217.0,Thiago Silva,50,50,Chelsea,87.07,2.702,87.07,3.277,87.07,4.583,87.07,4.373,87.07,3.592,87.07,3.168
M,372.0,Antony,70,70,Man Utd,72.12,3.907,72.12,3.571,72.12,3.932,72.12,3.186,72.12,3.297,72.12,3.792
D,395.0,Varane,50,50,Man Utd,79.67,4.419,79.67,3.345,79.67,4.575,79.67,2.446,79.67,2.987,79.67,3.8
M,450.0,Johnson,60,60,Nott'm Forest,77.11,3.216,77.11,4.111,77.11,3.326,77.11,3.572,77.11,4.076,77.11,3.111
G,263.0,Pickford,45,45,Everton,90.0,4.007,90.0,3.058,90.0,4.125,90.0,3.898,90.0,3.019,90.0,3.235
D,109.0,Mee,50,50,Brentford,88.35,3.642,88.35,3.383,88.35,3.619,88.35,4.234,88.35,2.39,88.35,4.003
D,103.0,Henry,45,45,Brentford,87.57,3.601,87.57,3.345,87.57,3.583,87.57,4.198,87.57,2.398,87.57,3.962
G,275.0,Leno,45,45,Fulham,90.0,3.703,90.0,3.642,90.0,2.99,90.0,2.634,90.0,4.532,90.0,3.555
G,502.0,Lloris,50,50,Spurs,88.2,3.188,88.2,3.305,88.2,3.609,88.2,3.745,88.2,4.357,88.2,2.848
M,402.0,Almirón,65,65,Newcastle,73.15,3.56,73.15,3.151,73.15,3.4,73.15,3.312,73.15,3.637,73.15,3.886
M,365.0,Rodri,55,55,Man City,80.86,3.517,80.86,3.107,80.86,3.573,80.86,3.569,80.86,3.339,80.86,3.755
D,151.0,Veltman,45,45,Brighton,70.42,4.501,70.42,3.445,70.42,3.545,70.42,2.629,70.42,2.599,70.42,4.117
M,397.0,Sancho,70,70,Man Utd,64.73,3.713,64.73,3.482,64.73,3.73,64.73,3.087,64.73,3.165,64.73,3.653
M,376.0,Casemiro,55,55,Man Utd,75.79,3.805,75.79,3.428,75.79,3.831,75.79,2.985,75.79,3.117,75.79,3.66
M,236.0,Olise,60,60,Crystal Palace,74.14,3.752,74.14,3.088,74.14,3.28,74.14,3.752,74.14,3.309,74.14,3.593
M,501.0,Kulusevski,70,70,Spurs,68.73,3.274,68.73,3.225,68.73,3.625,68.73,3.678,68.73,3.851,68.73,3.023
M,432.0,Willock,55,55,Newcastle,73.03,3.511,73.03,3.081,73.03,3.338,73.03,3.242,73.03,3.588,73.03,3.859
D,153.0,Webster,45,45,Brighton,73.44,4.479,73.44,3.366,73.44,3.483,73.44,2.564,73.44,2.531,73.44,4.087
D,201.0,W.Fofana,45,45,Chelsea,80.12,2.57,80.12,3.047,80.12,4.337,80.12,4.127,80.12,3.359,80.12,2.934
M,259.0,McNeil,55,55,Everton,69.17,3.475,69.17,3.222,69.17,3.628,69.17,3.609,69.17,3.173,69.17,3.253
M,267.0,Andreas,55,55,Fulham,81.7,3.545,81.7,3.41,81.7,3.088,81.7,2.952,81.7,3.903,81.7,3.443
D,391.0,Martínez,50,50,Man Utd,78.26,4.195,78.26,3.122,78.26,4.351,78.26,2.224,78.26,2.766,78.26,3.576
M,416.0,Joelinton,60,60,Newcastle,83.12,3.425,83.12,2.981,83.12,3.284,83.12,3.157,83.12,3.496,83.12,3.788
G,533.0,Fabianski,45,45,West Ham,86.42,3.685,86.42,3.665,86.42,2.989,86.42,3.944,86.42,2.839,86.42,2.992
D,302.0,Konaté,50,50,Liverpool,86.17,2.877,86.17,4.476,86.17,2.295,86.17,2.999,86.17,3.51,86.17,3.819
M,30.0,Xhaka,60,60,Arsenal,80.86,3.648,80.86,3.146,80.86,3.43,80.86,3.071,80.86,3.274,80.86,3.349
M,492.0,Bentancur,55,55,Spurs,83.39,3.19,83.39,3.099,83.39,3.474,83.39,3.516,83.39,3.691,83.39,2.922
M,106.0,Jensen,55,55,Brentford,75.81,3.336,75.81,3.308,75.81,3.319,75.81,3.553,75.81,2.894,75.81,3.464
M,406.0,Bruno Guimarães,60,60,Newcastle,85.22,3.39,85.22,2.883,85.22,3.166,85.22,3.048,85.22,3.466,85.22,3.792
G,569.0,Sá,50,50,Wolves,90.0,2.921,90.0,2.988,90.0,3.503,90.0,3.317,90.0,3.057,90.0,3.918
G,77.0,Neto,45,45,Bournemouth,88.33,3.705,88.33,2.799,88.33,3.626,88.33,3.143,88.33,3.51,88.33,2.904
M,55.0,Ramsey,60,60,Aston Villa,75.26,2.963,75.26,3.548,75.26,3.545,75.26,2.985,75.26,3.383,75.26,3.225
M,353.0,Foden,75,75,Man City,57.25,3.258,57.25,2.684,57.25,4.032,57.25,3.16,57.25,3.085,57.25,3.298
D,198.0,Cucurella,50,50,Chelsea,69.54,2.471,69.54,2.954,69.54,4.083,69.54,3.886,69.54,3.228,69.54,2.844
D,427.0,Schär,50,50,Newcastle,89.08,3.368,89.08,2.033,89.08,3.035,89.08,2.751,89.08,3.785,89.08,4.273
D,298.0,Gomez,45,45,Liverpool,69.57,2.804,69.57,4.191,69.57,2.231,69.57,2.897,69.57,3.349,69.57,3.614
M,542.0,Soucek,50,50,West Ham,78.08,3.438,78.08,3.323,78.08,2.953,78.08,3.508,78.08,2.889,78.08,2.941
M,26.0,Trossard,70,70,Arsenal,62.14,3.421,62.14,3.059,62.14,3.236,62.14,2.928,62.14,3.177,62.14,3.189
M,344.0,Bernardo,65,65,Man City,64.59,3.259,64.59,2.748,64.59,3.3,64.59,3.222,64.59,3.097,64.59,3.377
D,405.0,Botman,45,45,Newcastle,86.86,3.298,86.86,2.038,86.86,3.012,86.86,2.732,86.86,3.715,86.86,4.155
D,51.0,Mings,45,45,Aston Villa,90.0,2.284,90.0,4.023,90.0,3.718,90.0,2.3,90.0,3.635,90.0,2.987
M,58.0,Tielemans,60,60,Aston Villa,75.52,2.844,75.52,3.428,75.52,3.397,75.52,2.864,75.52,3.28,75.52,3.097
M,256.0,Iwobi,55,55,Everton,88.92,3.304,88.92,2.929,88.92,3.428,88.92,3.358,88.92,2.897,88.92,2.956
D,495.0,Davies,45,45,Spurs,73.68,2.738,73.68,2.895,73.68,3.372,73.68,3.478,73.68,4.201,73.68,2.168
D,234.0,Mitchell,45,45,Crystal Palace,80.25,3.578,80.25,2.56,80.25,2.677,80.25,3.909,80.25,2.57,80.25,3.554
D,530.0,Cresswell,45,45,West Ham,79.82,3.796,79.82,3.527,79.82,2.649,79.82,4.101,79.82,2.293,79.82,2.459
D,220.0,Andersen,45,45,Crystal Palace,86.94,3.579,86.94,2.533,86.94,2.656,86.94,3.904,86.94,2.548,86.94,3.541
D,496.0,Dier,45,45,Spurs,85.33,2.685,85.33,2.88,85.33,3.343,85.33,3.472,85.33,4.246,85.33,2.104
M,110.0,Nørgaard,55,55,Brentford,80.14,3.14,80.14,3.104,80.14,3.127,80.14,3.362,80.14,2.701,80.14,3.269
M,540.0,Rice,55,55,Arsenal,88.43,3.405,88.43,2.949,88.43,3.214,88.43,2.937,88.43,3.062,88.43,3.135
F,433.0,Wilson,80,80,Newcastle,60.32,3.06,60.32,2.701,60.32,2.926,60.32,2.805,60.32,3.047,60.32,4.157
D,242.0,Ward,45,45,Crystal Palace,80.46,3.547,80.46,2.53,80.46,2.644,80.46,3.878,80.46,2.537,80.46,3.523
D,48.0,Konsa,45,45,Aston Villa,87.42,2.263,87.42,3.922,87.42,3.628,87.42,2.276,87.42,3.537,87.42,2.889
M,43.0,Douglas Luiz,55,55,Aston Villa,78.97,2.784,78.97,3.356,78.97,3.327,78.97,2.805,78.97,3.205,78.97,2.973
D,386.0,Lindelöf,45,45,Man Utd,67.95,3.726,67.95,2.85,67.95,3.855,67.95,2.11,67.95,2.549,67.95,3.225
D,407.0,Burn,45,45,Newcastle,81.82,3.189,81.82,1.942,81.82,2.913,81.82,2.636,81.82,3.603,81.82,4.033
M,199.0,Enzo,50,50,Chelsea,85.94,2.747,85.94,2.929,85.94,3.339,85.94,3.278,85.94,3.078,85.94,2.839
D,228.0,Guéhi,45,45,Crystal Palace,90.0,3.47,90.0,2.438,90.0,2.543,90.0,3.793,90.0,2.434,90.0,3.429
M,240.0,Schlupp,50,50,Crystal Palace,74.35,3.163,74.35,2.817,74.35,2.878,74.35,3.219,74.35,2.863,74.35,3.132
D,222.0,Clyne,45,45,Crystal Palace,74.45,3.413,74.45,2.436,74.45,2.572,74.45,3.716,74.45,2.463,74.45,3.386
D,96.0,Collins,45,45,Brentford,69.65,3.076,69.65,2.842,69.65,3.051,69.65,3.588,69.65,2.025,69.65,3.377
D,544.0,Zouma,45,45,West Ham,79.52,3.556,79.52,3.382,79.52,2.553,79.52,3.862,79.52,2.187,79.52,2.356
M,421.0,S.Longstaff,50,50,Newcastle,76.18,3.018,76.18,2.665,76.18,2.936,76.18,2.825,76.18,3.087,76.18,3.307
D,104.0,Hickey,45,45,Brentford,73.77,3.053,73.77,2.809,73.77,3.031,73.77,3.612,73.77,1.944,73.77,3.385
M,221.0,J.Ayew,55,55,Crystal Palace,71.26,3.153,71.26,2.734,71.26,2.821,71.26,3.204,71.26,2.803,71.26,3.083
D,522.0,Aguerd,45,45,West Ham,88.56,3.543,88.56,3.37,88.56,2.478,88.56,3.86,88.56,2.11,88.56,2.283
M,63.0,Billing,55,55,Bournemouth,76.83,3.13,76.83,2.726,76.83,3.089,76.83,2.877,76.83,3.013,76.83,2.722
D,265.0,Tarkowski,45,45,Everton,90.0,3.368,90.0,2.285,90.0,3.685,90.0,3.437,90.0,2.267,90.0,2.51
D,511.0,Romero,45,45,Spurs,87.52,2.497,87.52,2.655,87.52,3.149,87.52,3.278,87.52,4.053,87.52,1.876
D,260.0,Mykolenko,45,45,Everton,78.03,3.325,78.03,2.274,78.03,3.634,78.03,3.379,78.03,2.299,78.03,2.496
D,436.0,Aurier,45,45,Nott'm Forest,80.96,2.079,80.96,4.249,80.96,2.334,80.96,2.742,80.96,4.082,80.96,1.836
D,528.0,Coufal,45,45,West Ham,79.07,3.493,79.07,3.238,79.07,2.442,79.07,3.799,79.07,2.079,79.07,2.246
M,15.0,Partey,50,50,Arsenal,75.15,3.123,75.15,2.716,75.15,2.942,75.15,2.713,75.15,2.816,75.15,2.879
M,499.0,Højbjerg,55,55,Spurs,89.46,2.708,89.46,2.73,89.46,2.969,89.46,3.016,89.46,3.188,89.46,2.555
M,50.0,McGinn,55,55,Aston Villa,79.18,2.604,79.18,3.116,79.18,3.069,79.18,2.621,79.18,2.972,79.18,2.783
D,36.0,Cash,45,45,Aston Villa,69.88,2.136,69.88,3.591,69.88,3.335,69.88,2.144,69.88,3.256,69.88,2.698
M,35.0,Buendía,60,60,Aston Villa,63.26,2.539,63.26,3.084,63.26,3.138,63.26,2.581,63.26,2.932,63.26,2.8
D,588.0,Young,45,45,Everton,70.03,3.232,70.03,2.26,70.03,3.553,70.03,3.341,70.03,2.208,70.03,2.477
D,497.0,Emerson Royal,45,45,Spurs,66.5,2.533,66.5,2.589,66.5,3.034,66.5,3.134,66.5,3.723,66.5,1.997
M,282.0,Reed,50,50,Fulham,77.51,2.927,77.51,2.837,77.51,2.599,77.51,2.502,77.51,3.211,77.51,2.827
D,247.0,Coleman,45,45,Everton,71.91,3.176,71.91,2.216,71.91,3.468,71.91,3.248,71.91,2.202,71.91,2.433
M,270.0,De Cordova-Reid,55,55,Fulham,68.69,2.893,68.69,2.808,68.69,2.574,68.69,2.492,68.69,3.183,68.69,2.788
M,126.0,Caicedo,50,50,Brighton,84.81,3.044,84.81,2.774,84.81,2.752,84.81,2.485,84.81,2.448,84.81,2.936
D,285.0,Tete,45,45,Fulham,82.87,3.036,82.87,2.875,82.87,1.995,82.87,1.593,82.87,4.094,82.87,2.813
D,286.0,Tosin,45,45,Fulham,83.36,3.002,83.36,2.896,83.36,1.997,83.36,1.606,83.36,4.045,83.36,2.786
D,195.0,Chilwell,55,55,Chelsea,60.96,2.156,60.96,2.519,60.96,3.342,60.96,3.136,60.96,2.762,60.96,2.405
D,507.0,Perišić,50,50,Spurs,61.74,2.41,61.74,2.494,61.74,2.919,61.74,3.012,61.74,3.496,61.74,1.968
D,281.0,Ream,45,45,Fulham,87.82,2.986,87.82,2.879,87.82,1.961,87.82,1.576,87.82,4.032,87.82,2.771
D,194.0,Chalobah,45,45,Chelsea,64.04,2.046,64.04,2.47,64.04,3.38,64.04,3.219,64.04,2.699,64.04,2.36
M,231.0,Lerma,50,50,Crystal Palace,87.89,2.833,87.89,2.496,87.89,2.53,87.89,2.904,87.89,2.52,87.89,2.793
F,293.0,Darwin,75,75,Liverpool,58.07,2.61,58.07,2.757,58.07,2.453,58.07,2.621,58.07,2.757,58.07,2.738
M,223.0,C.Doucouré,50,50,Crystal Palace,81.47,2.774,81.47,2.461,81.47,2.489,81.47,2.853,81.47,2.479,81.47,2.742
M,525.0,Benrahma,60,60,West Ham,58.83,2.833,58.83,2.627,58.83,2.443,58.83,3.006,58.83,2.371,58.83,2.462
M,261.0,Onana,50,50,Everton,75.33,2.712,75.33,2.475,75.33,2.804,75.33,2.751,75.33,2.453,75.33,2.506
M,566.0,Matheus,50,50,Wolves,72.56,2.49,72.56,2.515,72.56,2.683,72.56,2.615,72.56,2.512,72.56,2.874
D,271.0,Diop,45,45,Fulham,80.32,2.886,80.32,2.773,80.32,1.885,80.32,1.505,80.32,3.919,80.32,2.666
D,563.0,Kilman,45,45,Wolves,89.38,2.151,89.38,2.29,89.38,2.873,89.38,2.667,89.38,2.158,89.38,3.482
D,283.0,Robinson,45,45,Fulham,88.23,2.875,88.23,2.766,88.23,1.885,88.23,1.502,88.23,3.932,88.23,2.658
D,389.0,Malacia,45,45,Man Utd,63.23,3.134,63.23,2.405,63.23,3.237,63.23,1.732,63.23,2.077,63.23,2.742
D,537.0,Kehrer,45,45,West Ham,82.56,3.099,82.56,2.927,82.56,2.142,82.56,3.411,82.56,1.771,82.56,1.945
M,296.0,Fabinho,50,50,Liverpool,74.06,2.41,74.06,2.811,74.06,2.251,74.06,2.449,74.06,2.597,74.06,2.631
D,551.0,Dawson,45,45,Wolves,85.36,2.112,85.36,2.223,85.36,2.753,85.36,2.546,85.36,2.09,85.36,3.363
M,254.0,Gueye,50,50,Everton,78.09,2.614,78.09,2.342,78.09,2.707,78.09,2.637,78.09,2.331,78.09,2.367
M,446.0,Freuler,50,50,Nott'm Forest,77.04,2.305,77.04,2.797,77.04,2.346,77.04,2.431,77.04,2.763,77.04,2.243
D,83.0,Senesi,45,45,Bournemouth,80.29,3.021,80.29,1.82,80.29,2.938,80.29,2.289,80.29,2.73,80.29,1.957
M,9.0,Jorginho,55,55,Arsenal,66.47,2.672,66.47,2.35,66.47,2.523,66.47,2.28,66.47,2.437,66.47,2.482
D,445.0,Felipe,45,45,Nott'm Forest,88.56,1.705,88.56,3.736,88.56,1.958,88.56,2.266,88.56,3.568,88.56,1.453
M,47.0,Kamara,50,50,Aston Villa,73.88,2.252,73.88,2.639,73.88,2.598,73.88,2.263,73.88,2.525,73.88,2.394
M,105.0,Janelt,55,55,Brentford,62.89,2.433,62.89,2.424,62.89,2.378,62.89,2.559,62.89,2.153,62.89,2.508
M,280.0,Palhinha,50,50,Fulham,88.8,2.5,88.8,2.444,88.8,2.193,88.8,2.094,88.8,2.79,88.8,2.411
D,84.0,Smith,45,45,Bournemouth,79.46,2.953,79.46,1.756,79.46,2.869,79.46,2.229,79.46,2.669,79.46,1.892
D,572.0,Semedo,45,45,Wolves,73.14,2.007,73.14,2.119,73.14,2.625,73.14,2.436,73.14,1.996,73.14,3.182
D,189.0,Azpilicueta,45,45,Chelsea,60.84,1.859,60.84,2.199,60.84,2.9,60.84,2.775,60.84,2.401,60.84,2.114
M,356.0,Kovacic,50,50,Man City,62.93,2.383,62.93,2.103,62.93,2.419,62.93,2.365,62.93,2.254,62.93,2.493
F,154.0,Welbeck,60,60,Brighton,59.48,2.488,59.48,2.428,59.48,2.34,59.48,2.102,59.48,2.16,59.48,2.417
M,470.0,Yates,50,50,Nott'm Forest,70.5,2.156,70.5,2.609,70.5,2.207,70.5,2.269,70.5,2.577,70.5,2.085
D,70.0,Kelly,45,45,Bournemouth,88.7,2.875,88.7,1.674,88.7,2.793,88.7,2.147,88.7,2.589,88.7,1.814
D,75.0,Mepham,45,45,Bournemouth,84.5,2.87,84.5,1.664,84.5,2.787,84.5,2.144,84.5,2.584,84.5,1.806
M,34.0,Bailey,55,55,Aston Villa,59.52,2.064,59.52,2.487,59.52,2.571,59.52,2.099,59.52,2.356,59.52,2.26
M,249.0,A.Doucouré,55,55,Everton,61.08,2.359,61.08,2.19,61.08,2.448,61.08,2.44,61.08,2.103,61.08,2.21
F,343.0,Álvarez,65,65,Man City,46.71,2.297,46.71,1.957,46.71,2.788,46.71,2.214,46.71,2.195,46.71,2.274
D,455.0,McKenna,45,45,Nott'm Forest,78.5,1.532,78.5,3.485,78.5,1.782,78.5,2.051,78.5,3.318,78.5,1.3
D,469.0,Worrall,45,45,Nott'm Forest,73.83,1.542,73.83,3.388,73.83,1.785,73.83,2.039,73.83,3.228,73.83,1.316
F,437.0,Awoniyi,65,65,Nott'm Forest,51.67,1.77,51.67,2.701,51.67,1.837,51.67,1.916,51.67,2.16,51.67,1.743
M,515.0,Skipp,50,50,Spurs,64.74,1.923,64.74,1.926,64.74,2.085,64.74,2.108,64.74,2.214,64.74,1.822
M,371.0,Amad,45,45,Man Utd,15.0,2.224,15.0,1.948,15.0,2.218,15.0,1.697,15.0,1.717,15.0,2.251
M,568.0,Podence,55,55,Wolves,55.0,1.805,55.0,1.786,55.0,2.021,55.0,1.936,55.0,1.783,55.0,2.226
M,299.0,Henderson,50,50,Liverpool,58.86,1.845,58.86,2.11,58.86,1.718,58.86,1.854,58.86,2.035,58.86,1.978
F,523.0,Antonio,60,60,West Ham,55.21,2.048,55.21,1.892,55.21,1.748,55.21,2.116,55.21,1.721,55.21,1.754
F,119.0,Wissa,60,60,Brentford,41.76,1.89,41.76,1.899,41.76,1.841,41.76,1.996,41.76,1.675,41.76,1.923
M,295.0,Elliott,50,50,Liverpool,50.0,1.73,50.0,1.919,50.0,1.645,50.0,1.734,50.0,1.907,50.0,1.812
M,66.0,Cook,50,50,Bournemouth,61.14,1.882,61.14,1.697,61.14,1.866,61.14,1.759,61.14,1.806,61.14,1.698
F,225.0,Edouard,55,55,Crystal Palace,51.09,1.878,51.09,1.606,51.09,1.714,51.09,1.875,51.09,1.714,51.09,1.799
M,65.0,Christie,50,50,Bournemouth,57.03,1.829,57.03,1.672,57.03,1.817,57.03,1.736,57.03,1.766,57.03,1.683
M,99.0,Dasilva,50,50,Brentford,38.08,1.722,38.08,1.737,38.08,1.663,38.08,1.8,38.08,1.565,38.08,1.756
F,535.0,Ings,60,60,West Ham,45.11,1.856,45.11,1.689,45.11,1.549,45.11,1.927,45.11,1.524,45.11,1.557
D,467.0,N.Williams,45,45,Nott'm Forest,60.39,1.232,60.39,2.287,60.39,1.369,60.39,1.515,60.39,2.198,60.39,1.107
D,42.0,Digne,45,45,Aston Villa,53.29,1.349,53.29,1.811,53.29,1.824,53.29,1.349,53.29,1.684,53.29,1.559
M,412.0,Gordon,55,55,Newcastle,49.19,1.617,49.19,1.471,49.19,1.523,49.19,1.5,49.19,1.623,49.19,1.803
M,578.0,Nelson,50,50,Arsenal,15.0,1.963,15.0,1.464,15.0,1.545,15.0,1.458,15.0,1.614,15.0,1.475
M,453.0,Mangala,50,50,Nott'm Forest,57.15,1.449,57.15,1.688,57.15,1.474,57.15,1.501,57.15,1.672,57.15,1.428
M,534.0,Fornals,50,50,West Ham,46.66,1.678,46.66,1.475,46.66,1.405,46.66,1.783,46.66,1.383,46.66,1.412
M,202.0,Gallagher,55,55,Chelsea,45.94,1.265,45.94,1.428,45.94,1.637,45.94,1.524,45.94,1.526,45.94,1.33
F,149.0,Undav,55,55,Brighton,15.0,1.829,15.0,1.439,15.0,1.38,15.0,1.126,15.0,1.162,15.0,1.425
M,583.0,Solomon,55,55,Spurs,15.0,1.242,15.0,1.17,15.0,1.443,15.0,1.449,15.0,1.848,15.0,1.124
M,59.0,Traoré,50,50,Aston Villa,15.0,1.278,15.0,1.448,15.0,1.501,15.0,1.276,15.0,1.348,15.0,1.329
M,130.0,Enciso,55,55,Brighton,15.0,1.768,15.0,1.249,15.0,1.188,15.0,1.079,15.0,1.122,15.0,1.238
F,207.0,Lukaku,70,70,Chelsea,15.0,1.025,15.0,1.113,15.0,1.626,15.0,1.187,15.0,1.182,15.0,1.097
F,132.0,Ferguson,60,60,Brighton,15.0,1.546,15.0,1.15,15.0,1.114,15.0,0.953,15.0,0.998,15.0,1.14
M,382.0,Garnacho,50,50,Man Utd,15.0,1.13,15.0,1.186,15.0,1.124,15.0,1.133,15.0,1.146,15.0,1.166
M,549.0,Chiquinho,45,45,Wolves,15.0,1.066,15.0,1.045,15.0,1.165,15.0,1.133,15.0,1.044,15.0,1.292
M,303.0,Luis Díaz,75,75,Liverpool,15.0,1.1,15.0,1.182,15.0,1.038,15.0,1.107,15.0,1.193,15.0,1.125
F,390.0,Martial,65,65,Man Utd,15.0,1.125,15.0,1.153,15.0,1.117,15.0,1.07,15.0,1.082,15.0,1.153
M,294.0,Diogo Jota,80,80,Liverpool,15.0,1.055,15.0,1.168,15.0,0.965,15.0,1.064,15.0,1.177,15.0,1.114
M,423.0,Murphy,50,50,Newcastle,15.0,1.093,15.0,1.007,15.0,1.053,15.0,1.03,15.0,1.093,15.0,1.23
M,124.0,Ayari,45,45,Brighton,15.0,1.265,15.0,1.069,15.0,1.041,15.0,0.925,15.0,1.017,15.0,1.042
M,557.0,Hwang,55,55,Wolves,15.0,0.96,15.0,0.974,15.0,1.046,15.0,0.998,15.0,0.977,15.0,1.162
F,287.0,Vinícius,50,50,Fulham,15.0,0.996,15.0,0.942,15.0,0.884,15.0,0.865,15.0,1.417,15.0,0.949
F,264.0,Simms,45,45,Everton,15.0,0.977,15.0,0.937,15.0,0.995,15.0,1.31,15.0,0.896,15.0,0.937
M,138.0,Lallana,50,50,Brighton,15.0,1.114,15.0,1.016,15.0,0.977,15.0,0.913,15.0,0.916,15.0,1.007
F,1.0,Balogun,45,45,Arsenal,15.0,0.923,15.0,0.985,15.0,1.012,15.0,0.974,15.0,0.997,15.0,0.987
F,13.0,Nketiah,55,55,Arsenal,15.0,0.875,15.0,1.003,15.0,1.014,15.0,0.97,15.0,1.007,15.0,1.003
M,362.0,Palmer,50,50,Man City,15.0,1.038,15.0,0.869,15.0,1.048,15.0,0.939,15.0,0.925,15.0,1.0
G,361.0,Ortega,40,40,Man City,15.0,0.958,15.0,0.928,15.0,0.958,15.0,0.984,15.0,0.934,15.0,0.977
F,193.0,Broja,50,50,Chelsea,15.0,0.865,15.0,0.928,15.0,1.054,15.0,0.965,15.0,0.963,15.0,0.912
M,300.0,Jones,50,50,Liverpool,15.0,0.91,15.0,1.001,15.0,0.867,15.0,0.916,15.0,1.007,15.0,0.947
M,22.0,Smith Rowe,55,55,Arsenal,15.0,1.041,15.0,0.887,15.0,0.926,15.0,0.949,15.0,0.926,15.0,0.914
D,241.0,Tomkins,40,40,Crystal Palace,15.0,0.99,15.0,0.894,15.0,0.914,15.0,0.975,15.0,0.913,15.0,0.951
M,4.0,Fábio Vieira,55,55,Arsenal,15.0,0.988,15.0,0.908,15.0,0.944,15.0,0.898,15.0,0.932,15.0,0.924
M,403.0,Anderson,45,45,Newcastle,15.0,0.965,15.0,0.855,15.0,0.893,15.0,0.862,15.0,0.965,15.0,1.044
D,514.0,R.Sessegnon,45,45,Spurs,15.0,0.881,15.0,0.876,15.0,0.989,15.0,1.001,15.0,1.005,15.0,0.832
F,232.0,Mateta,50,50,Crystal Palace,15.0,0.959,15.0,0.861,15.0,0.92,15.0,0.963,15.0,0.92,15.0,0.944
D,206.0,James,55,55,Chelsea,15.0,0.831,15.0,0.893,15.0,1.028,15.0,0.973,15.0,0.971,15.0,0.865
M,442.0,Danilo,55,55,Nott'm Forest,15.0,0.868,15.0,1.011,15.0,0.877,15.0,0.906,15.0,1.007,15.0,0.845
F,558.0,Jiménez,55,55,Wolves,15.0,0.865,15.0,0.862,15.0,0.942,15.0,0.903,15.0,0.868,15.0,1.055
D,346.0,Cancelo,60,60,Man City,15.0,0.973,15.0,0.809,15.0,0.983,15.0,0.887,15.0,0.877,15.0,0.951
M,567.0,Neto,55,55,Wolves,15.0,0.837,15.0,0.846,15.0,0.92,15.0,0.872,15.0,0.853,15.0,1.131
M,378.0,Elanga,50,50,Man Utd,15.0,0.973,15.0,0.887,15.0,0.965,15.0,0.809,15.0,0.822,15.0,0.996
F,538.0,Mubama,45,45,West Ham,15.0,0.921,15.0,0.895,15.0,0.84,15.0,1.09,15.0,0.853,15.0,0.848
M,16.0,Pépé,50,50,Arsenal,15.0,0.959,15.0,0.883,15.0,0.908,15.0,0.852,15.0,0.915,15.0,0.896
M,503.0,Lo Celso,50,50,Spurs,15.0,0.844,15.0,0.845,15.0,0.938,15.0,0.962,15.0,1.019,15.0,0.801
F,541.0,Scamacca,60,60,West Ham,15.0,0.954,15.0,0.897,15.0,0.838,15.0,1.033,15.0,0.815,15.0,0.841
M,509.0,Richarlison,70,70,Spurs,15.0,0.855,15.0,0.836,15.0,0.946,15.0,0.965,15.0,0.985,15.0,0.785
D,506.0,Pedro Porro,50,50,Spurs,15.0,0.829,15.0,0.811,15.0,0.933,15.0,0.952,15.0,1.008,15.0,0.784
M,107.0,Lewis-Potter,50,50,Brentford,15.0,0.886,15.0,0.88,15.0,0.87,15.0,0.944,15.0,0.812,15.0,0.911
M,426.0,Saint-Maximin,60,60,Newcastle,15.0,0.883,15.0,0.816,15.0,0.855,15.0,0.823,15.0,0.884,15.0,1.039
F,483.0,Jebbison,50,50,Sheffield Utd,15.0,0.875,15.0,0.93,15.0,0.828,15.0,0.919,15.0,0.88,15.0,0.847
M,78.0,Ouattara,50,50,Bournemouth,15.0,0.922,15.0,0.822,15.0,0.914,15.0,0.886,15.0,0.898,15.0,0.815
F,464.0,Surridge,45,45,Nott'm Forest,15.0,0.844,15.0,0.886,15.0,0.879,15.0,0.912,15.0,0.902,15.0,0.819
F,443.0,Dennis,50,50,Nott'm Forest,15.0,0.813,15.0,0.969,15.0,0.829,15.0,0.859,15.0,0.966,15.0,0.792
M,543.0,Vlasic,45,45,West Ham,15.0,0.927,15.0,0.851,15.0,0.794,15.0,1.063,15.0,0.774,15.0,0.802
D,366.0,Sergio Gómez,40,40,Man City,15.0,0.92,15.0,0.737,15.0,0.93,15.0,0.819,15.0,0.804,15.0,0.882
M,210.0,Mudryk,65,65,Chelsea,15.0,0.735,15.0,0.801,15.0,1.002,15.0,0.871,15.0,0.872,15.0,0.782
F,82.0,Semenyo,45,45,Bournemouth,15.0,0.873,15.0,0.811,15.0,0.865,15.0,0.843,15.0,0.852,15.0,0.808
M,218.0,Ziyech,55,55,Chelsea,15.0,0.754,15.0,0.788,15.0,1.01,15.0,0.856,15.0,0.842,15.0,0.796
D,23.0,Tavares,40,40,Arsenal,15.0,0.887,15.0,0.817,15.0,0.852,15.0,0.793,15.0,0.855,15.0,0.838
F,76.0,Moore,50,50,Bournemouth,15.0,0.874,15.0,0.802,15.0,0.866,15.0,0.844,15.0,0.854,15.0,0.798
D,204.0,Hall,45,45,Chelsea,15.0,0.763,15.0,0.797,15.0,1.0,15.0,0.846,15.0,0.838,15.0,0.787
M,570.0,Sarabia,50,50,Wolves,15.0,0.79,15.0,0.756,15.0,0.858,15.0,0.827,15.0,0.764,15.0,1.013
F,562.0,Kalajdžić,50,50,Wolves,15.0,0.776,15.0,0.764,15.0,0.834,15.0,0.794,15.0,0.771,15.0,1.02
M,494.0,Bryan,50,50,Spurs,15.0,0.779,15.0,0.776,15.0,0.873,15.0,0.893,15.0,0.897,15.0,0.728
F,188.0,Aubameyang,65,65,Chelsea,15.0,0.745,15.0,0.797,15.0,0.921,15.0,0.853,15.0,0.846,15.0,0.78
M,381.0,Fred,50,50,Man Utd,15.0,0.856,15.0,0.801,15.0,0.848,15.0,0.742,15.0,0.754,15.0,0.874
M,125.0,Buonanotte,50,50,Brighton,15.0,0.968,15.0,0.852,15.0,0.782,15.0,0.713,15.0,0.715,15.0,0.844
D,311.0,Tsimikas,45,45,Liverpool,15.0,0.774,15.0,0.877,15.0,0.723,15.0,0.781,15.0,0.882,15.0,0.814
M,527.0,Cornet,55,55,West Ham,15.0,0.892,15.0,0.805,15.0,0.718,15.0,0.996,15.0,0.718,15.0,0.721
F,200.0,D.D.Fofana,50,50,Chelsea,15.0,0.729,15.0,0.801,15.0,0.896,15.0,0.809,15.0,0.81,15.0,0.793
M,360.0,McAtee,45,45,Man City,15.0,0.809,15.0,0.796,15.0,0.789,15.0,0.829,15.0,0.816,15.0,0.795
M,410.0,Fraser,50,50,Newcastle,15.0,0.802,15.0,0.752,15.0,0.772,15.0,0.754,15.0,0.802,15.0,0.947
D,41.0,Diego Carlos,45,45,Aston Villa,15.0,0.755,15.0,0.844,15.0,0.879,15.0,0.752,15.0,0.801,15.0,0.794
M,146.0,Sarmiento,45,45,Brighton,15.0,0.959,15.0,0.834,15.0,0.765,15.0,0.71,15.0,0.718,15.0,0.826
M,208.0,Madueke,55,55,Chelsea,15.0,0.721,15.0,0.774,15.0,0.933,15.0,0.811,15.0,0.812,15.0,0.753
F,246.0,Calvert-Lewin,60,60,Everton,15.0,0.809,15.0,0.772,15.0,0.844,15.0,0.832,15.0,0.725,15.0,0.771
M,98.0,Damsgaard,50,50,Brentford,15.0,0.782,15.0,0.793,15.0,0.768,15.0,0.835,15.0,0.72,15.0,0.809
M,205.0,Hudson-Odoi,50,50,Chelsea,15.0,0.693,15.0,0.748,15.0,0.916,15.0,0.804,15.0,0.804,15.0,0.734
M,213.0,Pulisic,55,55,Chelsea,15.0,0.693,15.0,0.748,15.0,0.888,15.0,0.811,15.0,0.812,15.0,0.727
M,67.0,Dembélé,45,45,Bournemouth,15.0,0.801,15.0,0.764,15.0,0.799,15.0,0.774,15.0,0.782,15.0,0.757
D,305.0,Matip,50,50,Liverpool,15.0,0.752,15.0,0.83,15.0,0.71,15.0,0.758,15.0,0.832,15.0,0.791
M,505.0,Ndombele,45,45,Spurs,15.0,0.735,15.0,0.717,15.0,0.829,15.0,0.84,15.0,0.844,15.0,0.695
D,510.0,Rodon,40,40,Spurs,15.0,0.744,15.0,0.726,15.0,0.822,15.0,0.826,15.0,0.828,15.0,0.706
D,357.0,Laporte,50,50,Man City,15.0,0.81,15.0,0.696,15.0,0.815,15.0,0.767,15.0,0.752,15.0,0.798
D,7.0,Holding,45,45,Arsenal,15.0,0.817,15.0,0.748,15.0,0.786,15.0,0.724,15.0,0.788,15.0,0.771
F,135.0,João Pedro,55,55,Brighton,15.0,0.927,15.0,0.78,15.0,0.748,15.0,0.701,15.0,0.7,15.0,0.774
D,257.0,Keane,45,45,Everton,15.0,0.785,15.0,0.739,15.0,0.811,15.0,0.836,15.0,0.714,15.0,0.739
M,392.0,McTominay,50,50,Man Utd,15.0,0.814,15.0,0.761,15.0,0.807,15.0,0.699,15.0,0.711,15.0,0.827
M,196.0,Chukwuemeka,45,45,Chelsea,15.0,0.69,15.0,0.724,15.0,0.92,15.0,0.787,15.0,0.79,15.0,0.703
M,142.0,Milner,50,50,Brighton,15.0,0.849,15.0,0.813,15.0,0.757,15.0,0.689,15.0,0.696,15.0,0.801
D,508.0,Reguilón,45,45,Spurs,15.0,0.721,15.0,0.7,15.0,0.821,15.0,0.83,15.0,0.851,15.0,0.677
M,554.0,Guedes,55,55,Wolves,15.0,0.709,15.0,0.706,15.0,0.788,15.0,0.741,15.0,0.71,15.0,0.946
D,370.0,Telles,45,45,Man Utd,15.0,0.829,15.0,0.742,15.0,0.823,15.0,0.672,15.0,0.683,15.0,0.846
M,115.0,Schade,55,55,Brentford,15.0,0.761,15.0,0.772,15.0,0.743,15.0,0.817,15.0,0.712,15.0,0.789
M,481.0,Fleck,50,50,Sheffield Utd,15.0,0.764,15.0,0.814,15.0,0.723,15.0,0.794,15.0,0.765,15.0,0.728
M,288.0,Wilson,55,55,Fulham,15.0,0.783,15.0,0.744,15.0,0.697,15.0,0.673,15.0,0.936,15.0,0.746
F,127.0,Connolly,45,45,Brighton,15.0,0.9,15.0,0.777,15.0,0.745,15.0,0.691,15.0,0.69,15.0,0.771
D,197.0,Colwill,45,45,Chelsea,15.0,0.667,15.0,0.728,15.0,0.884,15.0,0.795,15.0,0.793,15.0,0.704
M,38.0,Coutinho,60,60,Aston Villa,15.0,0.707,15.0,0.79,15.0,0.854,15.0,0.703,15.0,0.757,15.0,0.748
F,61.0,Wesley,50,50,Aston Villa,15.0,0.717,15.0,0.788,15.0,0.821,15.0,0.712,15.0,0.756,15.0,0.748
D,312.0,Van den Berg,40,40,Liverpool,15.0,0.726,15.0,0.806,15.0,0.688,15.0,0.732,15.0,0.808,15.0,0.766
M,87.0,H.Traorè,50,50,Bournemouth,15.0,0.785,15.0,0.729,15.0,0.777,15.0,0.751,15.0,0.761,15.0,0.722
D,24.0,Tierney,45,45,Arsenal,15.0,0.815,15.0,0.721,15.0,0.76,15.0,0.69,15.0,0.769,15.0,0.744
F,477.0,Brewster,50,50,Sheffield Utd,15.0,0.746,15.0,0.784,15.0,0.722,15.0,0.766,15.0,0.74,15.0,0.728
M,268.0,Cairney,50,50,Fulham,15.0,0.775,15.0,0.74,15.0,0.695,15.0,0.672,15.0,0.854,15.0,0.745
F,155.0,Zeqiri,45,45,Brighton,15.0,0.878,15.0,0.75,15.0,0.719,15.0,0.691,15.0,0.69,15.0,0.744
M,400.0,Van de Beek,50,50,Man Utd,15.0,0.783,15.0,0.73,15.0,0.776,15.0,0.686,15.0,0.698,15.0,0.796
D,358.0,Lewis,45,45,Man City,15.0,0.787,15.0,0.671,15.0,0.798,15.0,0.729,15.0,0.716,15.0,0.766
F,468.0,Wood,50,50,Nott'm Forest,15.0,0.701,15.0,0.793,15.0,0.722,15.0,0.751,15.0,0.809,15.0,0.682
F,258.0,Maupay,50,50,Everton,15.0,0.759,15.0,0.727,15.0,0.781,15.0,0.776,15.0,0.674,15.0,0.727
M,56.0,Sanson,45,45,Aston Villa,15.0,0.695,15.0,0.772,15.0,0.834,15.0,0.697,15.0,0.726,15.0,0.719
D,517.0,Spence,40,40,Spurs,15.0,0.705,15.0,0.704,15.0,0.776,15.0,0.782,15.0,0.784,15.0,0.682
M,92.0,Baptiste,45,45,Brentford,15.0,0.737,15.0,0.748,15.0,0.721,15.0,0.776,15.0,0.685,15.0,0.759
D,191.0,Badiashile,45,45,Chelsea,15.0,0.674,15.0,0.726,15.0,0.783,15.0,0.765,15.0,0.766,15.0,0.7
D,245.0,Branthwaite,40,40,Everton,15.0,0.749,15.0,0.705,15.0,0.779,15.0,0.79,15.0,0.681,15.0,0.705
D,545.0,Aït-Nouri,45,45,Wolves,15.0,0.696,15.0,0.691,15.0,0.78,15.0,0.735,15.0,0.695,15.0,0.815
M,292.0,Bajcetic,50,50,Liverpool,15.0,0.708,15.0,0.775,15.0,0.685,15.0,0.713,15.0,0.781,15.0,0.743
F,590.0,Cunha,55,55,Wolves,15.0,0.686,15.0,0.685,15.0,0.745,15.0,0.727,15.0,0.686,15.0,0.868
D,139.0,Lamptey,40,40,Brighton,15.0,0.787,15.0,0.774,15.0,0.718,15.0,0.647,15.0,0.649,15.0,0.77
D,532.0,Emerson,45,45,West Ham,15.0,0.78,15.0,0.714,15.0,0.684,15.0,0.79,15.0,0.686,15.0,0.687
D,114.0,Roerslev,45,45,Brentford,15.0,0.719,15.0,0.731,15.0,0.699,15.0,0.766,15.0,0.654,15.0,0.743
M,111.0,Onyeka,50,50,Brentford,15.0,0.707,15.0,0.718,15.0,0.691,15.0,0.759,15.0,0.664,15.0,0.736
M,332.0,Pereira,45,45,Luton,15.0,0.77,0.0,0.0,15.0,0.808,15.0,0.794,15.0,0.841,15.0,1.061
D,32.0,Álex Moreno,50,50,Aston Villa,15.0,0.65,15.0,0.75,15.0,0.812,15.0,0.653,15.0,0.702,15.0,0.695
D,238.0,Richards,40,40,Crystal Palace,15.0,0.778,15.0,0.666,15.0,0.676,15.0,0.75,15.0,0.675,15.0,0.716
D,10.0,Kiwior,45,45,Arsenal,15.0,0.754,15.0,0.685,15.0,0.723,15.0,0.663,15.0,0.725,15.0,0.707
M,133.0,Gilmour,50,50,Brighton,15.0,0.755,15.0,0.743,15.0,0.704,15.0,0.658,15.0,0.658,15.0,0.739
D,2.0,Cédric,40,40,Arsenal,15.0,0.765,15.0,0.681,15.0,0.719,15.0,0.651,15.0,0.727,15.0,0.702
M,488.0,Norwood,50,50,Sheffield Utd,15.0,0.703,15.0,0.747,15.0,0.678,15.0,0.728,15.0,0.699,15.0,0.684
M,95.0,Canós,50,50,Brentford,15.0,0.707,15.0,0.718,15.0,0.692,15.0,0.746,15.0,0.647,15.0,0.73
M,64.0,Brooks,50,50,Bournemouth,15.0,0.737,15.0,0.673,15.0,0.729,15.0,0.704,15.0,0.713,15.0,0.669
M,62.0,Anthony,50,50,Bournemouth,15.0,0.736,15.0,0.668,15.0,0.728,15.0,0.702,15.0,0.711,15.0,0.665
M,269.0,Cavaleiro,50,50,Fulham,15.0,0.721,15.0,0.687,15.0,0.649,15.0,0.643,15.0,0.818,15.0,0.69
M,144.0,Moder,45,45,Brighton,15.0,0.805,15.0,0.733,15.0,0.674,15.0,0.632,15.0,0.632,15.0,0.728
M,229.0,Hughes,50,50,Crystal Palace,15.0,0.761,15.0,0.639,15.0,0.672,15.0,0.744,15.0,0.671,15.0,0.711
D,375.0,Bailly,40,40,Man Utd,15.0,0.746,15.0,0.688,15.0,0.739,15.0,0.628,15.0,0.64,15.0,0.755
D,306.0,Phillips,40,40,Liverpool,15.0,0.667,15.0,0.745,15.0,0.651,15.0,0.675,15.0,0.747,15.0,0.707
M,310.0,Thiago,50,50,Liverpool,15.0,0.666,15.0,0.75,15.0,0.642,15.0,0.672,15.0,0.755,15.0,0.7
D,25.0,Tomiyasu,45,45,Arsenal,15.0,0.738,15.0,0.673,15.0,0.707,15.0,0.643,15.0,0.71,15.0,0.691
M,364.0,Phillips,50,50,Man City,15.0,0.727,15.0,0.634,15.0,0.73,15.0,0.685,15.0,0.671,15.0,0.713
M,170.0,Gudmundsson,50,50,Burnley,15.0,0.781,0.0,0.0,15.0,0.819,15.0,0.84,15.0,0.904,15.0,0.797
M,273.0,Knockaert,45,45,Fulham,15.0,0.71,15.0,0.669,15.0,0.633,15.0,0.627,15.0,0.823,15.0,0.672
D,560.0,Jonny,45,45,Wolves,15.0,0.648,15.0,0.644,15.0,0.723,15.0,0.684,15.0,0.648,15.0,0.764
F,100.0,Dervişoğlu,45,45,Brentford,15.0,0.692,15.0,0.7,15.0,0.683,15.0,0.67,15.0,0.658,15.0,0.707
M,394.0,Pellistri,45,45,Man Utd,15.0,0.722,15.0,0.668,15.0,0.715,15.0,0.63,15.0,0.642,15.0,0.731
M,244.0,André Gomes,45,45,Everton,15.0,0.696,15.0,0.655,15.0,0.722,15.0,0.733,15.0,0.644,15.0,0.655
D,387.0,Maguire,45,45,Man Utd,15.0,0.731,15.0,0.671,15.0,0.724,15.0,0.611,15.0,0.623,15.0,0.74
D,185.0,Ampadu,40,40,Chelsea,15.0,0.62,15.0,0.67,15.0,0.731,15.0,0.713,15.0,0.714,15.0,0.647
M,414.0,Hendrick,45,45,Newcastle,15.0,0.68,15.0,0.647,15.0,0.669,15.0,0.654,15.0,0.681,15.0,0.761
M,513.0,Sarr,45,45,Spurs,15.0,0.631,15.0,0.631,15.0,0.717,15.0,0.737,15.0,0.776,15.0,0.595
M,363.0,Perrone,45,45,Man City,15.0,0.711,15.0,0.629,15.0,0.715,15.0,0.67,15.0,0.657,15.0,0.698
M,351.0,Doyle,45,45,Man City,15.0,0.711,15.0,0.629,15.0,0.715,15.0,0.67,15.0,0.657,15.0,0.698
D,45.0,Hause,40,40,Aston Villa,15.0,0.635,15.0,0.719,15.0,0.754,15.0,0.63,15.0,0.674,15.0,0.665
D,512.0,Sánchez,45,45,Spurs,15.0,0.645,15.0,0.631,15.0,0.72,15.0,0.725,15.0,0.727,15.0,0.611
D,380.0,Álvaro Fernández,40,40,Man Utd,15.0,0.721,15.0,0.661,15.0,0.715,15.0,0.605,15.0,0.617,15.0,0.73
F,399.0,Shoretire,45,45,Man Utd,15.0,0.706,15.0,0.657,15.0,0.7,15.0,0.626,15.0,0.638,15.0,0.718
M,451.0,Kouyaté,50,50,Nott'm Forest,15.0,0.635,15.0,0.743,15.0,0.645,15.0,0.656,15.0,0.734,15.0,0.629
M,388.0,Mainoo,45,45,Man Utd,15.0,0.709,15.0,0.655,15.0,0.702,15.0,0.621,15.0,0.633,15.0,0.719
M,425.0,Ritchie,45,45,Newcastle,15.0,0.679,15.0,0.612,15.0,0.652,15.0,0.619,15.0,0.68,15.0,0.794
F,39.0,Davis,50,50,Aston Villa,15.0,0.641,15.0,0.691,15.0,0.741,15.0,0.636,15.0,0.666,15.0,0.656
D,476.0,Bogle,45,45,Sheffield Utd,15.0,0.661,15.0,0.723,15.0,0.622,15.0,0.705,15.0,0.675,15.0,0.646
M,40.0,Dendoncker,50,50,Aston Villa,15.0,0.627,15.0,0.706,15.0,0.739,15.0,0.626,15.0,0.669,15.0,0.661
F,174.0,Obafemi,50,50,Burnley,15.0,0.744,0.0,0.0,15.0,0.805,15.0,0.822,15.0,0.869,15.0,0.783
D,419.0,Lascelles,40,40,Newcastle,15.0,0.675,15.0,0.626,15.0,0.649,15.0,0.631,15.0,0.675,15.0,0.765
M,550.0,Cundle,45,45,Wolves,15.0,0.644,15.0,0.644,15.0,0.681,15.0,0.659,15.0,0.645,15.0,0.719
M,123.0,Alzate,45,45,Brighton,15.0,0.711,15.0,0.696,15.0,0.659,15.0,0.617,15.0,0.616,15.0,0.692
D,121.0,Zanka,45,45,Brentford,15.0,0.665,15.0,0.675,15.0,0.646,15.0,0.71,15.0,0.604,15.0,0.69
M,276.0,Lukic,45,45,Fulham,15.0,0.692,15.0,0.656,15.0,0.629,15.0,0.622,15.0,0.726,15.0,0.661
G,367.0,Steffen,40,40,Man City,15.0,0.681,15.0,0.627,15.0,0.681,15.0,0.666,15.0,0.656,15.0,0.665
D,262.0,Patterson,45,45,Everton,15.0,0.673,15.0,0.63,15.0,0.702,15.0,0.714,15.0,0.619,15.0,0.63
M,458.0,O'Brien,50,50,Nott'm Forest,15.0,0.627,15.0,0.721,15.0,0.637,15.0,0.648,15.0,0.717,15.0,0.606
D,428.0,Targett,45,45,Newcastle,15.0,0.665,15.0,0.608,15.0,0.634,15.0,0.614,15.0,0.666,15.0,0.767
M,250.0,Garner,50,50,Everton,15.0,0.66,15.0,0.62,15.0,0.704,15.0,0.715,15.0,0.608,15.0,0.62
D,255.0,Holgate,40,40,Everton,15.0,0.67,15.0,0.626,15.0,0.694,15.0,0.706,15.0,0.605,15.0,0.626
D,252.0,Godfrey,45,45,Everton,15.0,0.667,15.0,0.625,15.0,0.691,15.0,0.702,15.0,0.616,15.0,0.625
D,150.0,Van Hecke,40,40,Brighton,15.0,0.76,15.0,0.674,15.0,0.636,15.0,0.592,15.0,0.591,15.0,0.67
D,457.0,Niakhaté,45,45,Nott'm Forest,15.0,0.622,15.0,0.709,15.0,0.63,15.0,0.636,15.0,0.705,15.0,0.617
M,11.0,Marquinhos,45,45,Arsenal,15.0,0.688,15.0,0.631,15.0,0.661,15.0,0.626,15.0,0.662,15.0,0.647
M,239.0,Riedewald,45,45,Crystal Palace,15.0,0.699,15.0,0.618,15.0,0.626,15.0,0.685,15.0,0.625,15.0,0.661
D,37.0,Chambers,40,40,Aston Villa,15.0,0.601,15.0,0.691,15.0,0.738,15.0,0.602,15.0,0.645,15.0,0.638
M,94.0,Bidstrup,45,45,Brentford,15.0,0.642,15.0,0.65,15.0,0.629,15.0,0.682,15.0,0.608,15.0,0.664
D,573.0,Toti,45,45,Wolves,15.0,0.607,15.0,0.603,15.0,0.683,15.0,0.644,15.0,0.608,15.0,0.722
D,90.0,Ajer,45,45,Brentford,15.0,0.638,15.0,0.648,15.0,0.619,15.0,0.696,15.0,0.582,15.0,0.668
G,148.0,Steele,45,45,Brighton,15.0,0.667,15.0,0.663,15.0,0.646,15.0,0.611,15.0,0.61,15.0,0.656
M,248.0,Dele,50,50,Everton,15.0,0.645,15.0,0.608,15.0,0.696,15.0,0.707,15.0,0.581,15.0,0.607
D,444.0,Dräger,40,40,Nott'm Forest,15.0,0.585,15.0,0.733,15.0,0.593,15.0,0.619,15.0,0.728,15.0,0.58
G,384.0,Heaton,40,40,Man Utd,15.0,0.662,15.0,0.632,15.0,0.655,15.0,0.599,15.0,0.61,15.0,0.671
D,190.0,Baba Rahman,40,40,Chelsea,15.0,0.573,15.0,0.612,15.0,0.699,15.0,0.677,15.0,0.677,15.0,0.587
F,177.0,Rodriguez,55,55,Burnley,15.0,0.712,0.0,0.0,15.0,0.767,15.0,0.779,15.0,0.822,15.0,0.745
F,485.0,McBurnie,55,55,Sheffield Utd,15.0,0.636,15.0,0.682,15.0,0.586,15.0,0.667,15.0,0.641,15.0,0.604
D,404.0,Ashby,40,40,Newcastle,15.0,0.633,15.0,0.601,15.0,0.624,15.0,0.607,15.0,0.633,15.0,0.715
D,431.0,Watts,40,40,Newcastle,15.0,0.633,15.0,0.601,15.0,0.624,15.0,0.607,15.0,0.633,15.0,0.715
M,493.0,Bissouma,50,50,Spurs,15.0,0.604,15.0,0.602,15.0,0.671,15.0,0.676,15.0,0.678,15.0,0.58
D,374.0,B.Williams,40,40,Man Utd,15.0,0.682,15.0,0.623,15.0,0.675,15.0,0.562,15.0,0.574,15.0,0.692
D,441.0,Cook,45,45,Nott'm Forest,15.0,0.59,15.0,0.706,15.0,0.6,15.0,0.625,15.0,0.702,15.0,0.584
D,438.0,Biancone,40,40,Nott'm Forest,15.0,0.599,15.0,0.693,15.0,0.607,15.0,0.614,15.0,0.689,15.0,0.594
D,548.0,Bueno,45,45,Wolves,15.0,0.595,15.0,0.591,15.0,0.669,15.0,0.632,15.0,0.595,15.0,0.709
D,439.0,Boly,45,45,Nott'm Forest,15.0,0.588,15.0,0.7,15.0,0.597,15.0,0.621,15.0,0.696,15.0,0.583
D,536.0,Johnson,45,45,West Ham,15.0,0.686,15.0,0.618,15.0,0.59,15.0,0.699,15.0,0.593,15.0,0.594
M,21.0,Sambi,50,50,Arsenal,15.0,0.667,15.0,0.607,15.0,0.64,15.0,0.599,15.0,0.641,15.0,0.625
M,3.0,Elneny,45,45,Arsenal,15.0,0.668,15.0,0.607,15.0,0.638,15.0,0.6,15.0,0.639,15.0,0.624
G,347.0,Carson,40,40,Man City,15.0,0.646,15.0,0.607,15.0,0.646,15.0,0.63,15.0,0.617,15.0,0.63
F,552.0,Fabio Silva,55,55,Wolves,15.0,0.594,15.0,0.593,15.0,0.644,15.0,0.627,15.0,0.594,15.0,0.72
M,463.0,Shelvey,50,50,Nott'm Forest,15.0,0.585,15.0,0.695,15.0,0.595,15.0,0.625,15.0,0.692,15.0,0.579
D,577.0,Ogbonna,45,45,West Ham,15.0,0.689,15.0,0.621,15.0,0.584,15.0,0.702,15.0,0.586,15.0,0.588
G,409.0,Dubravka,40,40,Newcastle,15.0,0.641,15.0,0.594,15.0,0.614,15.0,0.603,15.0,0.641,15.0,0.672
G,18.0,Rúnarsson,40,40,Arsenal,15.0,0.636,15.0,0.621,15.0,0.638,15.0,0.616,15.0,0.625,15.0,0.619
M,251.0,Gbamin,45,45,Everton,15.0,0.635,15.0,0.598,15.0,0.66,15.0,0.67,15.0,0.594,15.0,0.598
M,219.0,Ahamada,45,45,Crystal Palace,15.0,0.682,15.0,0.58,15.0,0.596,15.0,0.668,15.0,0.595,15.0,0.634
G,289.0,Adrián,40,40,Liverpool,15.0,0.616,15.0,0.641,15.0,0.59,15.0,0.623,15.0,0.646,15.0,0.632
D,277.0,Mbabu,40,40,Fulham,15.0,0.64,15.0,0.612,15.0,0.562,15.0,0.556,15.0,0.767,15.0,0.607
G,301.0,Kelleher,40,40,Liverpool,15.0,0.613,15.0,0.637,15.0,0.603,15.0,0.62,15.0,0.642,15.0,0.628
F,33.0,Archer,45,45,Aston Villa,15.0,0.596,15.0,0.648,15.0,0.682,15.0,0.591,15.0,0.617,15.0,0.608
F,44.0,Durán,50,50,Aston Villa,15.0,0.596,15.0,0.648,15.0,0.624,15.0,0.593,15.0,0.64,15.0,0.633
D,581.0,Dummett,40,40,Newcastle,15.0,0.626,15.0,0.58,15.0,0.604,15.0,0.586,15.0,0.626,15.0,0.711
D,518.0,Tanganga,40,40,Spurs,15.0,0.585,15.0,0.587,15.0,0.659,15.0,0.665,15.0,0.667,15.0,0.567
G,498.0,Forster,40,40,Spurs,15.0,0.613,15.0,0.603,15.0,0.639,15.0,0.645,15.0,0.642,15.0,0.586
M,81.0,Rothwell,50,50,Bournemouth,15.0,0.646,15.0,0.6,15.0,0.638,15.0,0.613,15.0,0.622,15.0,0.596
M,489.0,Osborn,50,50,Sheffield Utd,15.0,0.61,15.0,0.664,15.0,0.583,15.0,0.647,15.0,0.619,15.0,0.589
M,531.0,Downes,50,50,West Ham,15.0,0.665,15.0,0.608,15.0,0.586,15.0,0.675,15.0,0.588,15.0,0.588
G,116.0,Strakosha,40,40,Brentford,15.0,0.615,15.0,0.63,15.0,0.616,15.0,0.634,15.0,0.583,15.0,0.628
D,465.0,Toffolo,45,45,Nott'm Forest,15.0,0.58,15.0,0.68,15.0,0.591,15.0,0.601,15.0,0.676,15.0,0.575
G,408.0,Darlow,40,40,Newcastle,15.0,0.63,15.0,0.584,15.0,0.604,15.0,0.593,15.0,0.63,15.0,0.662
F,183.0,Weghorst,55,55,Burnley,15.0,0.684,0.0,0.0,15.0,0.737,15.0,0.752,15.0,0.81,15.0,0.715
D,102.0,Goode,40,40,Brentford,15.0,0.613,15.0,0.622,15.0,0.594,15.0,0.657,15.0,0.571,15.0,0.637
M,224.0,Ebiowei,45,45,Crystal Palace,15.0,0.661,15.0,0.583,15.0,0.59,15.0,0.647,15.0,0.59,15.0,0.623
G,580.0,Karius,40,40,Newcastle,15.0,0.626,15.0,0.584,15.0,0.604,15.0,0.593,15.0,0.626,15.0,0.658
M,561.0,Jordão,45,45,Wolves,15.0,0.591,15.0,0.589,15.0,0.637,15.0,0.606,15.0,0.59,15.0,0.673
D,454.0,Mbe Soh,40,40,Nott'm Forest,15.0,0.572,15.0,0.682,15.0,0.58,15.0,0.603,15.0,0.678,15.0,0.567
G,230.0,Johnstone,45,45,Crystal Palace,15.0,0.633,15.0,0.582,15.0,0.606,15.0,0.623,15.0,0.605,15.0,0.632
D,420.0,Lewis,40,40,Newcastle,15.0,0.612,15.0,0.573,15.0,0.596,15.0,0.579,15.0,0.612,15.0,0.699
M,54.0,Philogene-Bidace,45,45,Aston Villa,15.0,0.583,15.0,0.638,15.0,0.672,15.0,0.578,15.0,0.604,15.0,0.595
F,486.0,Ndiaye,55,55,Sheffield Utd,15.0,0.604,15.0,0.647,15.0,0.584,15.0,0.633,15.0,0.607,15.0,0.59
M,529.0,Coventry,45,45,West Ham,15.0,0.654,15.0,0.599,15.0,0.579,15.0,0.666,15.0,0.58,15.0,0.58
D,422.0,Manquillo,40,40,Newcastle,15.0,0.605,15.0,0.572,15.0,0.594,15.0,0.577,15.0,0.605,15.0,0.704
D,417.0,Krafth,45,45,Newcastle,15.0,0.606,15.0,0.569,15.0,0.592,15.0,0.575,15.0,0.606,15.0,0.692
M,272.0,Francois,45,45,Fulham,15.0,0.628,15.0,0.597,15.0,0.578,15.0,0.572,15.0,0.665,15.0,0.6
D,461.0,Richards,45,45,Nott'm Forest,15.0,0.563,15.0,0.676,15.0,0.572,15.0,0.596,15.0,0.672,15.0,0.558
D,93.0,Bech,40,40,Brentford,15.0,0.604,15.0,0.612,15.0,0.585,15.0,0.648,15.0,0.56,15.0,0.627
D,274.0,Kongolo,40,40,Fulham,15.0,0.636,15.0,0.597,15.0,0.564,15.0,0.559,15.0,0.677,15.0,0.6
D,214.0,Sarr,45,45,Chelsea,15.0,0.538,15.0,0.595,15.0,0.655,15.0,0.635,15.0,0.637,15.0,0.569
M,565.0,Lemina,50,50,Wolves,15.0,0.575,15.0,0.573,15.0,0.633,15.0,0.601,15.0,0.576,15.0,0.668
M,456.0,Mighten,45,45,Nott'm Forest,15.0,0.574,15.0,0.655,15.0,0.582,15.0,0.587,15.0,0.651,15.0,0.569
G,53.0,Olsen,40,40,Aston Villa,15.0,0.572,15.0,0.617,15.0,0.638,15.0,0.567,15.0,0.606,15.0,0.601
D,480.0,Egan,45,45,Sheffield Utd,15.0,0.591,15.0,0.651,15.0,0.553,15.0,0.633,15.0,0.603,15.0,0.558
M,475.0,Berge,50,50,Sheffield Utd,15.0,0.589,15.0,0.653,15.0,0.553,15.0,0.632,15.0,0.598,15.0,0.559
D,460.0,Panzo,40,40,Nott'm Forest,15.0,0.554,15.0,0.665,15.0,0.563,15.0,0.586,15.0,0.661,15.0,0.549
M,413.0,Hayden,45,45,Newcastle,15.0,0.598,15.0,0.56,15.0,0.582,15.0,0.566,15.0,0.598,15.0,0.675
M,559.0,João Gomes,50,50,Wolves,15.0,0.561,15.0,0.558,15.0,0.631,15.0,0.598,15.0,0.562,15.0,0.665
G,266.0,Virgínia,40,40,Everton,15.0,0.61,15.0,0.582,15.0,0.606,15.0,0.613,15.0,0.581,15.0,0.582
D,89.0,Zabarnyi,45,45,Bournemouth,15.0,0.62,15.0,0.576,15.0,0.613,15.0,0.587,15.0,0.594,15.0,0.575
G,243.0,Whitworth,40,40,Crystal Palace,15.0,0.61,15.0,0.578,15.0,0.582,15.0,0.6,15.0,0.581,15.0,0.602
M,74.0,Marcondes,45,45,Bournemouth,15.0,0.616,15.0,0.575,15.0,0.608,15.0,0.586,15.0,0.593,15.0,0.574
M,73.0,Lowe,50,50,Bournemouth,15.0,0.616,15.0,0.575,15.0,0.608,15.0,0.586,15.0,0.593,15.0,0.574
D,474.0,Basham,40,40,Sheffield Utd,15.0,0.579,15.0,0.638,15.0,0.558,15.0,0.62,15.0,0.591,15.0,0.563
D,576.0,Jack Robinson,45,45,Sheffield Utd,15.0,0.584,15.0,0.645,15.0,0.545,15.0,0.627,15.0,0.596,15.0,0.55
M,555.0,Hodge,45,45,Wolves,15.0,0.563,15.0,0.561,15.0,0.613,15.0,0.582,15.0,0.564,15.0,0.643
D,484.0,Lowe,45,45,Sheffield Utd,15.0,0.574,15.0,0.634,15.0,0.553,15.0,0.616,15.0,0.587,15.0,0.558
G,88.0,Travers,40,40,Bournemouth,15.0,0.603,15.0,0.569,15.0,0.595,15.0,0.589,15.0,0.597,15.0,0.568
D,473.0,Baldock,40,40,Sheffield Utd,15.0,0.578,15.0,0.64,15.0,0.543,15.0,0.621,15.0,0.59,15.0,0.548
G,284.0,Rodák,40,40,Fulham,15.0,0.593,15.0,0.589,15.0,0.573,15.0,0.565,15.0,0.611,15.0,0.588
G,546.0,Bentley,40,40,Wolves,15.0,0.576,15.0,0.577,15.0,0.591,15.0,0.586,15.0,0.579,15.0,0.608
G,524.0,Areola,40,40,West Ham,15.0,0.612,15.0,0.595,15.0,0.56,15.0,0.617,15.0,0.56,15.0,0.562
G,448.0,Hennessey,40,40,Nott'm Forest,15.0,0.564,15.0,0.613,15.0,0.569,15.0,0.586,15.0,0.613,15.0,0.556
G,80.0,Randolph,40,40,Bournemouth,15.0,0.601,15.0,0.563,15.0,0.593,15.0,0.587,15.0,0.595,15.0,0.561
M,462.0,Scarpa,45,45,Nott'm Forest,15.0,0.552,15.0,0.627,15.0,0.56,15.0,0.572,15.0,0.623,15.0,0.539
D,556.0,Hoever,40,40,Wolves,15.0,0.554,15.0,0.551,15.0,0.603,15.0,0.567,15.0,0.552,15.0,0.642
M,161.0,Brownhill,50,50,Burnley,15.0,0.663,0.0,0.0,15.0,0.683,15.0,0.702,15.0,0.74,15.0,0.678
G,192.0,Bettinelli,40,40,Chelsea,15.0,0.55,15.0,0.558,15.0,0.588,15.0,0.574,15.0,0.574,15.0,0.557
M,79.0,Pearson,45,45,Bournemouth,15.0,0.592,15.0,0.548,15.0,0.584,15.0,0.559,15.0,0.566,15.0,0.547
M,574.0,Traoré,45,45,Wolves,15.0,0.535,15.0,0.532,15.0,0.582,15.0,0.552,15.0,0.536,15.0,0.63
M,586.0,Chong,50,50,Luton,15.0,0.63,0.0,0.0,15.0,0.654,15.0,0.678,15.0,0.676,15.0,0.726
M,52.0,Nakamba,45,45,Aston Villa,15.0,0.53,15.0,0.589,15.0,0.622,15.0,0.526,15.0,0.552,15.0,0.543
D,68.0,Fredericks,45,45,Bournemouth,15.0,0.592,15.0,0.526,15.0,0.584,15.0,0.554,15.0,0.563,15.0,0.521
M,435.0,Arter,45,45,Nott'm Forest,15.0,0.52,15.0,0.605,15.0,0.528,15.0,0.534,15.0,0.601,15.0,0.514
D,318.0,Burke,40,40,Luton,15.0,0.593,0.0,0.0,15.0,0.626,15.0,0.661,15.0,0.662,15.0,0.693
D,176.0,Roberts,45,45,Burnley,15.0,0.57,0.0,0.0,15.0,0.606,15.0,0.63,15.0,0.674,15.0,0.584
D,166.0,Egan-Riley,40,40,Burnley,15.0,0.576,0.0,0.0,15.0,0.593,15.0,0.613,15.0,0.654,15.0,0.59
M,165.0,Cullen,50,50,Burnley,15.0,0.575,0.0,0.0,15.0,0.591,15.0,0.608,15.0,0.645,15.0,0.589
D,178.0,Taylor,40,40,Burnley,15.0,0.56,0.0,0.0,15.0,0.589,15.0,0.609,15.0,0.651,15.0,0.574
D,173.0,O'Shea,45,45,Burnley,15.0,0.559,0.0,0.0,15.0,0.576,15.0,0.599,15.0,0.64,15.0,0.573
G,175.0,Peacock-Farrell,40,40,Burnley,15.0,0.57,0.0,0.0,15.0,0.585,15.0,0.585,15.0,0.601,15.0,0.582
M,163.0,Cork,50,50,Burnley,15.0,0.557,0.0,0.0,15.0,0.573,15.0,0.592,15.0,0.628,15.0,0.57
M,46.0,Iroegbunam,45,45,Aston Villa,15.0,0.416,15.0,0.472,15.0,0.505,15.0,0.411,15.0,0.437,15.0,0.428
M,322.0,Freeman,50,50,Luton,15.0,0.496,0.0,0.0,15.0,0.511,15.0,0.543,15.0,0.542,15.0,0.571
M,383.0,Mejbri,45,45,Man Utd,15.0,0.309,15.0,0.255,15.0,0.302,15.0,0.221,15.0,0.233,15.0,0.319
M,164.0,Costelloe,45,45,Burnley,15.0,0.0,0.0,0.0,15.0,0.0,15.0,0.0,15.0,0.0,15.0,0.0
M,186.0,Andrey Santos,45,45,Chelsea,15.0,0.0,15.0,0.0,15.0,0.0,15.0,0.0,15.0,0.0,15.0,0.0
M,418.0,Kuol,45,45,Newcastle,15.0,0.0,15.0,0.0,15.0,0.0,15.0,0.0,15.0,0.0,15.0,0.0
F,490.0,Osula,45,45,Sheffield Utd,15.0,0.0,15.0,0.0,15.0,0.0,15.0,0.0,15.0,0.0,15.0,0.0
G,97.0,Cox,40,40,Brentford,15.0,0.0,15.0,0.0,15.0,0.0,15.0,0.0,15.0,0.0,15.0,0.0
G,579.0,Lonergan,40,40,Everton,15.0,0.0,15.0,0.0,15.0,0.0,15.0,0.0,15.0,0.0,15.0,0.0
M,137.0,Kozłowski,45,45,Brighton,15.0,0.0,15.0,0.0,15.0,0.0,15.0,0.0,15.0,0.0,15.0,0.0
D,553.0,Giles,45,45,Wolves,15.0,0.0,15.0,0.0,15.0,0.0,15.0,0.0,15.0,0.0,15.0,0.0
G,411.0,Gillespie,40,40,Newcastle,15.0,0.0,15.0,0.0,15.0,0.0,15.0,0.0,15.0,0.0,15.0,0.0
G,482.0,Foderingham,45,45,Sheffield Utd,15.0,0.0,15.0,0.0,15.0,0.0,15.0,0.0,15.0,0.0,15.0,0.0
G,323.0,Macey,40,40,Luton,15.0,0.0,0.0,0.0,15.0,0.0,15.0,0.0,15.0,0.0,15.0,0.0
G,233.0,Matthews,40,40,Crystal Palace,15.0,0.0,15.0,0.0,15.0,0.0,15.0,0.0,15.0,0.0,15.0,0.0
G,521.0,Whiteman,40,40,Spurs,15.0,0.0,15.0,0.0,15.0,0.0,15.0,0.0,15.0,0.0,15.0,0.0
G,141.0,McGill,40,40,Brighton,15.0,0.0,15.0,0.0,15.0,0.0,15.0,0.0,15.0,0.0,15.0,0.0
G,491.0,Austin,40,40,Spurs,15.0,0.0,15.0,0.0,15.0,0.0,15.0,0.0,15.0,0.0,15.0,0.0
G,571.0,Šarkić,40,40,Wolves,15.0,0.0,15.0,0.0,15.0,0.0,15.0,0.0,15.0,0.0,15.0,0.0
D,452.0,Laryea,45,45,Nott'm Forest,15.0,0.0,15.0,0.0,15.0,0.0,15.0,0.0,15.0,0.0,15.0,0.0
G,28.0,Turner,40,40,Arsenal,15.0,0.0,15.0,0.0,15.0,0.0,15.0,0.0,15.0,0.0,15.0,0.0
G,172.0,Muric,45,45,Burnley,15.0,0.0,0.0,0.0,15.0,0.0,15.0,0.0,15.0,0.0,15.0,0.0
D,69.0,Hill,40,40,Bournemouth,15.0,0.0,15.0,0.0,15.0,0.0,15.0,0.0,15.0,0.0,15.0,0.0
G,91.0,Balcombe,40,40,Brentford,15.0,0.0,15.0,0.0,15.0,0.0,15.0,0.0,15.0,0.0,15.0,0.0
G,147.0,Scherpen,40,40,Brighton,15.0,0.0,15.0,0.0,15.0,0.0,15.0,0.0,15.0,0.0,15.0,0.0
F,279.0,Muniz,45,45,Fulham,15.0,0.0,15.0,0.0,15.0,0.0,15.0,0.0,15.0,0.0,15.0,0.0
D,393.0,Mengi,40,40,Man Utd,15.0,0.0,15.0,0.0,15.0,0.0,15.0,0.0,15.0,0.0,15.0,0.0
G,57.0,Sinisalo,40,40,Aston Villa,15.0,0.0,15.0,0.0,15.0,0.0,15.0,0.0,15.0,0.0,15.0,0.0
M,459.0,Ojeda,45,45,Nott'm Forest,15.0,0.0,15.0,0.0,15.0,0.0,15.0,0.0,15.0,0.0,15.0,0.0
D,136.0,Karbownik,40,40,Brighton,15.0,0.0,15.0,0.0,15.0,0.0,15.0,0.0,15.0,0.0,15.0,0.0
M,71.0,Kilkenny,45,45,Bournemouth,15.0,0.0,15.0,0.0,15.0,0.0,15.0,0.0,15.0,0.0,15.0,0.0
F,237.0,Plange,45,45,Crystal Palace,15.0,0.0,15.0,0.0,15.0,0.0,15.0,0.0,15.0,0.0,15.0,0.0
D,179.0,Thomas,40,40,Burnley,15.0,0.0,0.0,0.0,15.0,0.0,15.0,0.0,15.0,0.0,15.0,0.0
M,118.0,Trevitt,45,45,Brentford,15.0,0.0,15.0,0.0,15.0,0.0,15.0,0.0,15.0,0.0,15.0,0.0
