,code,first_name,second_name,web_name,16-17,17-18,18-19,19-20,20-21,21-22,22-23,fbref,understat,transfermarkt,23-24,Unnamed: 0
0,11948,Andy,Lonergan,Lonergan,,,,530.0,639.0,571.0,760.0,165cf989,7821.0,14044.0,579.0,
1,15157,James,Milner,Milner,208.0,222.0,254.0,200.0,241.0,221.0,274.0,2f90f6b8,489.0,3333.0,142.0,
2,17601,Scott,Carson,Carson,,,,562.0,608.0,593.0,502.0,3e1550ee,8158.0,14555.0,347.0,
3,17761,James,Tarkowski,Tarkowski,59.0,79.0,72.0,84.0,81.0,98.0,199.0,15ea812b,1665.0,173504.0,265.0,
4,18892,Ashley,Young,Young,260.0,277.0,293.0,224.0,,52.0,538.0,be927d03,631.0,14086.0,588.0,
5,20066,Wayne,Hennessey,Hennessey,100.0,115.0,135.0,132.0,126.0,480.0,518.0,76eca7e2,509.0,45494.0,448.0,
6,20480,Tim,Krul,Krul,,540.0,,280.0,,314.0,,f23f9d20,982.0,33027.0,665.0,
7,21205,Tom,Heaton,Heaton,54.0,74.0,67.0,94.0,28.0,509.0,348.0,a6de6361,1651.0,34130.0,384.0,
8,32259,Darren,Randolph,Randolph,451.0,439.0,,606.0,430.0,407.0,571.0,6385ebfb,540.0,51321.0,80.0,
9,37096,Lukasz,Fabianski,Fabianski,356.0,350.0,400.0,388.0,431.0,408.0,455.0,9328b835,706.0,29692.0,533.0,
10,37642,Jonny,Evans,Evans,431.0,423.0,222.0,162.0,219.0,201.0,249.0,f8fcd2a5,807.0,42412.0,703.0,
11,37915,Hugo,Lloris,Lloris,380.0,375.0,351.0,340.0,383.0,353.0,425.0,8f62b6ee,637.0,17965.0,502.0,
12,39155,Adam,Lallana,Lallana,205.0,228.0,250.0,195.0,54.0,53.0,101.0,99813635,486.0,43530.0,138.0,
13,40145,Jack,Cork,Cork,367.0,90.0,82.0,102.0,84.0,101.0,,74e12f1e,712.0,40613.0,163.0,
14,40383,Fraser,Forster,Forster,294.0,306.0,329.0,317.0,523.0,333.0,426.0,c3e39f12,831.0,52570.0,498.0,
15,40386,Chris,Basham,Basham,,,,423.0,345.0,,,1aa84968,7704.0,52495.0,474.0,
16,40669,Angelo,Ogbonna,Ogbonna,456.0,444.0,403.0,377.0,432.0,409.0,456.0,74b2cd7e,528.0,48002.0,577.0,
17,40836,Vicente,Guaita,Guaita,,,137.0,131.0,128.0,146.0,152.0,ab13a5aa,2190.0,64399.0,227.0,
18,41328,César,Azpilicueta,Azpilicueta,77.0,97.0,113.0,105.0,102.0,119.0,127.0,53cad200,681.0,57500.0,189.0,
19,44683,Jay,Rodriguez,Rodriguez,311.0,437.0,,451.0,86.0,104.0,,4ab53cdb,844.0,53360.0,177.0,
20,45034,Ivan,Perišić,Perišić,,,,,,,448.0,6fe90922,448.0,42460.0,507.0,
21,47247,John,Fleck,Fleck,,,,301.0,346.0,,,b63e789d,7709.0,54383.0,481.0,
22,47431,Willian,Borges da Silva,Willian,86.0,106.0,124.0,113.0,478.0,3.0,614.0,8b9ebd03,700.0,52769.0,591.0,
23,48615,Harry,Arter,Arter,37.0,39.0,33.0,,,,378.0,2f4c5a52,881.0,55742.0,435.0,
24,48760,Mathias,Jorgensen,Zanka,,171.0,195.0,,,594.0,595.0,0db5d2c8,6030.0,52059.0,121.0,
25,49083,Luke,Freeman,Freeman,,,,441.0,477.0,,,636b64cd,7713.0,66923.0,322.0,
26,49262,Jason,Steele,Steele,,,439.0,,528.0,54.0,102.0,28300a16,7235.0,73564.0,148.0,
27,49413,James,Tomkins,Tomkins,103.0,117.0,138.0,124.0,129.0,147.0,153.0,e7ca0439,530.0,61592.0,241.0,
28,50175,Danny,Welbeck,Welbeck,26.0,26.0,21.0,512.0,588.0,447.0,103.0,ce5143da,501.0,67063.0,154.0,
29,50232,Jonjo,Shelvey,Shelvey,,296.0,318.0,269.0,321.0,291.0,349.0,3727dd3c,769.0,71292.0,463.0,
30,51090,Thiago,Emiliano da Silva,Thiago Silva,,,,,490.0,121.0,128.0,86e7deaf,3288.0,29241.0,217.0,
31,51927,Ben,Mee,Mee,56.0,77.0,70.0,83.0,88.0,106.0,526.0,8df7a2fb,1654.0,74810.0,109.0,
32,54469,Adam,Smith,Smith,34.0,35.0,29.0,63.0,,,57.0,20b104bc,825.0,61841.0,84.0,
33,54694,Pierre-Emerick,Aubameyang,Aubameyang,,616.0,23.0,11.0,4.0,4.0,617.0,d5dd5f1f,318.0,58864.0,188.0,
34,55037,Cheikhou,Kouyaté,Kouyaté,459.0,451.0,412.0,139.0,133.0,150.0,583.0,8d3c902d,532.0,66934.0,451.0,
35,55459,Aaron,Cresswell,Cresswell,454.0,443.0,402.0,376.0,435.0,411.0,457.0,4f974391,534.0,92571.0,530.0,
36,55494,Joel,Ward,Ward,105.0,119.0,441.0,126.0,134.0,474.0,156.0,8a7ff278,510.0,92572.0,242.0,
37,56917,Steve,Cook,Cook,32.0,33.0,27.0,58.0,,,379.0,3e5e4e63,458.0,90836.0,441.0,
38,56979,Jordan,Henderson,Henderson,201.0,225.0,249.0,198.0,244.0,222.0,275.0,935e6b8f,605.0,61651.0,299.0,
39,56983,Matt,Ritchie,Ritchie,,295.0,317.0,251.0,322.0,292.0,350.0,71ef519e,461.0,92469.0,425.0,
40,57328,Nathaniel,Clyne,Clyne,193.0,217.0,241.0,,577.0,493.0,157.0,0442183b,603.0,85177.0,222.0,
41,57531,Michail,Antonio,Antonio,464.0,454.0,415.0,389.0,437.0,413.0,458.0,ac05f970,531.0,104124.0,523.0,
42,58621,Kyle,Walker,Walker,384.0,379.0,265.0,203.0,270.0,249.0,299.0,86dd77d1,638.0,95424.0,369.0,
43,58822,Cédric,Alves Soares,Cédric,301.0,310.0,332.0,486.0,5.0,5.0,1.0,839c14e1,847.0,112988.0,2.0,
44,59735,Karl,Darlow,Darlow,,287.0,308.0,263.0,325.0,294.0,353.0,cde3309f,780.0,99397.0,408.0,
45,59949,Seamus,Coleman,Coleman,126.0,139.0,157.0,144.0,152.0,165.0,178.0,0420d84f,585.0,68390.0,247.0,
46,60232,Craig,Dawson,Dawson,433.0,424.0,,439.0,576.0,414.0,459.0,3e9e06cb,804.0,121477.0,551.0,
47,60252,Andros,Townsend,Townsend,120.0,131.0,149.0,135.0,137.0,482.0,179.0,b28bbd58,775.0,61842.0,727.0,
48,60307,Pascal,Groß,Groß,,70.0,59.0,49.0,57.0,55.0,104.0,8aec0537,239.0,82873.0,134.0,
49,60586,Johann Berg,Gudmundsson,Gudmundsson,473.0,84.0,76.0,96.0,90.0,108.0,,f72293fc,1663.0,89231.0,170.0,
50,60689,Chris,Wood,Wood,,518.0,87.0,91.0,91.0,109.0,354.0,4e9a0555,4456.0,108725.0,468.0,
51,60706,Adrián,San Miguel del Castillo,Adrián,450.0,438.0,399.0,526.0,245.0,223.0,497.0,f76e6b4e,527.0,71271.0,289.0,
52,60914,Joel,Matip,Matip,199.0,219.0,243.0,185.0,246.0,224.0,276.0,b217ef29,332.0,82105.0,305.0,
53,61256,Carlos Henrique,Casimiro,Casemiro,,,,,,,593.0,4d224fe8,2248.0,16306.0,376.0,
54,61366,Kevin,De Bruyne,De Bruyne,235.0,252.0,273.0,215.0,272.0,251.0,301.0,e46012d4,447.0,88755.0,349.0,
55,61558,Thiago,Alcántara do Nascimento,Thiago,,,,,531.0,225.0,277.0,77e84962,229.0,60444.0,310.0,
56,66749,Romelu,Lukaku,Lukaku,143.0,285.0,306.0,232.0,,529.0,,5eae500a,594.0,96341.0,207.0,
57,67089,Martin,Dubravka,Dubravka,,621.0,309.0,262.0,326.0,295.0,355.0,3a949a25,6532.0,74960.0,409.0,
58,69752,Norberto,Murara Neto,Neto,,,,,,,574.0,a9dc785c,1297.0,111819.0,77.0,
59,75115,Callum,Wilson,Wilson,49.0,48.0,43.0,67.0,506.0,296.0,356.0,c596fcb0,468.0,123682.0,433.0,
60,76357,Tom,Cairney,Cairney,,,182.0,,175.0,,200.0,a8748947,6835.0,123275.0,268.0,
61,77794,Kieran,Trippier,Trippier,387.0,382.0,357.0,334.0,,678.0,357.0,21512407,652.0,95810.0,430.0,
62,78830,Harry,Kane,Kane,403.0,394.0,372.0,338.0,388.0,357.0,427.0,21a66f6a,647.0,132098.0,500.0,
63,78916,Dan,Burn,Burn,,,582.0,475.0,61.0,58.0,358.0,b2d31e83,7382.0,134270.0,407.0,
64,79602,Daniel,Bentley,Bentley,,,,,,,717.0,68db6358,11361.0,136401.0,546.0,
65,79934,Oliver,Norwood,Norwood,,68.0,,302.0,349.0,,,43439614,7710.0,73547.0,488.0,
66,80146,Jordan,Ayew,J.Ayew,642.0,373.0,505.0,468.0,140.0,153.0,159.0,da052c14,672.0,108354.0,221.0,
67,80201,Bernd,Leno,Leno,,,2.0,14.0,8.0,1.0,2.0,2628fd2b,181.0,72476.0,275.0,
68,80226,Serge,Aurier,Aurier,,532.0,360.0,336.0,389.0,358.0,628.0,5c2b4f07,3600.0,127032.0,436.0,
69,80607,Christian,Eriksen,Eriksen,394.0,387.0,364.0,343.0,,699.0,519.0,980522ec,646.0,69633.0,379.0,
70,80801,Idrissa,Gueye,Gueye,488.0,155.0,168.0,156.0,,,611.0,72c812f3,668.0,126665.0,254.0,
71,81012,Ryan,Fredericks,Fredericks,,,408.0,380.0,438.0,415.0,59.0,c067631c,6891.0,140191.0,68.0,
72,81441,Mark,Gillespie,Gillespie,,,,,488.0,514.0,,e32958b7,8729.0,142389.0,411.0,
73,82143,Wes,Foderingham,Foderingham,,,,,350.0,,,96cf7b61,8776.0,61697.0,482.0,
74,82514,Tim,Ream,Ream,,,180.0,,176.0,,201.0,28b40c9c,7184.0,145466.0,281.0,
75,82691,George,Baldock,Baldock,,,,294.0,351.0,,,394854c4,7706.0,146690.0,473.0,
76,83283,Nathan,Redmond,Redmond,304.0,324.0,343.0,320.0,365.0,336.0,403.0,ab651565,790.0,129078.0,600.0,
77,83299,Lewis,Dunk,Dunk,,55.0,48.0,42.0,62.0,59.0,106.0,282f75f3,6048.0,148153.0,129.0,
78,83314,Jeff,Hendrick,Hendrick,560.0,86.0,78.0,100.0,485.0,297.0,375.0,989d5705,1746.0,148262.0,414.0,
79,83427,Jack,Robinson,Jack Robinson,,,,611.0,352.0,,,7399c7a8,8286.0,128909.0,576.0,
80,83543,Anthony,Knockaert,Knockaert,,62.0,55.0,52.0,177.0,,202.0,6c679c6d,4497.0,149237.0,273.0,
81,84182,Alphonse,Areola,Areola,,,,,516.0,489.0,473.0,2f965a72,2310.0,120629.0,524.0,
82,84450,Granit,Xhaka,Xhaka,24.0,23.0,17.0,18.0,9.0,7.0,3.0,e61b8aee,204.0,111455.0,30.0,
83,84583,Philippe,Coutinho Correia,Coutinho,203.0,226.0,,,,681.0,29.0,0ef89a37,488.0,80444.0,38.0,
84,84939,Danny,Ings,Ings,216.0,237.0,258.0,313.0,366.0,337.0,30.0,07802f7f,986.0,134294.0,535.0,
85,85955,Jorge Luiz,Frello Filho,Jorginho,,,459.0,118.0,105.0,123.0,130.0,45db685d,1389.0,102017.0,9.0,
86,85971,Son,Heung-min,Son,402.0,390.0,367.0,342.0,390.0,359.0,428.0,92e7e919,453.0,91845.0,516.0,
87,86417,Jeffrey,Schlupp,Schlupp,169.0,123.0,141.0,137.0,142.0,155.0,161.0,3312f911,757.0,157506.0,240.0,
88,87835,Matt,Doherty,Doherty,,,425.0,401.0,457.0,360.0,429.0,d557d734,6852.0,171679.0,598.0,
89,88248,Stefan,Ortega Moreno,Ortega,,,,,,,324.0,c1242d4e,8786.0,85941.0,361.0,
90,88484,Pablo,Sarabia,Sarabia,,,,,,,704.0,9744ff80,2199.0,74230.0,570.0,
91,88894,Ross,Barkley,Barkley,134.0,149.0,127.0,117.0,106.0,124.0,131.0,3a24769f,592.0,131978.0,630.0,
92,89076,Remo,Freuler,Freuler,,,,,,,582.0,98d2c2c4,1488.0,148252.0,446.0,
93,90105,Ryan,Fraser,Fraser,536.0,47.0,40.0,75.0,507.0,298.0,359.0,d56543a0,1683.0,146795.0,410.0,
94,90152,Raphaël,Varane,Varane,,,,,,555.0,329.0,9f8e9423,2245.0,164770.0,395.0,
95,90585,Willy,Boly,Boly,,,423.0,405.0,458.0,428.0,474.0,a4ac4b8f,6850.0,142310.0,439.0,
96,91651,Mateo,Kovacic,Kovacic,,,499.0,432.0,107.0,125.0,132.0,79c0821a,2254.0,51471.0,356.0,
97,93264,Eric,Dier,Dier,390.0,384.0,361.0,350.0,391.0,361.0,430.0,ac861941,643.0,175722.0,496.0,
98,95658,Harry,Maguire,Maguire,153.0,198.0,220.0,160.0,298.0,273.0,330.0,d8931174,1687.0,177907.0,387.0,
99,96994,Bobby,De Cordova-Reid,De Cordova-Reid,,,110.0,,181.0,,205.0,0f7533cd,6827.0,186186.0,270.0,
100,97032,Virgil,van Dijk,Van Dijk,303.0,311.0,246.0,183.0,250.0,229.0,280.0,e06683ca,833.0,139208.0,313.0,
101,97299,John,Stones,Stones,128.0,242.0,262.0,207.0,273.0,252.0,302.0,5eecec3d,586.0,186590.0,368.0,
102,98747,Nick,Pope,Pope,471.0,469.0,68.0,93.0,96.0,112.0,376.0,4b40d9ca,5552.0,192080.0,424.0,
103,98980,Emiliano,Martínez Romero,Martínez,657.0,3.0,542.0,427.0,12.0,30.0,31.0,7956236f,4401.0,111873.0,49.0,
104,101148,Jamaal,Lascelles,Lascelles,,290.0,312.0,258.0,328.0,299.0,360.0,450ab6fc,766.0,183318.0,419.0,
105,101178,James,Ward-Prowse,Ward-Prowse,306.0,317.0,338.0,321.0,370.0,341.0,407.0,3515d404,843.0,181579.0,664.0,
106,101184,Calum,Chambers,Chambers,11.0,480.0,9.0,467.0,13.0,10.0,32.0,dc6f5bdd,508.0,215118.0,37.0,
107,101188,Lucas,Digne,Digne,,,484.0,141.0,155.0,168.0,33.0,1b84dbe1,1823.0,126664.0,42.0,
108,101582,Frederico,Rodrigues de Paula Santos,Fred,,,304.0,244.0,299.0,274.0,331.0,b853e0ad,6817.0,191614.0,381.0,
109,101982,Sam,Johnstone,Johnstone,,,,,417.0,,175.0,9e5708be,978.0,110864.0,230.0,
110,102057,Raúl,Jiménez,Jiménez,,,437.0,409.0,460.0,430.0,476.0,b561db50,4105.0,206040.0,558.0,
111,103025,Riyad,Mahrez,Mahrez,176.0,199.0,223.0,217.0,275.0,254.0,303.0,892d5bb1,750.0,171424.0,359.0,
112,103192,Kurt,Zouma,Zouma,79.0,99.0,526.0,459.0,110.0,128.0,461.0,ce4246f5,935.0,157509.0,544.0,
113,103914,Charlie,Taylor,Taylor,,81.0,74.0,87.0,97.0,113.0,,cc2d7ad5,6044.0,195633.0,178.0,
114,103955,Raheem,Sterling,Sterling,228.0,247.0,270.0,214.0,276.0,255.0,304.0,b400bde0,618.0,134425.0,216.0,
115,104542,Loris,Karius,Karius,189.0,214.0,238.0,,,,626.0,32e7ce92,37.0,85864.0,580.0,
116,106468,Alexandre,Moreno Lopera,Álex Moreno,,,,,,,694.0,16e9d0ea,4120.0,193098.0,32.0,
117,106611,Michael,Keane,Keane,58.0,146.0,162.0,143.0,156.0,169.0,180.0,c5b7c315,1653.0,118534.0,257.0,
118,106618,Paul,Dummett,Dummett,,291.0,313.0,255.0,331.0,301.0,362.0,3fe6bd8c,853.0,170321.0,581.0,
119,106760,Luke,Shaw,Shaw,247.0,265.0,286.0,226.0,300.0,275.0,332.0,9c94165b,1006.0,183288.0,398.0,
120,108413,Will,Hughes,Hughes,,416.0,392.0,370.0,,386.0,163.0,a0666d3e,6104.0,207014.0,229.0,
121,108416,John,Egan,Egan,,,,295.0,353.0,,,debe38a0,7703.0,121324.0,480.0,
122,108823,Dele,Alli,Dele,398.0,388.0,365.0,344.0,394.0,363.0,181.0,cea4ee8f,645.0,207929.0,248.0,
123,109345,Solly,March,March,,66.0,58.0,55.0,65.0,60.0,107.0,bb5fbd2b,6049.0,209212.0,140.0,
124,109434,Terence,Kongolo,Kongolo,,591.0,198.0,,585.0,,208.0,1f9a3a04,6067.0,152651.0,274.0,
125,109528,Javier,Manquillo Gaitán,Manquillo,538.0,477.0,315.0,256.0,332.0,302.0,363.0,758dd7f0,1719.0,162029.0,422.0,
126,109533,Emerson,Palmieri dos Santos,Emerson,,614.0,121.0,107.0,111.0,539.0,545.0,e0bc6fdc,1245.0,181778.0,532.0,
127,109646,Tosin,Adarabioyo,Tosin,607.0,586.0,,,572.0,,209.0,c81d773d,5590.0,258878.0,286.0,
128,109745,Kepa,Arrizabalaga,Arrizabalaga,,,498.0,111.0,112.0,129.0,133.0,28d596a0,5061.0,192279.0,187.0,
129,110504,Bertrand,Traoré,Traoré,91.0,,,,540.0,32.0,34.0,c47541e0,695.0,131996.0,59.0,
130,110735,Adam,Webster,Webster,,,,493.0,66.0,61.0,108.0,c40b6180,7699.0,212847.0,153.0,
131,111234,Jordan,Pickford,Pickford,340.0,135.0,154.0,148.0,157.0,170.0,182.0,4806ec67,741.0,130164.0,263.0,
132,111317,David,Brooks,Brooks,,,42.0,76.0,,,60.0,dc4cae05,6820.0,277033.0,64.0,
133,111478,Joël,Veltman,Veltman,,,,,67.0,62.0,109.0,dad4b285,8780.0,111195.0,151.0,
134,111773,Emil,Krafth,Krafth,,,,519.0,333.0,303.0,364.0,77cf6852,1545.0,184528.0,417.0,
135,111782,Robin,Olsen,Olsen,,,,,573.0,691.0,35.0,e7ee38c3,6962.0,75458.0,53.0,
136,113534,Matt,Macey,Macey,660.0,559.0,,646.0,527.0,,,136e7649,903.0,220491.0,323.0,
137,114128,Jonathan,Castro Otto,Jonny,,,483.0,402.0,462.0,433.0,477.0,e28868f3,2280.0,175446.0,560.0,
138,114241,Harry,Toffolo,Toffolo,,,,,,,523.0,a105d46a,10758.0,198516.0,465.0,
139,114243,Jacob,Murphy,Murphy,,478.0,321.0,483.0,497.0,304.0,365.0,de112b84,6063.0,199527.0,423.0,
140,114283,Jack,Grealish,Grealish,,,,29.0,37.0,33.0,305.0,b0b4fd3e,675.0,203460.0,354.0,
141,115382,Neal,Maupay,Maupay,,,,502.0,68.0,63.0,110.0,4bcf39f6,3621.0,217115.0,258.0,
142,115556,Ben,Davies,Davies,386.0,381.0,356.0,329.0,395.0,364.0,432.0,44781702,660.0,192765.0,495.0,
143,115918,Rúnar Alex,Rúnarsson,Rúnarsson,,,,,547.0,2.0,,8fa8f8d2,6875.0,205657.0,18.0,
144,116216,Leandro,Trossard,Trossard,,,,421.0,69.0,64.0,111.0,38ceb24a,7698.0,144028.0,26.0,
145,116404,Felipe Augusto,de Almeida Monteiro,Felipe,,,,,,,730.0,51a3c4c8,7921.0,156501.0,445.0,
146,116535,Alisson,Ramses Becker,Alisson,,,468.0,189.0,252.0,231.0,281.0,7a2e46a8,1257.0,105470.0,291.0,
147,116643,Fabio Henrique,Tavares,Fabinho,,,255.0,197.0,253.0,232.0,282.0,7f3b388c,3420.0,225693.0,296.0,
148,118335,Abdul Rahman,Baba,Baba Rahman,80.0,,,,,,,e4086af3,684.0,224884.0,190.0,
149,118748,Mohamed,Salah,Salah,,234.0,253.0,191.0,254.0,233.0,283.0,e342ad68,1250.0,148455.0,308.0,
150,119471,Fabian,Schär,Schär,,,482.0,252.0,334.0,305.0,366.0,c8aa95da,76.0,135343.0,427.0,
151,120202,Wout,Weghorst,Weghorst,,,,,,700.0,701.0,c4e87b8b,7052.0,228645.0,183.0,
152,120250,André,Tavares Gomes,André Gomes,,,508.0,422.0,158.0,172.0,184.0,1961b2aa,2383.0,221025.0,244.0,
153,120721,Kevin,Mbabu,Mbabu,,,,,,,532.0,493924a7,983.0,183321.0,277.0,
154,121145,João,Cancelo,Cancelo,,,,518.0,277.0,256.0,306.0,bd6351cd,2379.0,182712.0,346.0,
155,121160,Ederson,Santana de Moraes,Ederson,,240.0,260.0,212.0,278.0,257.0,307.0,3bb7b8b4,6054.0,238223.0,352.0,
156,121599,Abdoulaye,Doucouré,A.Doucouré,482.0,414.0,390.0,368.0,512.0,173.0,185.0,02b29014,1726.0,127187.0,249.0,
157,122074,Marcus,Bettinelli,Bettinelli,,,178.0,,183.0,606.0,635.0,0d85a4e8,7076.0,116648.0,192.0,
158,122775,Morgan,Sanson,Sanson,,,,,647.0,34.0,36.0,6e7f1353,3696.0,174094.0,56.0,
159,122798,Andrew,Robertson,Robertson,152.0,475.0,247.0,181.0,255.0,234.0,284.0,2e4f5f03,1688.0,234803.0,307.0,
160,122806,John,McGinn,McGinn,,,,31.0,38.0,35.0,37.0,90f91999,7723.0,193116.0,50.0,
161,123354,Kortney,Hause,Hause,,,525.0,25.0,39.0,36.0,38.0,bf8fad51,6859.0,233124.0,45.0,
162,124183,Hakim,Ziyech,Ziyech,,,,,114.0,131.0,135.0,6622454d,8992.0,217111.0,218.0,
163,126184,Nathan,Aké,Aké,36.0,38.0,31.0,59.0,279.0,258.0,308.0,eaeca114,579.0,177476.0,342.0,
164,128295,Christian,Nørgaard,Nørgaard,,,,,,77.0,79.0,df0a4c90,7083.0,148367.0,110.0,
165,128309,Jamal,Lowe,Lowe,,,,,,,61.0,b2856bc0,10865.0,239949.0,73.0,
166,128340,Kieffer,Moore,Moore,,,,,,,62.0,01ce9e70,10743.0,275590.0,76.0,
167,128389,Aleksandar,Mitrović,Mitrović,,303.0,480.0,,184.0,,210.0,3925dbd6,773.0,51152.0,278.0,
168,132015,Pierre-Emile,Højbjerg,Højbjerg,312.0,321.0,340.0,325.0,396.0,365.0,433.0,8b04d6c1,343.0,167799.0,499.0,
169,133845,Emiliano,Marcondes,Marcondes,,,,,,,63.0,4d960fc3,10745.0,232964.0,74.0,
170,140200,Thomas,Strakosha,Strakosha,,,,,,,517.0,339fe0e8,1214.0,222209.0,116.0,
171,141746,Bruno,Borges Fernandes,Fernandes,,,,618.0,302.0,277.0,333.0,507c7bdf,1228.0,240306.0,373.0,
172,144485,Ivan,Toney,Toney,,,,,,78.0,80.0,e09f279b,998.0,251664.0,117.0,
173,146941,Aymeric,Laporte,Laporte,,612.0,268.0,202.0,280.0,259.0,309.0,119b9a8e,2498.0,176553.0,357.0,
174,148225,Anthony,Martial,Martial,267.0,280.0,301.0,239.0,303.0,278.0,345.0,8b788c01,553.0,182877.0,390.0,
175,149065,José,Malheiro de Sá,Sá,,,,,,475.0,478.0,903b6e8b,9740.0,249994.0,569.0,
176,149484,Tyrone,Mings,Mings,35.0,36.0,30.0,445.0,41.0,38.0,39.0,8397a50c,1024.0,253677.0,51.0,
177,149519,Maxwel,Cornet,Cornet,,,,,,578.0,575.0,beb391dd,3278.0,234781.0,527.0,
178,151086,Mario,Lemina,Lemina,,500.0,344.0,324.0,493.0,,698.0,2b471f99,1299.0,170934.0,565.0,
179,151589,Leander,Dendoncker,Dendoncker,,,519.0,420.0,464.0,434.0,479.0,5a7301ae,7236.0,168157.0,40.0,
180,152551,Jefferson,Lerma Solís,Lerma,,,494.0,82.0,,,64.0,9b5ce51a,2182.0,262980.0,231.0,
181,152590,Alex,Telles,Telles,,,,,568.0,279.0,334.0,e73c9bb2,1828.0,255755.0,370.0,
182,152760,Divock,Origi,Origi,217.0,238.0,543.0,188.0,256.0,235.0,,43a166b4,484.0,148368.0,714.0,
183,153127,Isaac,Hayden,Hayden,,496.0,323.0,271.0,336.0,306.0,,c951a6df,6062.0,206225.0,413.0,
184,153133,Alex,Iwobi,Iwobi,21.0,21.0,15.0,17.0,159.0,174.0,186.0,6ca5ec4b,500.0,242631.0,256.0,
185,153256,Mohamed,Elneny,Elneny,22.0,22.0,16.0,20.0,526.0,12.0,4.0,47a34c4f,496.0,160438.0,3.0,
186,153366,Harrison,Reed,Reed,307.0,,,,373.0,,211.0,803ae100,910.0,226973.0,282.0,
187,153682,Harry,Wilson,Wilson,653.0,,,505.0,257.0,,212.0,c6dc9ecd,5596.0,279455.0,288.0,
188,154296,João,Palhinha Gonçalves,Palhinha,,,,,,,220.0,a78ff07f,10715.0,257455.0,280.0,
189,154561,David,Raya Martin,Raya,,,,,,80.0,81.0,98ea5115,9676.0,262749.0,113.0,
190,154566,Dominic,Solanke,Solanke,590.0,239.0,259.0,69.0,,,66.0,e77dc3b2,1679.0,258889.0,85.0,
191,155197,Max,Lowe,Lowe,,,,,511.0,,,7af88b33,8918.0,258885.0,484.0,
192,155405,Kalvin,Phillips,Phillips,,,,,204.0,191.0,325.0,4f565d77,8719.0,351749.0,364.0,
193,155408,Lewis,Cook,Cook,47.0,46.0,39.0,79.0,,,67.0,2afc7272,1789.0,249089.0,66.0,
194,155529,Marek,Rodák,Rodák,,,,,186.0,,213.0,17acc2ed,8704.0,186901.0,284.0,
195,156074,Rob,Holding,Holding,484.0,11.0,6.0,10.0,16.0,14.0,5.0,d79a8c87,1749.0,253341.0,7.0,
196,156658,Reece,Burke,Burke,534.0,596.0,,,,,,a681b7b7,1771.0,264220.0,318.0,
197,156685,Joe,Rothwell,Rothwell,,,,,,,505.0,10a10454,561.0,183293.0,81.0,
198,156687,Ben,Pearson,Pearson,,,,,,,68.0,a6b461e7,10742.0,183302.0,79.0,
199,156689,Andreas,Hoelgebaum Pereira,Andreas,263.0,476.0,481.0,246.0,304.0,511.0,346.0,6639e500,922.0,203394.0,267.0,
200,158499,Ryan,Christie,Christie,,,,,,,69.0,26ce2263,10744.0,188077.0,65.0,
201,159506,Ola,Aina,Aina,487.0,,,,562.0,,,246d153b,725.0,236490.0,604.0,
202,159533,Adama,Traoré Diarra,Adama,563.0,,500.0,417.0,465.0,435.0,491.0,9a28eba4,900.0,204103.0,662.0,
203,160987,Jean-Philippe,Gbamin,Gbamin,,,,497.0,161.0,504.0,187.0,6bd603db,4764.0,182894.0,251.0,
204,164484,Zack,Steffen,Steffen,,,,,538.0,260.0,310.0,42130443,7817.0,221624.0,367.0,
205,164555,Vladimir,Coufal,Coufal,,,,,558.0,418.0,463.0,fdf3cb77,8965.0,157672.0,528.0,
206,165659,Diego Carlos,Santos Silva,Diego Carlos,,,,,,,50.0,b4a014b1,5712.0,329145.0,41.0,
207,165809,Bernardo,Veiga de Carvalho e Silva,Bernardo,,256.0,276.0,218.0,281.0,261.0,311.0,3eb22ec9,3635.0,241641.0,344.0,
208,166324,Ivan,Neves Abreu Cavaleiro,Cavaleiro,,,434.0,419.0,187.0,,214.0,979b811d,3683.0,149716.0,269.0,
209,166477,Timothy,Castagne,Castagne,,,,,498.0,209.0,258.0,197640fd,6157.0,262226.0,688.0,
210,166989,Youri,Tielemans,Tielemans,,,591.0,448.0,228.0,210.0,259.0,56f7a928,5956.0,249565.0,58.0,
211,167074,Kenny,Tete,Tete,,,,,517.0,,215.0,77d7c96f,5973.0,206746.0,285.0,
212,167199,Thomas,Partey,Partey,,,,,567.0,15.0,6.0,529f49ab,2328.0,230784.0,15.0,
213,167878,Ben,Osborn,Osborn,,,,472.0,356.0,,,79bc4c45,7714.0,218087.0,489.0,
214,168281,Scott,McKenna,McKenna,,,,,,,385.0,4e5a4cbc,10757.0,255906.0,455.0,
215,168991,Philip,Billing,Billing,,175.0,202.0,476.0,,,70.0,d328a254,6034.0,320411.0,63.0,
216,169187,Trent,Alexander-Arnold,Alexander-Arnold,523.0,223.0,245.0,182.0,259.0,237.0,285.0,cd1acf9d,1791.0,314353.0,290.0,
217,169359,Matt,Targett,Targett,299.0,309.0,479.0,309.0,42.0,39.0,367.0,e514ab62,884.0,250478.0,428.0,
218,169432,Oliver,McBurnie,McBurnie,546.0,372.0,,501.0,357.0,,,78b8ac63,1736.0,298477.0,485.0,
219,169528,Antonee,Robinson,Robinson,,,,,484.0,,217.0,289601e6,8940.0,349701.0,283.0,
220,169593,Remi,Matthews,Matthews,,,,,,561.0,495.0,27f4f772,9834.0,196722.0,233.0,
221,170137,Allan,Saint-Maximin,Saint-Maximin,,,,500.0,338.0,307.0,368.0,2b16cb1a,101.0,272642.0,426.0,
222,171101,Clément,Lenglet,Lenglet,,,,,,,513.0,4f28a6ff,5050.0,182904.0,699.0,
223,171287,Joseph,Gomez,Gomez,195.0,218.0,242.0,184.0,260.0,238.0,286.0,7a11550b,987.0,256178.0,298.0,
224,171314,Rúben,Gato Alves Dias,Dias,,,,,556.0,262.0,312.0,31c69ef1,8961.0,258004.0,350.0,
225,172567,Josh,Cullen,Cullen,463.0,597.0,,,,,,f6d7d690,1018.0,242606.0,165.0,
226,172632,Demarai,Gray,Gray,181.0,203.0,225.0,175.0,230.0,484.0,189.0,4468ec10,762.0,292417.0,253.0,
227,172649,Dean,Henderson,Henderson,,,,471.0,305.0,280.0,398.0,e5a76dfe,7702.0,258919.0,385.0,
228,172780,James,Maddison,Maddison,,,233.0,171.0,231.0,212.0,261.0,ee38d9c5,6818.0,294057.0,504.0,
229,172782,Josh,Brownhill,Brownhill,,,,620.0,98.0,115.0,,47369df8,8323.0,293569.0,161.0,
230,172841,Saïd,Benrahma,Benrahma,,,,,587.0,419.0,464.0,5a04fd92,3585.0,290532.0,525.0,
231,172850,Ben,Chilwell,Chilwell,496.0,196.0,219.0,161.0,232.0,135.0,139.0,d2424d1b,782.0,316125.0,195.0,
232,173399,Mohamed,Dräger,Dräger,,,,,,,386.0,8954fddc,6476.0,192167.0,444.0,
233,173807,Tom,Davies,Davies,512.0,156.0,169.0,154.0,163.0,176.0,190.0,9228b07c,1042.0,314210.0,666.0,
234,173904,Davinson,Sánchez,Sánchez,,520.0,359.0,333.0,398.0,367.0,435.0,da7b447d,6249.0,341429.0,512.0,
235,173954,Jairo,Riedewald,Riedewald,,482.0,144.0,539.0,144.0,157.0,164.0,7a1f2c08,6027.0,241481.0,239.0,
236,174874,Joachim,Andersen,Andersen,,,,,571.0,488.0,165.0,e34fc66d,6314.0,260827.0,220.0,
237,174932,Sergi,Canós Tenés,Canós,,,,,,81.0,82.0,1137759d,1078.0,251845.0,95.0,
238,175941,Alfie,Whiteman,Whiteman,,566.0,538.0,543.0,,,,3f2587ee,6397.0,282823.0,521.0,
239,176297,Marcus,Rashford,Rashford,271.0,284.0,305.0,233.0,306.0,281.0,335.0,a1d5bd30,556.0,258923.0,396.0,
240,176413,Christian,Pulisic,Pulisic,,,,431.0,119.0,137.0,140.0,1bf33a9a,2662.0,315779.0,213.0,
241,177815,Dominic,Calvert-Lewin,Calvert-Lewin,595.0,159.0,175.0,147.0,164.0,177.0,191.0,59e6e5bf,5555.0,306024.0,246.0,
242,178186,Jarrod,Bowen,Bowen,516.0,,,626.0,445.0,420.0,465.0,79c84d1c,1776.0,314875.0,526.0,
243,178301,Ollie,Watkins,Watkins,,,,,514.0,40.0,40.0,aed3a70f,8865.0,324358.0,60.0,
244,179018,Miguel,Almirón Rejala,Almirón,,,587.0,266.0,339.0,308.0,369.0,862a1c15,7420.0,272999.0,402.0,
245,179268,Marc,Cucurella Saseta,Cucurella,,,,,,584.0,112.0,1daec722,7134.0,284857.0,198.0,
246,179519,Orel,Mangala,Mangala,,,,,,,536.0,a572e291,6088.0,289592.0,453.0,
247,180135,Sean,Longstaff,S.Longstaff,,,531.0,270.0,480.0,309.0,370.0,a2b105e0,7078.0,346707.0,421.0,
248,180151,Nikola,Vlasic,Vlasic,,539.0,173.0,,,582.0,466.0,aa8e289e,6276.0,293200.0,543.0,
249,180184,Donny,van de Beek,Van de Beek,,,,,495.0,282.0,336.0,50dc94ce,8821.0,288255.0,400.0,
250,180736,Trevoh,Chalobah,Chalobah,,632.0,,,,527.0,141.0,5515376c,6615.0,346314.0,194.0,
251,180974,Joelinton Cássio,Apolinário de Lira,Joelinton,,,,466.0,340.0,310.0,371.0,c17bfb65,87.0,333241.0,416.0,
252,181284,Gonçalo Manuel,Ganchinho Guedes,Guedes,,,,,,,579.0,e6bc67d7,5682.0,225122.0,554.0,
253,183656,Josh,Dasilva,Dasilva,,,,,,82.0,83.0,60344e4f,10405.0,340321.0,99.0,
254,184029,Martin,Ødegaard,Ødegaard,,,,,645.0,558.0,7.0,79300479,2517.0,316264.0,14.0,
255,184341,Mason,Mount,Mount,,,,463.0,120.0,138.0,142.0,9674002f,7768.0,346483.0,209.0,
256,184349,Ryan,Sessegnon,R.Sessegnon,,,184.0,524.0,399.0,368.0,436.0,6aa3e78b,6837.0,392775.0,514.0,
257,184667,Victor,Lindelöf,Lindelöf,,273.0,292.0,225.0,308.0,284.0,337.0,f5deef4c,6080.0,184573.0,386.0,
258,184704,Marvelous,Nakamba,Nakamba,,,,491.0,44.0,41.0,41.0,de5b5570,8040.0,324882.0,52.0,
259,184754,Hwang,Hee-chan,Hwang,,,,,,583.0,481.0,169fd162,8845.0,292246.0,557.0,
260,185253,Gustavo Henrique,Furtado Scarpa,Scarpa,,,,,,,681.0,2964fd20,11284.0,330085.0,462.0,
261,191866,Kristoffer,Ajer,Ajer,,,,,,483.0,84.0,a8c0acb7,9677.0,328658.0,90.0,
262,192290,Connor,Roberts,Roberts,654.0,598.0,,,,585.0,,24fae784,5568.0,214666.0,176.0,
263,192895,Kieran,Tierney,Tierney,,,,515.0,17.0,16.0,8.0,fce2302c,8089.0,300716.0,24.0,
264,194010,Rico,Henry,Henry,,,,,,83.0,85.0,8a3c1dc7,9679.0,339556.0,103.0,
265,194164,Mason,Holgate,Holgate,495.0,144.0,160.0,478.0,165.0,178.0,192.0,d0042ab9,985.0,348623.0,255.0,
266,194634,Diogo,Teixeira da Silva,Diogo Jota,,,432.0,410.0,468.0,240.0,288.0,178ae8f8,6854.0,340950.0,294.0,
267,194799,Jamal,Lewis,Lewis,,,,276.0,513.0,311.0,372.0,efb9215a,7691.0,346018.0,420.0,
268,195473,Rhian,Brewster,Brewster,666.0,,,464.0,262.0,,,30e81a88,5569.0,406560.0,477.0,
269,195546,Emiliano,Buendía Stati,Buendía,,,,283.0,,43.0,42.0,66b76d44,2203.0,321247.0,35.0,
270,195735,Nicolas,Pépé,Pépé,,,,488.0,18.0,17.0,9.0,57e3f0c7,5656.0,343052.0,16.0,
271,195851,Scott,McTominay,McTominay,667.0,283.0,303.0,248.0,309.0,285.0,338.0,d93c2511,5560.0,315969.0,392.0,
272,195899,Gianluca,Scamacca,Scamacca,,,,,,,529.0,8790f988,6253.0,315867.0,541.0,
273,197365,Eric,Bailly,Bailly,255.0,271.0,291.0,228.0,310.0,286.0,339.0,a1232f4e,1739.0,286384.0,375.0,
274,197464,Nathaniel,Phillips,Phillips,,,,589.0,589.0,241.0,501.0,515ebe8d,8228.0,371814.0,306.0,
275,198826,Ben,Godfrey,Godfrey,,,,273.0,566.0,179.0,193.0,9f7c837d,7689.0,343475.0,252.0,
276,198869,Benjamin,White,White,,,559.0,,74.0,67.0,10.0,35e413f1,7298.0,335721.0,29.0,
277,199170,Moussa,Niakhaté,Niakhaté,,,,,,,507.0,00242715,5989.0,291200.0,457.0,
278,199249,Sergio,Reguilón,Reguilón,,,,,542.0,370.0,438.0,3353737a,7187.0,282429.0,508.0,
279,199584,Japhet,Tanganga,Tanganga,,,,583.0,402.0,371.0,439.0,e9971f2d,8222.0,346478.0,518.0,
280,199598,Ethan,Ampadu,Ampadu,,558.0,130.0,121.0,509.0,139.0,151.0,10b9fa99,6369.0,392771.0,185.0,
281,199670,Odsonne,Edouard,Edouard,,,,,,586.0,166.0,0562b7f1,3697.0,344152.0,225.0,
282,199796,Matty,Cash,Cash,,,,,496.0,44.0,43.0,2389cdc2,8864.0,425334.0,36.0,
283,199798,Ezri,Konsa Ngoyo,Konsa,,,,452.0,46.0,45.0,44.0,0313a347,7726.0,413403.0,48.0,
284,200089,Joe,Willock,Willock,,634.0,566.0,490.0,20.0,19.0,373.0,a3b03921,6630.0,340329.0,432.0,
285,200402,Nélson,Cabral Semedo,Semedo,,,,,546.0,437.0,482.0,d04b94db,6163.0,231572.0,572.0,
286,200600,Daniel,Castelo Podence,Podence,,,,619.0,469.0,438.0,483.0,7fcc71d8,8291.0,256977.0,568.0,
287,200641,Reiss,Nelson,Nelson,,489.0,19.0,489.0,21.0,531.0,23.0,c5bdb6e3,6492.0,340325.0,578.0,
288,200720,Caoimhin,Kelleher,Kelleher,,,,531.0,560.0,242.0,289.0,62d7ef38,7904.0,340918.0,301.0,
289,200785,Tyler,Adams,Adams,,,,,,,506.0,2b09d998,7352.0,332705.0,673.0,
290,200826,Giovani,Lo Celso,Lo Celso,,,,523.0,403.0,372.0,,d7553721,5681.0,348795.0,503.0,
291,201057,Thilo,Kehrer,Kehrer,,,,,,,588.0,51dbeea9,2674.0,228948.0,537.0,
292,201658,Marcus,Tavernier,Tavernier,,,,,,,535.0,5c0da4a4,10741.0,399434.0,86.0,
293,201666,Harvey,Barnes,Barnes,,642.0,571.0,172.0,235.0,215.0,264.0,3ea50f67,6681.0,398065.0,603.0,
294,202993,Rodrigo,Bentancur,Bentancur,,,,,,702.0,440.0,3b8674e6,6108.0,354362.0,492.0,
295,204214,Pervis,Estupiñán,Estupiñán,,,,,,,586.0,d38fdf53,5136.0,349599.0,131.0,
296,204480,Declan,Rice,Rice,618.0,510.0,406.0,395.0,448.0,421.0,467.0,1c7012b8,5553.0,357662.0,540.0,
297,204580,Vitaly,Janelt,Janelt,,,,,,84.0,86.0,8449d35e,9680.0,270171.0,105.0,
298,204676,Andi,Zeqiri,Zeqiri,,,,,574.0,535.0,,d01231f0,9099.0,345468.0,155.0,
299,204716,Ibrahima,Konaté,Konaté,,,,,,243.0,290.0,5ed9b537,6326.0,357119.0,302.0,
300,204727,Malang,Sarr,Sarr,,,,,,501.0,143.0,4315f30d,5648.0,344596.0,214.0,
301,204822,Omar,Richards,Richards,,,,,,,511.0,f9b1b7bf,9675.0,424881.0,461.0,
302,204968,Ryan,Yates,Yates,,,,,,,387.0,c1fe2a48,11003.0,425902.0,470.0,
303,205533,Eddie,Nketiah,Nketiah,,560.0,552.0,13.0,22.0,20.0,11.0,a53649b7,6482.0,340324.0,13.0,
304,205651,Gabriel,Fernando de Jesus,Jesus,625.0,259.0,281.0,211.0,282.0,263.0,28.0,b66315ae,5543.0,363205.0,8.0,
305,205836,Saman,Ghoddos,Ghoddos,,,,,,85.0,87.0,f7b1d4e0,7069.0,204294.0,701.0,
306,206325,Oleksandr,Zinchenko,Zinchenko,238.0,551.0,279.0,206.0,283.0,264.0,313.0,51cf8561,2958.0,203853.0,31.0,
307,206915,Curtis,Jones,Jones,,640.0,597.0,569.0,263.0,244.0,291.0,4fb9c88f,6665.0,433188.0,300.0,
308,207189,Sander,Berge,Berge,,,,621.0,360.0,,,d0b6129f,8285.0,333014.0,475.0,
309,207283,Mathias,Jensen,Jensen,,,,,,86.0,88.0,0f134faf,7166.0,319859.0,106.0,
310,208706,Bruno,Guimarães Rodriguez Moura,Bruno Guimarães,,,,,,697.0,374.0,82518f62,8327.0,520624.0,406.0,
311,208912,Joe,Worrall,Worrall,,,,,,,388.0,a5212312,10756.0,415970.0,469.0,
312,209035,Jonathan,Panzo,Panzo,,,,,,,389.0,c795c408,7247.0,392777.0,460.0,
313,209036,Marc,Guéhi,Guéhi,,,624.0,545.0,,477.0,167.0,d0706b27,7603.0,392757.0,228.0,
314,209042,Oliver,Skipp,Skipp,,,540.0,352.0,404.0,373.0,441.0,6250083a,7198.0,406638.0,515.0,
315,209046,Callum,Hudson-Odoi,Hudson-Odoi,,583.0,131.0,116.0,122.0,140.0,144.0,15f3ec41,6456.0,392768.0,205.0,
316,209243,Jadon,Sancho,Sancho,,,,,,485.0,340.0,dbf053da,6345.0,401173.0,397.0,
317,209244,Phil,Foden,Foden,,492.0,277.0,220.0,284.0,265.0,314.0,ed1e53f3,6055.0,406635.0,353.0,
318,209288,Tom,McGill,McGill,,,,,662.0,688.0,756.0,4eb2d015,9319.0,406556.0,141.0,
319,209289,Emile,Smith Rowe,Smith Rowe,,,545.0,576.0,23.0,21.0,12.0,17695062,7230.0,392765.0,22.0,
320,210156,Taiwo,Awoniyi,Awoniyi,,,,,,,397.0,e5478b87,7814.0,295313.0,437.0,
321,210494,Nayef,Aguerd,Aguerd,,,,,,,472.0,288e1e13,6935.0,361914.0,522.0,
322,211975,Manuel,Akanji,Akanji,,,,,,,610.0,89ac64a6,6490.0,284730.0,341.0,
323,212314,Sasa,Lukic,Lukic,,,,,,,726.0,c6e8cf1f,1537.0,245056.0,276.0,
324,212319,Richarlison,de Andrade,Richarlison,,501.0,393.0,150.0,166.0,180.0,454.0,fa031b34,6026.0,378710.0,509.0,
325,213345,Wesley,Moraes,Wesley,,,,428.0,48.0,47.0,,bfae110f,7724.0,381362.0,61.0,
326,213687,Charlie,Goode,Goode,,,,,,87.0,96.0,7aee4dd3,9687.0,376856.0,102.0,
327,214048,Max,Kilman,Kilman,,,567.0,408.0,470.0,439.0,484.0,d0f72bf1,7332.0,525247.0,563.0,
328,214225,Joe,Rodon,Rodon,,561.0,,,584.0,374.0,442.0,8d62d31a,6377.0,297212.0,510.0,
329,214285,Konstantinos,Tsimikas,Tsimikas,,,,,242.0,245.0,292.0,f315ca93,8852.0,338070.0,311.0,
330,214572,Brandon,Austin,Austin,,,,558.0,,659.0,451.0,5e253986,8093.0,428016.0,491.0,
331,214590,Aaron,Wan-Bissaka,Wan-Bissaka,612.0,579.0,145.0,122.0,313.0,288.0,341.0,9e525177,5584.0,477758.0,401.0,
332,215059,Robert,Sánchez,Sánchez,,,,,597.0,69.0,113.0,6a713852,9098.0,403151.0,145.0,
333,215136,Neco,Williams,N.Williams,,,,575.0,264.0,246.0,295.0,dd323728,8204.0,503680.0,467.0,
334,215379,Elliot,Anderson,Anderson,,,,,602.0,609.0,552.0,de31038e,9154.0,567576.0,403.0,
335,215439,Tomas,Soucek,Soucek,,,,616.0,449.0,422.0,468.0,6613c819,8288.0,283628.0,542.0,
336,215711,Leon,Bailey,Bailey,,,,,,492.0,45.0,3a233281,5221.0,387626.0,34.0,
337,216051,Diogo,Dalot Teixeira,Dalot,,,294.0,229.0,314.0,510.0,342.0,d9565625,7281.0,357147.0,377.0,
338,216208,Matija,Šarkić,Šarkić,,,,,472.0,,492.0,a89e7b29,10754.0,293257.0,571.0,
339,216616,Dara,O'Shea,O'Shea,,,,,425.0,,,1d042188,8756.0,401320.0,173.0,
340,216646,Yoane,Wissa,Wissa,,,,,,524.0,89.0,2500cef9,5786.0,388165.0,119.0,
341,217331,Sam,Surridge,Surridge,679.0,,599.0,71.0,,,391.0,b017b770,5602.0,398402.0,464.0,
342,217593,Pablo,Fornals Malla,Fornals,,,,399.0,450.0,423.0,469.0,82927de4,2335.0,357885.0,534.0,
343,218997,Ellis,Simms,Simms,,,,667.0,596.0,602.0,686.0,26d3b5be,8582.0,511550.0,264.0,
344,219168,Alexander,Isak,Isak,,,,,,,594.0,8e92be30,5232.0,349066.0,415.0,
345,219847,Kai,Havertz,Havertz,,,,,500.0,141.0,145.0,fed7cb61,5220.0,309400.0,6.0,
346,219924,Issa,Diop,Diop,,,409.0,381.0,451.0,424.0,470.0,a712ca2b,3203.0,272622.0,271.0,
347,220037,Bailey,Peacock-Farrell,Peacock-Farrell,,,,495.0,99.0,117.0,,4879f8cb,8482.0,410436.0,175.0,
348,220237,Sven,Botman,Botman,,,,,,,377.0,ccce7025,8635.0,361093.0,405.0,
349,220307,Arnaut,Danjuma,Danjuma,,,,492.0,,,713.0,f08490a6,8066.0,355861.0,601.0,
350,220394,Tommy,Doyle,Doyle,,,,644.0,285.0,566.0,,5526deb1,8496.0,433183.0,351.0,
351,220566,Rodrigo,Hernandez,Rodri,,,,443.0,286.0,266.0,315.0,6434f10d,2496.0,357565.0,365.0,
352,220585,Flynn,Downes,Downes,,,,,,,509.0,69fdb896,10845.0,506189.0,531.0,
353,220598,Michael,Obafemi,Obafemi,,603.0,550.0,314.0,381.0,348.0,,caa1a7f0,6504.0,444208.0,174.0,
354,221239,Keinan,Davis,Davis,,,,34.0,50.0,49.0,52.0,9deaf2c8,1053.0,412660.0,39.0,
355,221399,Jack,Harrison,Harrison,,,,,203.0,267.0,233.0,aa849a12,8720.0,417346.0,661.0,
356,221403,Richie,Laryea,Laryea,,,,,,,392.0,276fdbe4,,417348.0,452.0,
357,221466,Marcos,Senesi,Senesi,,,,,,,576.0,35141f4c,10864.0,469781.0,83.0,
358,221632,Cristian,Romero,Romero,,,,,,494.0,443.0,a3d94a58,7218.0,355915.0,511.0,
359,221820,Lisandro,Martínez,Martínez,,,,,,,533.0,bac46a10,10802.0,480762.0,391.0,
360,222017,Conor,Coventry,Coventry,,,548.0,664.0,668.0,522.0,556.0,a5ca9127,7239.0,419025.0,529.0,
361,222018,Ben,Johnson,Johnson,,573.0,605.0,384.0,452.0,425.0,471.0,9319781b,6424.0,468002.0,536.0,
362,222531,Morgan,Gibbs-White,Gibbs-White,,,448.0,416.0,473.0,440.0,493.0,32f60ed8,6857.0,429014.0,447.0,
363,222627,João,Virgínia,Virgínia,,,,629.0,167.0,181.0,,728e9b2e,8366.0,329813.0,266.0,
364,222677,Tahith,Chong,Chong,,,603.0,249.0,316.0,,,2696b6a9,7439.0,344830.0,586.0,
365,222690,Tyrell,Malacia,Malacia,,,,,,,504.0,6b6c793c,10803.0,339340.0,389.0,
366,223094,Erling,Haaland,Haaland,,,,,,,318.0,1f44ac21,8260.0,418560.0,355.0,
367,223340,Bukayo,Saka,Saka,,,563.0,541.0,24.0,22.0,13.0,bc7dc64d,7322.0,433177.0,19.0,
368,223723,Takehiro,Tomiyasu,Tomiyasu,,,,,,590.0,14.0,b3af9be1,7931.0,331560.0,25.0,
369,223911,Chris,Mepham,Mepham,,,580.0,61.0,,,71.0,fed96827,7384.0,480987.0,75.0,
370,224024,Lucas,Tolentino Coelho de Lima,Paquetá,,,,,,,603.0,9b6f7fd5,7365.0,444523.0,539.0,
371,224068,Matt,Turner,Turner,,,,,,,24.0,4a51ba65,10700.0,425306.0,28.0,
372,224967,Vitalii,Mykolenko,Mykolenko,,,,,,675.0,194.0,30d4a2e5,10291.0,404842.0,260.0,
373,224995,Luis,Sinisterra Lucumí,Sinisterra,,,,,,,508.0,8e16dd48,10866.0,512385.0,705.0,
374,225321,Aaron,Ramsdale,Ramsdale,677.0,549.0,,494.0,483.0,559.0,15.0,466fb2c5,5603.0,427568.0,17.0,
375,225796,Reece,James,James,,,,506.0,123.0,142.0,146.0,1265a93a,8067.0,472423.0,206.0,
376,226182,Jayden,Bogle,Bogle,,,,,510.0,,,ae5019e6,9205.0,465717.0,476.0,
377,226597,Gabriel,dos Santos Magalhães,Gabriel,,,,,494.0,23.0,16.0,67ac5bb8,5613.0,435338.0,5.0,
378,226944,Boubacar,Kamara,Kamara,,,,,,,53.0,cc77354e,5789.0,394327.0,47.0,
379,226956,Mads,Roerslev Rasmussen,Roerslev,,,,,,89.0,90.0,57c94db2,9685.0,391005.0,114.0,
380,227127,Yves,Bissouma,Bissouma,,,466.0,53.0,76.0,70.0,444.0,6c203af0,5609.0,410425.0,493.0,
381,228044,Mads,Bech Sørensen,Bech,,,,,,90.0,91.0,30db8574,9683.0,372240.0,93.0,
382,229600,Mark,Travers,Travers,,,616.0,74.0,,,72.0,fe558029,7582.0,357658.0,88.0,
383,230046,Douglas Luiz,Soares de Paulo,Douglas Luiz,,,,470.0,52.0,50.0,46.0,6f7d826d,6122.0,447661.0,43.0,
384,230251,Emmanuel,Dennis,Dennis,,,,,,450.0,585.0,2c44a35d,9301.0,448854.0,443.0,
385,231065,Ethan,Pinnock,Pinnock,,,,,,91.0,92.0,e541326e,9678.0,442248.0,112.0,
386,231372,Tanguy,Ndombele,Ndombele,,,,442.0,405.0,375.0,,5cdddffa,5962.0,450936.0,505.0,
387,231747,Jean-Philippe,Mateta,Mateta,,,,,641.0,159.0,168.0,50e6dc35,5735.0,420002.0,232.0,
388,232223,Folarin,Balogun,Balogun,,,,,,530.0,,31822f8c,9690.0,503770.0,1.0,
389,232351,Ryan,Giles,Giles,,,555.0,607.0,,687.0,,73b1d65b,7277.0,504581.0,553.0,
390,232413,Eberechi,Eze,Eze,,,,,489.0,160.0,169.0,ae4fc6a4,8706.0,479999.0,226.0,
391,232653,Jacob,Ramsey,Ramsey,,,,,554.0,51.0,47.0,1544f145,8941.0,503749.0,55.0,
392,232787,Conor,Gallagher,Gallagher,,,,,544.0,144.0,148.0,c2731c10,9040.0,488362.0,202.0,
393,232792,Tariq,Lamptey,Lamptey,,,,586.0,77.0,71.0,114.0,f4e433d4,8226.0,504148.0,139.0,
394,232826,Anthony,Gordon,Gordon,,,,561.0,168.0,503.0,195.0,2bd83368,8150.0,503733.0,412.0,
395,232859,Djed,Spence,Spence,,,,,,,522.0,9bc9a519,10764.0,483348.0,517.0,
396,232917,Arijanet,Muric,Muric,,,529.0,,,,,99aa1a84,7027.0,371021.0,172.0,
397,232928,James,Garner,Garner,,,602.0,250.0,317.0,,570.0,4e015693,7438.0,505219.0,250.0,
398,232937,Brandon,Williams,B.Williams,,,,549.0,318.0,290.0,343.0,5e74d6c8,8075.0,507700.0,374.0,
399,232977,Kelland,Watts,Watts,,,622.0,599.0,342.0,,,603e4f0b,7602.0,484389.0,431.0,
400,232980,Max,Aarons,Aarons,,,,274.0,,326.0,,774cf58b,7688.0,471690.0,643.0,
401,233425,Aaron,Connolly,Connolly,,,,534.0,78.0,72.0,,27c01749,7991.0,434207.0,127.0,
402,233963,Konstantinos,Mavropanos,Mavropanos,,595.0,10.0,8.0,,24.0,,00963611,6722.0,415912.0,676.0,
403,235382,Steven,Alzate,Alzate,,,,537.0,79.0,73.0,115.0,ad1f61f3,8020.0,476237.0,123.0,
404,235448,Ellery,Balcombe,Balcombe,,,,,,92.0,100.0,e827567f,,456292.0,91.0,
405,235530,Lloyd,Kelly,Kelly,,,,64.0,,,73.0,f31def1e,8090.0,480116.0,70.0,
406,235674,Manor,Solomon,Solomon,,,,,,,562.0,886f9aac,10716.0,396638.0,583.0,
407,240299,Joseph,Hodge,Hodge,,,,,,,566.0,bd8a5d95,10755.0,503975.0,555.0,
408,240514,Kjell,Scherpen,Scherpen,,,,,,476.0,542.0,f0e4c69e,9960.0,463527.0,147.0,
409,241157,Emerson,Leite de Souza Junior,Emerson Royal,,,,,,588.0,445.0,df8b52a5,7430.0,476344.0,497.0,
410,242880,Benoît,Badiashile,Badiashile,,,,,,,689.0,06df8256,7240.0,463603.0,191.0,
411,242885,Loïc,Mbe Soh,Mbe Soh,,,,,,,393.0,8f534f8e,7577.0,463610.0,454.0,
412,242898,Brennan,Johnson,Johnson,,,,,,,394.0,0cd31129,10760.0,470607.0,450.0,
413,243016,Alexis,Mac Allister,Mac Allister,,,,627.0,80.0,74.0,116.0,83d074ff,8379.0,534033.0,304.0,
414,243298,Cody,Gakpo,Gakpo,,,,,,,680.0,1971591f,11296.0,434675.0,297.0,
415,243345,Lewis,O'Brien,O'Brien,,,,,,,524.0,089667a5,10759.0,560694.0,458.0,
416,243505,Jakub,Moder,Moder,,,,,628.0,75.0,117.0,f230bc30,9284.0,384461.0,144.0,
417,243532,Dion,Pereira,Pereira,659.0,,,,,,,8aab04dc,5559.0,499604.0,332.0,
418,243568,Billy,Gilmour,Gilmour,,,,533.0,124.0,145.0,149.0,df10e27c,7988.0,423744.0,133.0,
419,243571,Nathan,Patterson,Patterson,,,,,,674.0,197.0,230f0471,10292.0,424015.0,262.0,
420,244042,Rodrigo,Muniz Carvalho,Muniz,,,,,,,218.0,a755db8c,10717.0,735571.0,279.0,
421,244085,Siriki,Dembélé,Dembélé,,,,,,,74.0,11f54bd5,10749.0,488656.0,67.0,
422,244619,Luke,Thomas,Thomas,,,,660.0,240.0,219.0,270.0,fc027d02,8562.0,505194.0,693.0,
423,244723,Tyrick,Mitchell,Mitchell,,,,579.0,146.0,162.0,170.0,5cbd1eb0,8214.0,730893.0,234.0,
424,244731,Luis,Díaz,Luis Díaz,,,,,,696.0,293.0,4a1a9578,10408.0,480692.0,303.0,
425,244851,Cole,Palmer,Palmer,,,,643.0,552.0,507.0,316.0,dc7f8a28,8497.0,568177.0,362.0,
426,244856,Teden,Mengi,Mengi,,,,,319.0,,,91748070,,548470.0,393.0,
427,244930,Alex,Mighten,Mighten,,,,,,,395.0,10ec4169,10761.0,503988.0,456.0,
428,245824,Carlos Vinícius,Alves Morais,Vinícius,,,,,564.0,,618.0,8b529245,7395.0,525287.0,287.0,
429,245923,Luke,Cundle,Cundle,,,,567.0,614.0,547.0,485.0,cc3b8e78,8179.0,532541.0,550.0,
430,247632,Pedro,Lomba Neto,Neto,,,,528.0,474.0,441.0,486.0,7ba2eaa9,6382.0,487465.0,567.0,
431,248164,Viljami,Sinisalo,Sinisalo,,,,,,596.0,707.0,a48635b8,9967.0,484838.0,57.0,
432,248857,Noni,Madueke,Madueke,,,,,,,708.0,bf34eebd,11357.0,503987.0,208.0,
433,249231,Keane,Lewis-Potter,Lewis-Potter,,,,,,,515.0,41f08ac8,10809.0,644401.0,107.0,
434,424044,Hamed,Traorè,H.Traorè,,,,,,,723.0,570bb4b9,6986.0,391065.0,87.0,
435,427623,Chris,Richards,Richards,,,,,,,530.0,0a3d6d2b,8430.0,578539.0,238.0,
436,428580,Frank,Onyeka,Onyeka,,,,,,479.0,93.0,2944f86f,9681.0,421637.0,111.0,
437,428610,Bruno André,Cavaco Jordão,Jordão,,,,609.0,475.0,661.0,,41ff002d,6336.0,415646.0,561.0,
438,429414,Sasa,Kalajdzic,Kalajdžić,,,,,,,608.0,15f24fe7,8812.0,369567.0,562.0,
439,430871,Matheus,Santos Carneiro Da Cunha,Cunha,,,,,,,682.0,dc62b55d,7080.0,517894.0,590.0,
440,432160,Shandon,Baptiste,Baptiste,,,,,,499.0,94.0,2886c9b5,9914.0,533916.0,92.0,
441,432711,Conrad,Egan-Riley,Egan-Riley,,,,,,651.0,,d313e8ff,10174.0,581669.0,166.0,
442,432714,James,McAtee,McAtee,,,,,,629.0,317.0,96593e89,10126.0,583199.0,360.0,
443,432720,James,Trafford,Trafford,,,,,595.0,,,259fea27,9077.0,566799.0,596.0,
444,432830,Nathan,Collins,Collins,,,,,,451.0,516.0,a8c19eb8,9733.0,469050.0,96.0,
445,432931,Tyrese,Francois,Francois,,,,,708.0,,521.0,6722d4f0,9552.0,528888.0,272.0,
446,433154,Dwight,McNeil,McNeil,,646.0,534.0,97.0,100.0,118.0,534.0,fc15fb84,6756.0,584769.0,259.0,
447,433979,Cameron,Archer,Archer,,,,,,568.0,54.0,05e8ca6d,9912.0,533662.0,33.0,
448,434662,Halil,Dervişoğlu,Dervişoğlu,,,,,,95.0,541.0,9d8cf204,9686.0,465606.0,100.0,
449,436234,Bryan,Gil Salvatierra,Bryan,,,,,,487.0,554.0,7b5ab7f2,7338.0,537382.0,494.0,
450,437468,Sergio,Gómez,Sergio Gómez,,,,,,,587.0,01e5f06e,6656.0,366930.0,366.0,
451,437476,Braian,Ojeda Rodríguez,Ojeda,,,,,,,396.0,60953af0,,491596.0,459.0,
452,437626,Nuno,Varela Tavares,Tavares,,,,,,466.0,17.0,a65c844b,9691.0,535955.0,23.0,
453,437730,Antoine,Semenyo,Semenyo,,,,,,,714.0,efd2ec23,11363.0,583255.0,82.0,
454,437742,Albert,Sambi Lokonga,Sambi,,,,,,478.0,18.0,1b4f1169,9689.0,381967.0,21.0,
455,437753,Giulian,Biancone,Biancone,,,,,,,399.0,de40e38c,7282.0,536507.0,438.0,
456,438098,Fábio,Ferreira Vieira,Fábio Vieira,,,,,,,25.0,6412cc03,11007.0,537598.0,4.0,
457,438464,Cheick,Doucouré,C.Doucouré,,,,,,,514.0,ce4f40c7,8666.0,543387.0,223.0,
458,440089,Mikkel,Damsgaard,Damsgaard,,,,,,,580.0,215f3907,8859.0,540941.0,98.0,
459,440323,Armando,Broja,Broja,,,,631.0,,518.0,150.0,97220da2,8384.0,571743.0,193.0,
460,440854,Jakub,Kiwior,Kiwior,,,,,,,710.0,dc3e663e,10012.0,425918.0,10.0,
461,440993,Iliman,Ndiaye,Ndiaye,,,,,656.0,,,5ed97752,9307.0,623570.0,486.0,
462,441024,Harrison,Ashby,Ashby,,,,,,617.0,555.0,b391383a,10061.0,559130.0,404.0,
463,441164,Pedro,Porro,Pedro Porro,,,,,,,733.0,27d0a506,6912.0,553875.0,506.0,
464,441191,Tino,Livramento,Livramento,,,,,698.0,491.0,419.0,afed6722,9512.0,503981.0,633.0,
465,441192,Jeremy,Sarmiento Morante,Sarmiento,,,,,,612.0,119.0,ac0d576d,10036.0,568005.0,146.0,
466,441271,Ki-Jana,Hoever,Hoever,,,,628.0,545.0,443.0,,9a71e978,8351.0,485583.0,556.0,
467,441428,Jarell,Quansah,Quansah,,,,,,660.0,,4125cb98,10187.0,632349.0,626.0,
468,442229,Michal,Karbownik,Karbownik,,,,,663.0,536.0,,1b280c66,9320.0,401604.0,136.0,
469,443661,Michael,Olise,Olise,,,,,,464.0,171.0,c4486bac,9948.0,566723.0,236.0,
470,444145,Gabriel,Martinelli Silva,Martinelli,,,,504.0,26.0,26.0,19.0,48a5a5d6,7752.0,655488.0,12.0,
471,444180,Jaidon,Anthony,Anthony,,,,,,,75.0,e4238fb1,10746.0,684210.0,62.0,
472,444183,Gavin,Kilkenny,Kilkenny,,,,565.0,,,,3eeda7dd,8172.0,469064.0,71.0,
473,444463,Wesley,Fofana,W.Fofana,,,,,561.0,220.0,272.0,132a82f1,7589.0,475411.0,201.0,
474,444765,Sepp,van den Berg,Van den Berg,,,,,,,500.0,7bf9400b,10721.0,541231.0,312.0,
475,444884,Harvey,Elliott,Elliott,,,610.0,550.0,265.0,506.0,294.0,c8387671,7546.0,565822.0,295.0,
476,445044,Dejan,Kulusevski,Kulusevski,,,,,,701.0,446.0,df3cda47,6691.0,431755.0,501.0,
477,446008,Bryan,Mbeumo,Mbeumo,,,,,,96.0,95.0,6afaebf2,6552.0,413039.0,108.0,
478,447203,Darwin,Núñez Ribeiro,Darwin,,,,,,,297.0,4d77b365,10720.0,546543.0,293.0,
479,447715,Aaron,Ramsey,Ramsey,,,,,,496.0,,e1618c22,9913.0,646658.0,675.0,
480,447879,Joseph,Anang,Anang,,,,582.0,,,739.0,21a866b7,8223.0,576099.0,647.0,
481,448047,Enzo,Fernández,Enzo,,,,,,,724.0,5ff4ab71,11356.0,648195.0,199.0,
482,448089,João Victor,Gomes da Silva,João Gomes,,,,,,,721.0,8b57ad2c,11384.0,735570.0,559.0,
483,448514,Rayan,Aït-Nouri,Aït-Nouri,,,,,563.0,470.0,487.0,9b398aea,6674.0,578391.0,545.0,
484,449434,Anthony,Elanga,Elanga,,,,,702.0,512.0,344.0,2fba6108,9524.0,583189.0,378.0,
485,449871,Amadou,Onana,Onana,,,,,,,577.0,828657ff,9667.0,485706.0,261.0,
486,449988,Fabio,Silva,Fabio Silva,,,,,504.0,445.0,488.0,e7aa9d7c,8778.0,505653.0,552.0,
487,450197,George,Shelvey,G.Shelvey,,,,,,,749.0,5ab61aea,11462.0,565684.0,636.0,
488,450434,Deniz,Undav,Undav,,,,,,,123.0,dd549382,10804.0,339314.0,149.0,
489,450535,Malcolm,Ebiowei,Ebiowei,,,,,,,173.0,fa9fa773,10698.0,512354.0,224.0,
490,450541,Luke,Plange,Plange,,,,,,,496.0,2140e999,10699.0,586986.0,237.0,
491,450542,Jesurun,Rak-Sakyi,Rak-Sakyi,,,,,688.0,541.0,172.0,45685411,9461.0,586834.0,657.0,
492,451340,Kaoru,Mitoma,Mitoma,,,,,,,124.0,74618572,10806.0,504849.0,143.0,
493,460028,Levi,Colwill,Colwill,,,,,,,559.0,700783e7,10805.0,614258.0,197.0,
494,461102,Bobby,Thomas,Thomas,,,,639.0,520.0,534.0,,6a471ee8,8483.0,788283.0,179.0,
495,461188,Bashir,Humphreys,Humphreys,,,,,,,673.0,d2b32e91,11243.0,612517.0,671.0,
496,461358,Julián,Álvarez,Álvarez,,,,,,,319.0,15ab5a2b,10846.0,576024.0,343.0,
497,461382,John-Kymani,Gordon,Gordon,,,,668.0,,,634.0,d7e24aa1,8583.0,659331.0,658.0,
498,461416,Thomas,Cannon,Cannon,,,,,,,662.0,4506aec5,11232.0,669366.0,649.0,
499,461421,Lewis,Dobbin,Dobbin,,,,,,607.0,,e814e1cf,10027.0,627248.0,624.0,
500,461446,Tyler,Onyango,Onyango,,,,,644.0,630.0,,d86a1f3e,9287.0,663225.0,650.0,
501,461567,Owen,Dodgson,Dodgson,,,,,,565.0,,2e590065,9827.0,686839.0,622.0,
502,462381,Filip,Marschall,Marschall,,,,,,650.0,670.0,a79abd8b,10173.0,610863.0,670.0,
503,462424,William,Saliba,Saliba,,,,,27.0,27.0,26.0,972aeb2a,6888.0,495666.0,20.0,
504,462491,Luke,Chambers,Chambers,,,,,,,563.0,7d6af698,10722.0,670861.0,726.0,
505,463748,Karl,Hein,Hein,,,,,,532.0,655.0,aa81d8f8,9692.0,493513.0,646.0,
506,463981,James,Hill,Hill,,,,,,,539.0,69942fb3,10747.0,611793.0,69.0,
507,465351,Matheus Luiz,Nunes,Matheus,,,,,,,589.0,e6af02e0,11000.0,601883.0,566.0,
508,465527,Hannibal,Mejbri,Mejbri,,,,,712.0,706.0,,ca22ccb0,9558.0,607224.0,383.0,
509,465920,Mykhailo,Mudryk,Mudryk,,,,,,,699.0,049a888d,11305.0,537860.0,210.0,
510,466117,Naouirou,Ahamada,Ahamada,,,,,,,725.0,a6c58494,9274.0,538971.0,219.0,
511,466404,Andrew,Omobamidele,Omobamidele,,,,,,331.0,,c393a6c4,9833.0,621993.0,711.0,
512,467169,Antony Matheus,dos Santos,Antony,,,,,,,609.0,99127249,11094.0,602105.0,372.0,
513,469142,Jan Paul,van Hecke,Van Hecke,,,,,,,544.0,4fd08daa,10807.0,576314.0,150.0,
514,471848,Femi,Seriki,Seriki,,,,,705.0,,,e4e0deaa,9540.0,638649.0,653.0,
515,472464,Shola,Shoretire,Shoretire,,,,,673.0,727.0,660.0,00f0482f,9359.0,640026.0,399.0,
516,472713,Aaron,Hickey,Hickey,,,,,,,510.0,1780bb4a,8942.0,591949.0,104.0,
517,474120,Julio,Enciso,Enciso,,,,,,,125.0,9cfbad36,11058.0,660867.0,130.0,
518,474772,Ben,Greenwood,Greenwood,,,,,,,737.0,7eda24fe,11364.0,646333.0,619.0,
519,475168,João Pedro,Junqueira de Jesus,João Pedro,,,,592.0,,404.0,,e8832875,8272.0,626724.0,135.0,
520,476344,Jhon,Durán,Durán,,,,,,,711.0,414184f7,11366.0,649317.0,44.0,
521,476502,Boubacar,Traoré,Traoré,,,,,,,629.0,999ceb5f,8119.0,649020.0,574.0,
522,477064,Rico,Lewis,Lewis,,,,,,,573.0,b57e066e,10847.0,701057.0,358.0,
523,477580,Illia,Zabarnyi,Zabarnyi,,,,,,,722.0,88968486,11486.0,659089.0,89.0,
524,478912,Carney,Chukwuemeka,Chukwuemeka,,,,,672.0,526.0,48.0,b2f9c73e,9356.0,659459.0,196.0,
525,479683,Marcus,Oliveira Alencar,Marquinhos,,,,,,,27.0,59878425,11035.0,668268.0,11.0,
526,480455,Jarrad,Branthwaite,Branthwaite,,,,637.0,170.0,544.0,196.0,c1949191,8476.0,661053.0,245.0,
527,481405,Mads,Bidstrup,Bidstrup,,,,,,97.0,99.0,407db0d5,9682.0,462832.0,94.0,
528,481624,Jaden,Philogene-Bidace,Philogene-Bidace,,,,,683.0,497.0,55.0,19f4d211,9415.0,665390.0,54.0,
529,482442,Pape Matar,Sarr,Sarr,,,,,,,450.0,feb5d972,9021.0,568693.0,513.0,
530,482769,Máximo,Perrone,Perrone,,,,,,,712.0,53552942,11378.0,668547.0,363.0,
531,484658,Kacper,Kozłowski,Kozłowski,,,,,,,126.0,3ece036c,,554284.0,137.0,
532,486672,Moisés,Caicedo Corozo,Caicedo,,,,,664.0,538.0,120.0,16264a81,9453.0,687626.0,126.0,
533,487117,Evan,Ferguson,Ferguson,,,,,,655.0,596.0,4596da74,10177.0,648046.0,132.0,
534,487818,Joseph,Whitworth,Whitworth,,,,,,,590.0,3f847d95,11005.0,670840.0,243.0,
535,487836,Antwoine,Hackford,Hackford,,,,,618.0,,,a7588cdc,9222.0,670859.0,656.0,
536,487837,Divin,Mubama,Mubama,,,,,,,669.0,92868cb5,11242.0,670848.0,538.0,
537,487838,Lewis,Hall,Hall,,,,,,671.0,661.0,da011f18,10216.0,670858.0,204.0,
538,488404,Facundo,Pellistri Rebollo,Pellistri,,,,,575.0,,347.0,ac7e7b1c,9324.0,676318.0,394.0,
539,490094,Tim,Iroegbunam,Iroegbunam,,,,,709.0,638.0,49.0,84c5ceea,9554.0,696589.0,46.0,
540,490145,Dane,Scarlett,Scarlett,,,,,666.0,520.0,447.0,21945a9e,9332.0,670883.0,640.0,
541,490146,Jay,Stansfield,Stansfield,,,,,,,219.0,b2626673,10718.0,696346.0,651.0,
542,490721,Hugo,Bueno López,Bueno,,,,,649.0,635.0,558.0,bfc3b3a0,10140.0,698678.0,548.0,
543,491970,Bobby,Clark,Clark,,,,,,,584.0,73341ace,10997.0,712117.0,627.0,
544,493105,Alejandro,Garnacho,Garnacho,,,,,,723.0,569.0,7aa8adfe,10552.0,811779.0,382.0,
545,493250,Amad,Diallo,Amad,,,,,640.0,636.0,550.0,9dc96f10,8127.0,536835.0,371.0,
546,496208,Ben,Doak,Doak,,,,,,,665.0,733f1a7d,11231.0,719673.0,628.0,
547,501284,Michael,Olakigbe,Olakigbe,,,,,,,752.0,cdd70dc0,11487.0,734425.0,620.0,
548,503300,Matthew,Cox,Cox,,,,,,619.0,633.0,fea06849,10093.0,741236.0,97.0,
549,509416,Yasin,Ayari,Ayari,,,,,,,719.0,f173303a,11385.0,667287.0,124.0,
550,510362,Toti António,Gomes,Toti,,,,,,685.0,489.0,f0caab96,10293.0,606718.0,573.0,
551,510363,Francisco Jorge,Tomás Oliveira,Chiquinho,,,,,,689.0,490.0,dc6c2f02,10327.0,695454.0,549.0,
552,513046,Danilo,dos Santos de Oliveira,Danilo,,,,,,,703.0,a816dbfb,11317.0,808509.0,442.0,
553,513418,Kevin,Schade,Schade,,,,,,,688.0,52afb588,9156.0,473050.0,115.0,
554,514356,Roméo,Lavia,Lavia,,,,,,605.0,321.0,ecad9aa5,10004.0,628451.0,667.0,
555,515023,Matthew,Dibley-Dias,Dibley-Dias,,,,,,,763.0,979cb300,11553.0,817611.0,652.0,
556,515024,Luke,Harris,Harris,,,,,,,546.0,42dd1b56,10719.0,817612.0,683.0,
557,515501,Álvaro,Fernández,Álvaro Fernández,,,,,,728.0,,f127d782,5191.0,453704.0,380.0,
558,516159,Oliwier,Zych,Zych,,,,,,,745.0,be18d79f,11394.0,555074.0,686.0,
559,516895,Kobbie,Mainoo,Mainoo,,,,,,,643.0,c6220452,11174.0,820374.0,388.0,
560,520295,David Datro,Fofana,D.D.Fofana,,,,,,,684.0,e82900ef,11295.0,787232.0,200.0,
561,523700,Daniel,Jebbison,Jebbison,,,,,699.0,,,03edb878,9509.0,746740.0,483.0,
562,530873,Dara,Costelloe,Costelloe,,,,,,726.0,,6281b7ed,10568.0,614700.0,164.0,
563,531363,Nathan,Fraser,Fraser,,,,,,,657.0,00b77ecf,11210.0,863741.0,704.0,
564,531989,David,Ozoh,Ozoh,,,,,,,676.0,d00d45ab,11268.0,865993.0,721.0,
565,532529,Jack,Hinshelwood,Hinshelwood,,,,,,,677.0,e98211e7,11269.0,867688.0,621.0,
566,532605,Andrey,Nascimento dos Santos,Andrey Santos,,,,,,,702.0,dd745366,,743600.0,186.0,
567,533463,Dango,Ouattara,Ouattara,,,,,,,705.0,2f9e4435,9662.0,823231.0,78.0,
568,535928,Stefan,Bajcetic,Bajcetic,,,,,,,564.0,32e8417f,10723.0,864799.0,292.0,
569,536916,Facundo,Buonanotte,Buonanotte,,,,,,,679.0,468a7a91,11362.0,983989.0,125.0,
570,538207,William,Osula,Osula,,,,,711.0,,,7b355808,9556.0,609556.0,490.0,
571,547719,Lewis,Miley,Miley,,,,,,,741.0,2c6835e5,11386.0,922769.0,635.0,
572,564510,Garang,Kuol,Kuol,,,,,,,683.0,a8a80be7,,967948.0,418.0,
573,591357,Ryan,Trevitt,Trevitt,,,,,,,632.0,732327ae,11146.0,874538.0,118.0,
574,535818,Simon,Adingra,Adingra,,,,,,,,,11710.0,,122.0,
575,536694,Matheus,França de Oliveira,Matheus França,,,,,,,,,12152.0,,615.0,
576,441302,Ian,Maatsen,Maatsen,,,,,,,,,11807.0,,609.0,
577,503714,Lesley,Ugochukwu,Ugochukwu,,,,,,,,,9451.0,,613.0,
578,220362,Axel,Disasi,Disasi,,,,,,,,,6885.0,,611.0,
579,497894,Rasmus,Højlund,Højlund,,,,,,,,,11055.0,,617.0,
580,489639,Bart,Verbruggen,Verbruggen,,,,,,,,,11711.0,,152.0,
581,108796,Tom,Lockyer,Lockyer,,,,,,,,,11714.0,,575.0,
582,492831,Zeki,Amdouni,Amdouni,,,,,,,,,11701.0,,594.0,
583,222683,Justin,Kluivert,Kluivert,,,,,,,,,6963.0,,72.0,
584,118342,Mark,Flekken,Flekken,,,,,,,,,7047.0,,101.0,
585,168090,Mahmoud,Dahoud,Dahoud,,,,,,,,,205.0,,128.0,
586,578614,Enock,Agyei,Agyei,,,,,,,,,5563.0,,156.0,
587,189776,Samuel,Bastien,Bastien,,,,,,,,,1343.0,,158.0,
588,183751,Manuel Benson,Hedilazio,Benson,,,,,,,,,7383.0,,159.0,
589,250735,Darko,Churlinov,Churlinov,,,,,,,,,7790.0,,162.0,
590,435973,Lyle,Foster,Foster,,,,,,,,,7498.0,,168.0,
591,482609,Malo,Gusto,Gusto,,,,,,,,,9017.0,,203.0,
592,517052,Nicolas,Jackson,N.Jackson,,,,,,,,,10048.0,,211.0,
593,213198,Christopher,Nkunku,Nkunku,,,,,,,,,3300.0,,212.0,
594,424876,Dominik,Szoboszlai,Szoboszlai,,,,,,,,,9788.0,,309.0,
595,432422,Sandro,Tonali,Tonali,,,,,,,,,7958.0,,429.0,
596,201440,Hwang,Ui-jo,Ui-jo,,,,,,,,,7746.0,,466.0,
597,233821,Anel,Ahmedhodžić,Ahmedhodžić,,,,,,,,,10386.0,,471.0,
598,487053,Destiny,Udogie,Udogie,,,,,,,,,8831.0,,519.0,
599,184254,Guglielmo,Vicario,Vicario,,,,,,,,,8858.0,,520.0,
600,244954,Pau,Torres,Pau,,,,,,,,,6221.0,,584.0,
601,202641,André,Onana,Onana,,,,,,,,,10913.0,,597.0,
602,243557,Moussa,Diaby,Diaby,,,,,,,,,6556.0,,599.0,
603,487702,Luca,Koleosho,Koleosho,,,,,,,,,10620.0,,605.0,
604,223434,Igor Julio,dos Santos de Paulo,Igor,,,,,,,,,7943.0,,606.0,
605,174310,Elijah,Adebayo,Adebayo,,,,,,,,,11718.0,,314.0,
606,208904,Mads Juel,Andersen,Andersen,,,,,,,,,11715.0,,315.0,
607,165183,Amari'i,Bell,Bell,,,,,,,,,11713.0,,316.0,
608,82738,Luke,Berry,Berry,,,,,,,,,11722.0,,317.0,
609,244262,Alfie,Doughty,Doughty,,,,,,,,,11723.0,,321.0,
610,156700,Carlton,Morris,Morris,,,,,,,,,11717.0,,326.0,
611,229164,Chiedozie,Ogbene,Ogbene,,,,,,,,,11719.0,,328.0,
612,91046,Cauley,Woodrow,Woodrow,,,,,,,,,11721.0,,340.0,
613,54738,Thomas,Kaminski,Kaminski,,,,,,,,,11712.0,,614.0,
614,476369,Issa,Kabore,Kabore,,,,,,,,,9619.0,,602.0,
615,535301,Carlos,Baleba,Baleba,,,,,,,,,10527.0,,690.0,5.0
616,465607,Anssumane,Fati Vieira,Ansu Fati,,,,,,,,,7967.0,,700.0,6.0
617,247245,Hannes,Delcroix,Delcroix,,,,,,,,,11998.0,,674.0,7.0
618,437757,Han-Noah,Massengo,Massengo,,,,,,,,,7264.0,,694.0,9.0
619,437748,Mike,Trésor,M.Trésor,,,,,,,,,12094.0,,706.0,10.0
620,617054,Deivid Washington,de Souza Eugênio,Deivid,,,,,,,,,4072.0,,677.0,11.0
621,491011,Diego Manuel Jadon,da Silva Moreira,Diego Moreira,,,,,,,,,11978.0,,681.0,13.0
622,486385,Norberto Bercique,Gomes Betuncal,Beto,,,,,,,,,9983.0,,691.0,18.0
623,441266,Ryan,Gravenberch,Gravenberch,,,,,,,,,10697.0,,708.0,24.0
624,248875,Jérémy,Doku,Doku,,,,,,,,,8981.0,,678.0,26.0
625,172912,Sofyan,Amrabat,Amrabat,,,,,,,,,7927.0,,709.0,30.0
626,218430,Gonzalo,Montiel,G.Montiel,,,,,,,,,9897.0,,679.0,31.0
627,111452,Odysseas,Vlachodimos,Odysseas,,,,,,,,,375.0,,710.0,33.0
628,210462,Ibrahim,Sangaré,Sangaré,,,,,,,,,5722.0,,713.0,36.0
629,460842,Mohammed,Kudus,Kudus,,,,,,,,,12027.0,,689.0,41.0
630,231480,Santiago,Bueno,S.Bueno,,,,,,,,,10945.0,,697.0,42.0
631,231057,Jean-Ricner,Bellegarde,Bellegarde,,,,,,,,,7762.0,,715.0,45.0
