rank,prev_rank,name,league,off,def,spi
1,1,Manchester City,Barclays Premier League,2.87,0.26,92.73
2,2,Bayern Munich,German Bundesliga,3.04,0.68,87.66
3,4,Real Madrid,Spanish Primera Division,2.58,0.58,85.07
4,6,Newcastle,Barclays Premier League,2.38,0.5,84.45
5,3,Barcelona,Spanish Primera Division,2.35,0.5,84.15
6,5,Liverpool,Barclays Premier League,2.56,0.61,84.09
7,7,Napoli,Italy Serie A,2.29,0.51,83.25
8,10,Borussia Dortmund,German Bundesliga,2.83,0.84,82.91
9,8,Arsenal,Barclays Premier League,2.47,0.66,82.23
10,13,Brighton and Hove Albion,Barclays Premier League,2.49,0.7,81.61
11,11,RB Leipzig,German Bundesliga,2.39,0.7,80.42
12,12,Paris Saint-Germain,French Ligue 1,2.62,0.85,80.37
13,9,Atletico Madrid,Spanish Primera Division,2.29,0.66,80.02
14,14,Benfica,Portuguese Liga,2.4,0.73,79.96
15,17,Manchester United,Barclays Premier League,2.32,0.72,79.03
16,16,Aston Villa,Barclays Premier League,1.98,0.52,78.62
17,15,Internazionale,Italy Serie A,2.36,0.78,78.29
18,24,Ajax,Dutch Eredivisie,2.64,1.02,77.24
19,21,Sporting CP,Portuguese Liga,2.07,0.66,76.96
20,22,FC Porto,Portuguese Liga,2.16,0.72,76.86
21,18,Lille,French Ligue 1,2.07,0.68,76.42
22,23,Brentford,Barclays Premier League,2.08,0.69,76.27
23,25,Real Sociedad,Spanish Primera Division,1.83,0.54,75.74
24,33,Lyon,French Ligue 1,2.26,0.85,75.5
25,26,Feyenoord,Dutch Eredivisie,2.27,0.86,75.44
26,40,Stade Rennes,French Ligue 1,2.01,0.68,75.26
27,20,Chelsea,Barclays Premier League,2.0,0.69,74.99
28,19,Bayer Leverkusen,German Bundesliga,2.03,0.72,74.88
29,30,Celtic,Scottish Premiership,2.53,1.07,74.69
30,27,Zenit St Petersburg,Russian Premier Liga,2.07,0.76,74.6
31,43,FC Twente,Dutch Eredivisie,2.21,0.87,74.24
32,38,Fiorentina,Italy Serie A,2.07,0.79,73.7
33,29,Marseille,French Ligue 1,2.08,0.8,73.65
34,35,FC Salzburg,Austrian T-Mobile Bundesliga,2.07,0.8,73.58
35,32,Villarreal,Spanish Primera Division,2.15,0.86,73.57
36,31,PSV,Dutch Eredivisie,2.39,1.03,73.54
37,34,Athletic Bilbao,Spanish Primera Division,1.79,0.62,73.31
38,47,Lens,French Ligue 1,1.91,0.7,73.13
39,36,Crystal Palace,Barclays Premier League,1.81,0.63,73.1
40,37,AC Milan,Italy Serie A,2.06,0.82,72.95
41,28,AS Roma,Italy Serie A,1.8,0.65,72.66
42,42,FC Cologne,German Bundesliga,2.03,0.81,72.57
43,41,Tottenham Hotspur,Barclays Premier League,2.19,0.95,72.08
44,50,Rangers,Scottish Premiership,2.25,1.0,71.98
45,45,Eintracht Frankfurt,German Bundesliga,2.07,0.88,71.61
46,49,West Ham United,Barclays Premier League,1.95,0.82,71.09
47,44,Sevilla FC,Spanish Primera Division,1.83,0.73,71.08
48,46,VfL Wolfsburg,German Bundesliga,2.07,0.92,70.86
49,39,Juventus,Italy Serie A,1.93,0.85,69.98
50,51,Atalanta,Italy Serie A,2.02,0.92,69.91
51,57,Torino,Italy Serie A,1.7,0.68,69.86
52,53,Palmeiras,Brasileiro Série A,1.8,0.77,69.53
53,48,Mainz,German Bundesliga,2.11,1.02,69.33
54,55,Girona FC,Spanish Primera Division,1.95,0.9,69.17
55,52,Celta Vigo,Spanish Primera Division,1.76,0.76,69.08
56,56,Fulham,Barclays Premier League,1.88,0.88,68.52
57,60,Valencia,Spanish Primera Division,1.72,0.78,67.81
58,65,VfB Stuttgart,German Bundesliga,1.96,0.97,67.66
59,62,Borussia Monchengladbach,German Bundesliga,2.1,1.09,67.64
60,71,Nice,French Ligue 1,1.71,0.78,67.58
61,68,AZ,Dutch Eredivisie,1.93,0.97,67.22
62,66,Lazio,Italy Serie A,1.74,0.82,67.21
63,73,Besiktas,Turkish Turkcell Super Lig,1.97,1.0,67.08
64,54,Flamengo,Brasileiro Série A,1.89,0.94,67.06
65,61,SC Freiburg,German Bundesliga,1.91,0.99,66.38
66,64,Real Betis,Spanish Primera Division,1.72,0.84,66.34
67,63,Atletico Mineiro,Brasileiro Série A,1.63,0.77,66.26
68,72,Strasbourg,French Ligue 1,1.79,0.9,66.07
69,70,Osasuna,Spanish Primera Division,1.61,0.76,66.02
70,67,1. FC Union Berlin,German Bundesliga,1.71,0.84,65.99
71,59,Young Boys,Swiss Raiffeisen Super League,2.12,1.19,65.73
72,69,AS Monaco,French Ligue 1,1.94,1.07,65.06
73,58,Reims,French Ligue 1,1.73,0.9,64.98
74,77,Fenerbahce,Turkish Turkcell Super Lig,2.09,1.21,64.79
75,74,Leicester City,Barclays Premier League,1.86,1.04,64.21
76,76,Galatasaray,Turkish Turkcell Super Lig,1.87,1.06,64.11
77,75,Sassuolo,Italy Serie A,1.94,1.11,64.01
78,80,Werder Bremen,German Bundesliga,1.93,1.11,63.74
79,81,Monterrey,Mexican Primera Division Torneo Clausura,1.58,0.83,63.66
80,82,Everton,Barclays Premier League,1.86,1.07,63.58
81,83,Getafe,Spanish Primera Division,1.49,0.76,63.36
82,78,TSG Hoffenheim,German Bundesliga,1.96,1.17,63.26
83,91,KAA Gent,Belgian Jupiler League,1.89,1.11,63.12
84,79,Rayo Vallecano,Spanish Primera Division,1.65,0.91,63.11
85,84,Slavia Prague,UEFA Europa Conference League,1.83,1.06,63.09
86,85,Bologna,Italy Serie A,1.72,0.97,63.06
87,94,Braga,Portuguese Liga,1.78,1.02,62.98
88,86,Burnley,English League Championship,1.53,0.82,62.94
89,90,Olympiacos,Greek Super League,1.69,0.98,62.25
90,88,Mallorca,Spanish Primera Division,1.53,0.85,62.07
91,92,Dinamo Zagreb,UEFA Champions League,1.8,1.09,61.85
92,95,Wolverhampton,Barclays Premier League,1.59,0.93,61.39
93,96,AEK Athens,Greek Super League,1.59,0.93,61.24
94,97,Monza,Italy Serie A,1.72,1.06,60.92
95,114,Espanyol,Spanish Primera Division,1.87,1.2,60.67
96,87,Club América,Mexican Primera Division Torneo Clausura,1.8,1.14,60.62
97,99,Bodo/Glimt,Norwegian Tippeligaen,2.06,1.37,60.6
98,89,Udinese,Italy Serie A,1.69,1.05,60.57
99,118,Club Brugge,Belgian Jupiler League,1.8,1.15,60.43
100,98,Genk,Belgian Jupiler League,1.99,1.32,60.33
101,108,Clermont Foot,French Ligue 1,1.54,0.94,60.01
102,107,Union Saint Gilloise,Belgian Jupiler League,1.86,1.24,59.69
103,102,Tigres UANL,Mexican Primera Division Torneo Clausura,1.49,0.91,59.67
104,93,Antwerp,Belgian Jupiler League,1.54,0.95,59.59
105,101,Toulouse,French Ligue 1,1.6,1.01,59.52
106,109,Schalke 04,German Bundesliga,1.81,1.2,59.46
107,103,São Paulo,Brasileiro Série A,1.54,0.96,59.3
108,100,Leeds United,Barclays Premier League,1.84,1.24,59.16
109,111,River Plate,Argentina Primera Division,1.55,0.98,59.08
110,112,AFC Bournemouth,Barclays Premier League,1.7,1.12,59.04
111,110,Lecce,Italy Serie A,1.45,0.89,59.01
112,122,Elche,Spanish Primera Division,1.63,1.08,58.63
113,127,Vitesse,Dutch Eredivisie,1.63,1.08,58.55
114,115,Slovácko,UEFA Europa Conference League,1.77,1.21,58.54
115,117,Red Star Belgrade,UEFA Europa League,1.75,1.19,58.52
116,119,SK Sturm Graz,Austrian T-Mobile Bundesliga,1.67,1.12,58.4
117,121,FC Copenhagen,Danish SAS-Ligaen,1.76,1.21,58.15
118,113,CSKA Moscow,Russian Premier Liga,1.47,0.96,57.86
119,105,Adana Demirspor,Turkish Turkcell Super Lig,1.86,1.32,57.64
120,123,Shakhtar Donetsk,UEFA Europa League,1.77,1.24,57.61
121,106,Montpellier,French Ligue 1,1.73,1.21,57.49
122,116,Southampton,Barclays Premier League,1.61,1.11,57.33
123,104,FC Augsburg,German Bundesliga,1.73,1.22,57.19
124,124,Fluminense,Brasileiro Série A,1.54,1.05,57.08
125,120,FC Utrecht,Dutch Eredivisie,1.72,1.23,57.03
126,125,Cadiz,Spanish Primera Division,1.5,1.02,56.92
127,126,Sheffield United,English League Championship,1.49,1.03,56.57
128,128,Nottingham Forest,Barclays Premier League,1.66,1.19,56.38
129,138,VfL Bochum,German Bundesliga,1.84,1.37,56.31
130,129,Los Angeles FC,Major League Soccer,1.7,1.24,56.18
131,130,Middlesbrough,English League Championship,1.6,1.17,55.77
132,131,Almeria,Spanish Primera Division,1.68,1.25,55.7
133,141,Brest,French Ligue 1,1.48,1.06,55.66
134,133,Botafogo,Brasileiro Série A,1.44,1.03,55.54
135,132,Luton Town,English League Championship,1.35,0.94,55.48
136,135,Pachuca,Mexican Primera Division Torneo Clausura,1.59,1.17,55.43
137,155,Empoli,Italy Serie A,1.63,1.22,55.13
138,140,Spartak Moscow,Russian Premier Liga,1.71,1.3,55.06
139,142,Fortaleza,Brasileiro Série A,1.38,0.99,54.87
140,137,Viktoria Plzen,UEFA Champions League,1.82,1.41,54.85
141,134,Internacional,Brasileiro Série A,1.42,1.04,54.56
142,139,Ferencvaros,UEFA Europa League,1.61,1.22,54.55
143,148,FC Krasnodar,Russian Premier Liga,1.68,1.3,54.48
144,143,Hertha Berlin,German Bundesliga,1.71,1.36,53.89
145,154,FC Midtjylland,Danish SAS-Ligaen,1.56,1.21,53.87
146,136,Lorient,French Ligue 1,1.47,1.13,53.77
147,166,Real Valladolid,Spanish Primera Division,1.62,1.28,53.58
148,145,Dynamo Kiev,UEFA Europa League,1.51,1.19,53.06
149,146,Sparta,Dutch Eredivisie,1.62,1.31,52.99
150,147,Ipswich Town,English League One,1.62,1.31,52.93
151,150,Guimaraes,Portuguese Liga,1.26,0.96,52.69
152,144,Atlético Paranaense,Brasileiro Série A,1.4,1.1,52.69
153,149,Terek Grozny,Russian Premier Liga,1.43,1.13,52.59
154,171,Philadelphia Union,Major League Soccer,1.64,1.35,52.56
155,163,Yokohama F. Marinos,Japanese J League,1.66,1.37,52.44
156,169,Corinthians,Brasileiro Série A,1.27,0.99,52.43
157,152,Anderlecht,Belgian Jupiler League,1.46,1.18,52.32
158,153,Bragantino,Brasileiro Série A,1.49,1.21,52.27
159,156,León,Mexican Primera Division Torneo Clausura,1.35,1.07,52.16
160,157,SC Dnipro-1,UEFA Europa Conference League,1.55,1.28,52.11
161,158,Atlas,Mexican Primera Division Torneo Clausura,1.41,1.14,52.07
162,159,Lech Poznan,UEFA Europa Conference League,1.42,1.15,52.07
163,182,Trabzonspor,Turkish Turkcell Super Lig,1.65,1.38,52.04
164,183,Go Ahead Eagles,Dutch Eredivisie,1.66,1.39,51.97
165,187,Guadalajara,Mexican Primera Division Torneo Clausura,1.35,1.08,51.96
166,160,Swansea City,English League Championship,1.5,1.23,51.93
167,161,Steaua Bucuresti,UEFA Europa Conference League,1.5,1.24,51.89
168,162,Santos,Brasileiro Série A,1.33,1.07,51.86
169,164,Lokomotiv Moscow,Russian Premier Liga,1.51,1.26,51.71
170,151,Vasco da Gama,Brasileiro Série A,1.44,1.19,51.62
171,165,Vissel Kobe,Japanese J League,1.51,1.26,51.46
172,167,FC Sheriff Tiraspol,UEFA Europa League,1.51,1.27,51.36
173,168,LASK Linz,Austrian T-Mobile Bundesliga,1.54,1.3,51.25
174,170,FK Partizan Belgrade,UEFA Europa Conference League,1.41,1.17,51.22
175,178,Nantes,French Ligue 1,1.37,1.14,51.02
176,172,Coventry City,English League Championship,1.28,1.06,51.0
177,174,PAOK Salonika,Greek Super League,1.4,1.18,50.89
178,175,Molde,Norwegian Tippeligaen,1.76,1.54,50.88
179,173,Verona,Italy Serie A,1.37,1.16,50.4
180,176,Famalicao,Portuguese Liga,1.44,1.24,50.35
181,181,Cruz Azul,Mexican Primera Division Torneo Clausura,1.32,1.13,50.21
182,179,FK Austria Vienna,Austrian T-Mobile Bundesliga,1.69,1.5,50.21
183,221,Cercle Brugge,Belgian Jupiler League,1.62,1.43,50.2
184,185,Dinamo Moscow,Russian Premier Liga,1.47,1.29,49.96
185,206,Boavista,Portuguese Liga,1.39,1.22,49.86
186,186,Frosinone,Italy Serie B,1.37,1.19,49.84
187,191,Metz,French Ligue 2,1.28,1.1,49.76
188,199,Heerenveen,Dutch Eredivisie,1.66,1.5,49.62
189,189,Konyaspor,Turkish Turkcell Super Lig,1.4,1.23,49.6
190,204,Salernitana,Italy Serie A,1.52,1.36,49.54
191,192,FK Qarabag,UEFA Europa League,1.41,1.25,49.41
192,193,Maccabi Haifa,UEFA Champions League,1.69,1.54,49.35
193,190,Talleres de Córdoba,Argentina Primera Division,1.35,1.2,49.3
194,195,Hapoel Be'er,UEFA Europa Conference League,1.49,1.34,49.22
195,184,Spezia,Italy Serie A,1.44,1.3,49.04
196,194,Malmo FF,Swedish Allsvenskan,1.55,1.41,48.96
197,201,Auxerre,French Ligue 1,1.3,1.16,48.93
198,177,Fatih Karagümrük,Turkish Turkcell Super Lig,1.81,1.7,48.78
199,202,Toluca,Mexican Primera Division Torneo Clausura,1.56,1.44,48.62
200,203,West Bromwich Albion,English League Championship,1.37,1.25,48.56
201,196,Gil Vicente,Portuguese Liga,1.36,1.24,48.55
202,180,Chaves,Portuguese Liga,1.4,1.29,48.45
203,205,Rapid Vienna,Austrian T-Mobile Bundesliga,1.53,1.43,48.14
204,198,Vizela,Portuguese Liga,1.23,1.12,48.07
205,197,New York City FC,Major League Soccer,1.43,1.33,47.96
206,200,Atlanta United FC,Major League Soccer,1.59,1.5,47.93
207,188,NEC,Dutch Eredivisie,1.51,1.42,47.87
208,207,Santos Laguna,Mexican Primera Division Torneo Clausura,1.43,1.35,47.86
209,209,Cruzeiro,Brasileiro Série A,1.33,1.23,47.86
210,208,Stoke City,English League Championship,1.25,1.15,47.79
211,224,FC Arouca,Portuguese Liga,1.18,1.09,47.57
212,211,Panathinaikos,Greek Super League,0.97,0.87,47.49
213,217,Cagliari,Italy Serie B,1.23,1.15,47.44
214,212,Millwall,English League Championship,1.33,1.25,47.41
215,213,Argentinos Juniors,Argentina Primera Division,1.26,1.19,47.36
216,214,Genoa,Italy Serie B,1.24,1.16,47.31
217,215,Aris Salonika,Greek Super League,1.4,1.34,47.22
218,216,Estudiantes,Argentina Primera Division,1.18,1.1,47.21
219,219,Boca Juniors,Argentina Primera Division,1.16,1.09,46.98
220,220,Istanbul Basaksehir,Turkish Turkcell Super Lig,1.2,1.14,46.94
221,229,Angers,French Ligue 1,1.35,1.31,46.87
222,227,FC Nordsjaelland,Danish SAS-Ligaen,1.42,1.38,46.79
223,234,Urawa Red Diamonds,Japanese J League,1.28,1.24,46.62
224,235,FC Cincinnati,Major League Soccer,1.51,1.49,46.43
225,231,Casa Pia,Portuguese Liga,1.24,1.2,46.29
226,210,KVC Westerlo,Belgian Jupiler League,1.61,1.61,46.23
227,225,Cremonese,Italy Serie A,1.45,1.44,46.14
228,218,Rio Ave,Portuguese Liga,1.25,1.22,46.14
229,226,Bahía,Brasileiro Série A,1.31,1.29,46.12
230,246,AGF Aarhus,Danish SAS-Ligaen,1.16,1.14,45.98
231,223,BK Hacken,Swedish Allsvenskan,1.68,1.71,45.65
232,232,San Lorenzo,Argentina Primera Division,0.99,0.96,45.6
233,233,Sunderland,English League Championship,1.34,1.35,45.58
234,230,Seattle Sounders FC,Major League Soccer,1.35,1.36,45.57
235,249,Gazovik Orenburg,Russian Premier Liga,1.51,1.54,45.54
236,236,Norwich City,English League Championship,1.23,1.23,45.45
237,237,Watford,English League Championship,1.28,1.29,45.35
238,239,St Etienne,French Ligue 2,1.54,1.58,45.32
239,222,Bordeaux,French Ligue 2,1.12,1.12,45.19
240,251,FC Dallas,Major League Soccer,1.26,1.29,44.88
241,240,Nashville SC,Major League Soccer,1.26,1.29,44.85
242,247,New York Red Bulls,Major League Soccer,1.12,1.14,44.83
243,243,AEK Larnaca,UEFA Europa League,1.16,1.18,44.76
244,244,Apollon Limassol,UEFA Europa Conference League,1.21,1.24,44.74
245,245,América Mineiro,Brasileiro Série A,1.31,1.35,44.68
246,263,Grêmio,Brasileiro Série A,1.32,1.37,44.67
247,257,Kawasaki Frontale,Japanese J League,1.41,1.48,44.3
248,250,Columbus Crew,Major League Soccer,1.39,1.46,44.25
249,242,Viborg,Danish SAS-Ligaen,1.28,1.35,44.24
250,253,OH Leuven,Belgian Jupiler League,1.44,1.53,44.15
251,252,St Gallen,Swiss Raiffeisen Super League,1.62,1.72,44.11
252,228,Rostov,Russian Premier Liga,1.3,1.37,44.08
253,254,Blackburn,English League Championship,1.18,1.23,44.03
254,264,Santa Clara,Portuguese Liga,1.25,1.33,43.94
255,269,FC Lugano,Swiss Raiffeisen Super League,1.39,1.48,43.77
256,255,FC St. Pauli,German 2. Bundesliga,1.32,1.41,43.66
257,248,Maritimo,Portuguese Liga,1.3,1.4,43.55
258,279,Hibernian,Scottish Premiership,1.33,1.43,43.46
259,256,Bristol City,English League Championship,1.17,1.25,43.46
260,265,Hearts,Scottish Premiership,1.4,1.52,43.41
261,267,IF Elfsborg,Swedish Allsvenskan,1.45,1.57,43.33
262,273,Wolfsberger AC,Austrian T-Mobile Bundesliga,1.45,1.58,43.22
263,259,Vancouver Whitecaps,Major League Soccer,1.4,1.53,43.12
264,261,CFR 1907 Cluj,UEFA Europa Conference League,1.22,1.33,42.98
265,262,Rosenborg,Norwegian Tippeligaen,1.49,1.63,42.97
266,260,Kashima Antlers,Japanese J League,1.25,1.38,42.63
267,258,Tenerife,Spanish Segunda Division,1.0,1.09,42.62
268,268,New England Revolution,Major League Soccer,1.4,1.56,42.51
269,288,Levante,Spanish Segunda Division,1.07,1.18,42.4
270,238,Standard Liege,Belgian Jupiler League,1.38,1.55,42.23
271,271,Sampdoria,Italy Serie A,1.4,1.57,42.11
272,270,Tigre,Argentina Primera Division,1.18,1.33,42.06
273,274,Hamburg SV,German 2. Bundesliga,1.57,1.78,41.86
274,276,Parma,Italy Serie B,1.11,1.26,41.85
275,241,RKC,Dutch Eredivisie,1.49,1.69,41.84
276,281,Lanus,Argentina Primera Division,1.14,1.29,41.72
277,277,Velez Sarsfield,Argentina Primera Division,0.97,1.09,41.71
278,278,Ludogorets,UEFA Europa League,1.3,1.49,41.66
279,280,Bari,Italy Serie B,1.2,1.38,41.45
280,282,Puebla,Mexican Primera Division Torneo Clausura,1.32,1.52,41.4
281,320,FC Zurich,Swiss Raiffeisen Super League,1.32,1.52,41.39
282,285,Defensa y Justicia,Argentina Primera Division,1.12,1.3,41.26
283,286,SC Paderborn,German 2. Bundesliga,1.45,1.67,41.23
284,284,Motherwell,Scottish Premiership,1.2,1.39,41.18
285,308,FC Andorra,Spanish Segunda Division,1.05,1.21,41.11
286,289,Sporting de Charleroi,Belgian Jupiler League,1.32,1.54,41.06
287,290,St. Truidense,Belgian Jupiler League,1.08,1.26,40.92
288,297,Brondby,Danish SAS-Ligaen,1.34,1.57,40.86
289,292,Pumas Unam,Mexican Primera Division Torneo Clausura,1.25,1.47,40.73
290,272,Portimonense,Portuguese Liga,1.16,1.37,40.57
291,306,Basel,Swiss Raiffeisen Super League,1.35,1.6,40.5
292,295,Estoril Praia,Portuguese Liga,1.16,1.38,40.48
293,296,Kasimpasa,Turkish Turkcell Super Lig,1.26,1.5,40.46
294,299,Caen,French Ligue 2,1.23,1.46,40.44
295,298,Rosario Central,Argentina Primera Division,1.15,1.37,40.4
296,300,Alanyaspor,Turkish Turkcell Super Lig,1.47,1.74,40.29
297,301,Sanfrecce Hiroshima,Japanese J League,1.17,1.4,40.28
298,311,Orlando City SC,Major League Soccer,1.28,1.52,40.26
299,366,Odense BK,Danish SAS-Ligaen,1.32,1.58,40.25
300,309,DC United,Major League Soccer,1.25,1.5,40.2
301,283,Los Angeles Galaxy,Major League Soccer,1.38,1.65,40.19
302,304,Granada,Spanish Segunda Division,0.99,1.19,40.18
303,310,Cuiaba,Brasileiro Série A,1.07,1.29,40.15
304,314,Goiás,Brasileiro Série A,1.12,1.35,40.01
305,303,Mamelodi Sundowns,South African ABSA Premier League,1.04,1.25,39.99
306,275,FC Volendam,Dutch Eredivisie,1.42,1.71,39.97
307,307,Bastia,French Ligue 2,1.14,1.38,39.92
308,305,Atlético San Luis,Mexican Primera Division Torneo Clausura,1.18,1.44,39.77
309,322,Nagoya Grampus Eight,Japanese J League,1.02,1.25,39.77
310,302,Antalyaspor,Turkish Turkcell Super Lig,1.23,1.5,39.71
311,328,FC Luzern,Swiss Raiffeisen Super League,1.37,1.67,39.47
312,313,Sivasspor,Turkish Turkcell Super Lig,1.29,1.58,39.46
313,315,Kayserispor,Turkish Turkcell Super Lig,1.48,1.81,39.35
314,312,Servette,Swiss Raiffeisen Super League,1.35,1.66,39.3
315,287,Fortuna Sittard,Dutch Eredivisie,1.36,1.68,39.28
316,318,Silkeborg,Danish SAS-Ligaen,1.3,1.61,39.25
317,323,Portland Timbers,Major League Soccer,1.31,1.62,39.16
318,316,F.B.C Unione Venezia,Italy Serie B,1.24,1.53,39.12
319,325,Necaxa,Mexican Primera Division Torneo Clausura,1.05,1.32,39.03
320,326,Hull City,English League Championship,1.05,1.31,38.96
321,332,Huracán,Argentina Primera Division,0.93,1.17,38.95
322,317,Albacete,Spanish Segunda Division,1.13,1.42,38.94
323,319,Aberdeen,Scottish Premiership,1.14,1.43,38.87
324,329,Preston North End,English League Championship,1.12,1.41,38.79
325,344,Real Zaragoza,Spanish Segunda Division,0.92,1.17,38.73
326,330,Omonia Nicosia,UEFA Europa League,1.25,1.57,38.72
327,321,Karlsruher SC,German 2. Bundesliga,1.35,1.69,38.68
328,334,Paris FC,French Ligue 2,1.08,1.37,38.66
329,327,Minnesota United FC,Major League Soccer,1.23,1.55,38.63
330,294,FC Groningen,Dutch Eredivisie,1.3,1.64,38.37
331,324,San Jose Earthquakes,Major League Soccer,1.31,1.66,38.34
332,357,Cerezo Osaka,Japanese J League,1.04,1.33,38.33
333,335,Tijuana,Mexican Primera Division Torneo Clausura,1.18,1.5,38.27
334,348,Coritiba,Brasileiro Série A,1.09,1.39,38.26
335,331,Fortuna Düsseldorf,German 2. Bundesliga,1.26,1.6,38.25
336,266,AC Ajaccio,French Ligue 1,1.02,1.31,38.21
337,336,Alavés,Spanish Segunda Division,0.88,1.14,38.17
338,343,Eibar,Spanish Segunda Division,0.93,1.21,38.16
339,337,Slovan Bratislava,UEFA Europa Conference League,1.12,1.44,38.09
340,338,Barnsley,English League One,1.32,1.69,38.04
341,340,Newell's Old Boys,Argentina Primera Division,0.87,1.13,38.01
342,379,Krylia Sovetov,Russian Premier Liga,1.04,1.35,37.96
343,345,KV Mechelen,Belgian Jupiler League,1.45,1.85,37.86
344,346,Sheffield Wednesday,English League One,1.15,1.49,37.84
345,347,Racing Club,Argentina Primera Division,1.17,1.51,37.84
346,293,Le Havre,French Ligue 2,0.79,1.04,37.81
347,333,Consadole Sapporo,Japanese J League,1.51,1.92,37.76
348,350,Valerenga,Norwegian Tippeligaen,1.34,1.73,37.7
349,352,Sporting Kansas City,Major League Soccer,1.11,1.45,37.66
350,291,Sochi,Russian Premier Liga,1.16,1.51,37.61
351,339,Pacos Ferreira,Portuguese Liga,1.1,1.45,37.52
352,355,Lillestrom,Norwegian Tippeligaen,1.29,1.68,37.49
353,358,Ural Sverdlovsk Oblast,Russian Premier Liga,0.99,1.31,37.43
354,341,Toronto FC,Major League Soccer,1.2,1.57,37.41
355,360,FC Juárez,Mexican Primera Division Torneo Clausura,1.02,1.36,37.41
356,376,Djurgardens IF,Swedish Allsvenskan,1.22,1.6,37.38
357,361,1. FC Heidenheim 1846,German 2. Bundesliga,1.16,1.53,37.36
358,353,CA Independiente,Argentina Primera Division,1.02,1.35,37.35
359,372,Guingamp,French Ligue 2,1.09,1.44,37.33
360,359,Montreal Impact,Major League Soccer,1.17,1.54,37.26
361,363,Chicago Fire,Major League Soccer,1.29,1.69,37.14
362,349,Randers FC,Danish SAS-Ligaen,1.2,1.58,37.11
363,351,Hammarby,Swedish Allsvenskan,1.33,1.75,36.99
364,354,Austin FC,Major League Soccer,1.23,1.64,36.86
365,369,Colon Santa Fe,Argentina Primera Division,1.05,1.41,36.85
366,380,Charlotte FC,Major League Soccer,1.23,1.65,36.7
367,365,Birmingham,English League Championship,1.02,1.4,36.59
368,362,Sochaux,French Ligue 2,1.04,1.41,36.58
369,367,Cardiff City,English League Championship,1.04,1.41,36.56
370,342,WSG Swarovski Wattens,Austrian T-Mobile Bundesliga,1.34,1.79,36.55
371,356,Troyes,French Ligue 1,1.27,1.71,36.34
372,370,Melbourne City,Australian A-League,1.36,1.83,36.27
373,371,SV Darmstadt 98,German 2. Bundesliga,1.13,1.54,36.21
374,391,Hartberg,Austrian T-Mobile Bundesliga,1.2,1.63,36.2
375,364,Las Palmas,Spanish Segunda Division,0.91,1.27,36.15
376,388,Ankaragucu,Turkish Turkcell Super Lig,1.07,1.47,36.09
377,375,SK Brann,Norwegian Tippeligaen,1.18,1.62,36.0
378,368,Grasshoppers Zürich,Swiss Raiffeisen Super League,1.41,1.91,35.94
379,377,Viking FK,Norwegian Tippeligaen,1.41,1.91,35.88
380,378,Querétaro,Mexican Primera Division Torneo Clausura,0.98,1.39,35.65
381,373,Emmen,Dutch Eredivisie,1.23,1.7,35.54
382,383,Godoy Cruz,Argentina Primera Division,0.94,1.34,35.47
383,402,Excelsior,Dutch Eredivisie,1.2,1.68,35.43
384,384,Wigan,English League Championship,0.92,1.32,35.43
385,385,Como,Italy Serie B,1.05,1.5,35.2
386,393,FC Tokyo,Japanese J League,1.16,1.65,34.98
387,389,Huddersfield Town,English League Championship,0.97,1.41,34.87
388,390,Fakel Voronezh,Russian Premier Liga,1.02,1.48,34.83
389,404,Atlético Tucumán,Argentina Primera Division,0.9,1.34,34.55
390,381,Colorado Rapids,Major League Soccer,1.12,1.62,34.53
391,382,Sarmiento,Argentina Primera Division,0.99,1.46,34.42
392,400,Platense,Argentina Primera Division,0.9,1.34,34.38
393,374,AaB,Danish SAS-Ligaen,1.06,1.55,34.34
394,394,Banfield,Argentina Primera Division,0.85,1.29,34.21
395,396,Austria Lustenau,Austrian T-Mobile Bundesliga,1.25,1.81,34.21
396,395,Queens Park Rangers,English League Championship,1.04,1.54,34.16
397,386,Umraniyespor,Turkish Turkcell Super Lig,1.2,1.75,34.07
398,397,Instituto,Argentina Primera Division,1.01,1.51,33.88
399,398,Mazatlán FC,Mexican Primera Division Torneo Clausura,1.12,1.66,33.88
400,399,SpVgg Greuther Fürth,German 2. Bundesliga,1.08,1.6,33.87
401,401,Ballkani,UEFA Europa Conference League,1.2,1.76,33.76
402,405,Inter Miami CF,Major League Soccer,1.11,1.66,33.65
403,392,Leganes,Spanish Segunda Division,0.86,1.33,33.56
404,406,Sarpsborg,Norwegian Tippeligaen,1.12,1.68,33.49
405,408,Pisa,Italy Serie B,0.93,1.44,33.21
406,445,FK Nizhny Novgorod,Russian Premier Liga,0.94,1.46,33.16
407,409,Rotherham United,English League Championship,0.96,1.48,33.06
408,410,Gimnasia La Plata,Argentina Primera Division,0.87,1.36,33.06
409,421,Houston Dynamo,Major League Soccer,1.08,1.65,32.9
410,415,Sudtirol,Italy Serie B,0.73,1.19,32.85
411,407,IFK Norrkoping,Swedish Allsvenskan,1.11,1.7,32.73
412,414,Belgrano Cordoba,Argentina Primera Division,0.89,1.42,32.63
413,411,Holstein Kiel,German 2. Bundesliga,1.29,1.94,32.6
414,412,SK Austria Klagenfurt,Austrian T-Mobile Bundesliga,1.25,1.89,32.58
415,418,Real Salt Lake,Major League Soccer,1.05,1.64,32.56
416,413,Istanbulspor,Turkish Turkcell Super Lig,1.1,1.71,32.53
417,416,Bolton,English League One,0.89,1.42,32.49
418,403,Real Oviedo,Spanish Segunda Division,0.78,1.28,32.45
419,423,1. FC Kaiserslautern,German 2. Bundesliga,1.04,1.64,32.38
420,419,Palermo,Italy Serie B,1.05,1.66,32.24
421,429,Sagan Tosu,Japanese J League,0.92,1.48,32.23
422,420,Rigas Futbola Skola,UEFA Europa Conference League,1.16,1.8,32.23
423,417,Villarreal B,Spanish Segunda Division,0.98,1.56,32.13
424,425,Arminia Bielefeld,German 2. Bundesliga,1.2,1.86,31.94
425,426,Odd BK,Norwegian Tippeligaen,0.95,1.54,31.84
426,422,Dijon FCO,French Ligue 2,0.88,1.44,31.78
427,427,Málaga,Spanish Segunda Division,0.79,1.34,31.59
428,428,Blackpool,English League Championship,1.06,1.7,31.56
429,430,Plymouth Argyle,English League One,1.02,1.66,31.45
430,431,Cambuur Leeuwarden,Dutch Eredivisie,1.2,1.9,31.24
431,432,FC Cartagena,Spanish Segunda Division,0.88,1.48,31.16
432,433,Sporting Gijón,Spanish Segunda Division,0.85,1.44,31.02
433,434,Zalgiris Vilnius,UEFA Europa Conference League,1.1,1.79,30.99
434,387,St Mirren,Scottish Premiership,0.95,1.58,30.98
435,435,Peterborough United,English League One,1.01,1.68,30.77
436,437,St. Louis CITY SC,Major League Soccer,1.07,1.76,30.72
437,460,Giresunspor,Turkish Turkcell Super Lig,1.03,1.71,30.64
438,439,Derby County,English League One,0.94,1.6,30.6
439,440,Union Santa Fe,Argentina Primera Division,0.84,1.46,30.56
440,441,FC Vaduz,Swiss Raiffeisen Super League,0.96,1.63,30.56
441,442,KV Kortrijk,Belgian Jupiler League,1.08,1.8,30.4
442,444,Racing Santander,Spanish Segunda Division,0.81,1.43,30.4
443,436,Barracas Central,Argentina Primera Division,0.86,1.5,30.32
444,424,US Quevilly,French Ligue 2,0.91,1.58,30.13
445,438,Grenoble,French Ligue 2,0.64,1.2,30.04
446,476,Valenciennes,French Ligue 2,0.94,1.62,30.0
447,446,Reading,English League Championship,0.9,1.58,29.91
448,447,Central Córdoba Santiago del Estero,Argentina Primera Division,0.85,1.51,29.82
449,448,Tromso,Norwegian Tippeligaen,0.96,1.67,29.77
450,450,Ascoli,Italy Serie B,0.84,1.5,29.62
451,449,SD Huesca,Spanish Segunda Division,0.73,1.36,29.43
452,457,Kalmar FF,Swedish Allsvenskan,0.93,1.65,29.37
453,453,OFI Crete,Greek Super League,0.9,1.62,29.2
454,454,Mirandes,Spanish Segunda Division,0.86,1.56,29.18
455,455,Modena,Italy Serie B,0.92,1.67,28.78
456,452,Reggina,Italy Serie B,0.84,1.56,28.65
457,464,Hannover 96,German 2. Bundesliga,1.1,1.94,28.52
458,451,Rodez,French Ligue 2,0.75,1.44,28.47
459,459,HJK Helsinki,UEFA Europa League,0.94,1.71,28.47
460,456,Ross County,Scottish Premiership,0.92,1.69,28.38
461,461,Guangzhou Evergrande,Chinese Super League,1.08,1.93,28.19
462,462,Portsmouth,English League One,0.82,1.57,28.06
463,458,Avispa Fukuoka,Japanese J League,0.77,1.5,27.98
464,463,SV Zulte Waregem,Belgian Jupiler League,1.35,2.32,27.95
465,497,Kilmarnock,Scottish Premiership,0.86,1.63,27.95
466,494,Amiens,French Ligue 2,0.84,1.6,27.8
467,470,St Johnstone,Scottish Premiership,0.85,1.63,27.8
468,465,Central Coast Mariners,Australian A-League,1.15,2.06,27.58
469,466,AIK,Swedish Allsvenskan,0.9,1.71,27.57
470,468,Cittadella,Italy Serie B,0.7,1.42,27.52
471,469,Livingston,Scottish Premiership,0.86,1.66,27.51
472,472,San Antonio FC,United Soccer League,0.88,1.69,27.41
473,467,IFK Goteborg,Swedish Allsvenskan,0.9,1.72,27.37
474,443,Lyngby,Danish SAS-Ligaen,0.87,1.68,27.27
475,492,Pau,French Ligue 2,0.94,1.8,27.08
476,475,Orlando Pirates,South African ABSA Premier League,0.75,1.53,27.0
477,477,Spal,Italy Serie B,0.83,1.65,26.96
478,478,Perugia,Italy Serie B,0.84,1.67,26.91
479,480,Atromitos,Greek Super League,0.71,1.48,26.69
480,483,Stromsgodset,Norwegian Tippeligaen,1.01,1.94,26.39
481,473,Burgos,Spanish Segunda Division,0.69,1.47,26.38
482,486,SD Ponferradina,Spanish Segunda Division,0.74,1.54,26.25
483,488,1. FC Magdeburg,German 2. Bundesliga,1.0,1.95,26.05
484,489,Sydney FC,Australian A-League,1.05,2.03,26.0
485,485,Shonan Bellmare,Japanese J League,0.84,1.73,25.89
486,490,Cashpoint SC Rheindorf Altach,Austrian T-Mobile Bundesliga,0.82,1.69,25.88
487,471,SV Ried,Austrian T-Mobile Bundesliga,0.88,1.78,25.84
488,493,Ternana,Italy Serie B,0.85,1.74,25.79
489,479,Louisville City FC,United Soccer League,0.87,1.78,25.75
490,495,Charlton Athletic,English League One,0.98,1.94,25.71
491,496,Stabaek,Norwegian Tippeligaen,0.89,1.81,25.71
492,481,Arsenal Sarandi,Argentina Primera Division,0.77,1.62,25.65
493,482,Kyoto Purple Sanga,Japanese J League,0.77,1.64,25.44
494,498,Western Sydney FC,Australian A-League,0.99,1.97,25.37
495,484,Kashiwa Reysol,Japanese J League,0.74,1.61,25.36
496,487,Nimes,French Ligue 2,0.95,1.93,25.12
497,499,Benevento,Italy Serie B,0.77,1.67,25.04
498,500,Beijing Guoan,Chinese Super League,0.98,1.99,24.95
499,513,Annecy,French Ligue 2,0.83,1.77,24.76
500,474,Dundee Utd,Scottish Premiership,0.84,1.8,24.65
501,510,Tampa Bay Rowdies,United Soccer League,0.89,1.88,24.59
502,516,Laval,French Ligue 2,0.81,1.76,24.56
503,504,Wycombe Wanderers,English League One,0.78,1.72,24.47
504,503,1. FC Nürnberg,German 2. Bundesliga,0.78,1.73,24.45
505,505,Shanghai SIPG,Chinese Super League,0.9,1.92,24.26
506,506,Jahn Regensburg,German 2. Bundesliga,0.86,1.86,24.22
507,491,FC Khimki,Russian Premier Liga,0.85,1.86,23.95
508,511,Haugesund,Norwegian Tippeligaen,0.81,1.8,23.8
509,512,Pyunik Yerevan,UEFA Europa Conference League,0.87,1.9,23.79
510,530,Gamba Osaka,Japanese J League,0.83,1.85,23.67
511,518,UD Ibiza,Spanish Segunda Division,0.71,1.66,23.58
512,519,Fleetwood Town,English League One,0.76,1.75,23.48
513,520,Sacramento Republic FC,United Soccer League,0.81,1.83,23.41
514,509,Brescia,Italy Serie B,0.74,1.73,23.4
515,515,San Diego Loyal SC,United Soccer League,0.91,2.0,23.33
516,502,FC Sion,Swiss Raiffeisen Super League,1.0,2.14,23.28
517,501,Albirex Niigata,Japanese J League,0.79,1.83,23.17
518,522,KV Oostende,Belgian Jupiler League,1.02,2.18,23.17
519,523,AC Horsens,Danish SAS-Ligaen,0.92,2.03,23.04
520,524,Giannina,Greek Super League,0.72,1.72,23.02
521,508,Arizona United,United Soccer League,0.89,1.99,23.02
522,521,Hansa Rostock,German 2. Bundesliga,0.75,1.77,23.01
523,525,Eintracht Braunschweig,German 2. Bundesliga,0.88,1.99,22.72
524,526,Lincoln City,English League One,0.61,1.57,22.55
525,514,Winterthur,Swiss Raiffeisen Super League,0.79,1.88,22.41
526,527,Adelaide United,Australian A-League,1.06,2.3,22.25
527,507,Gazisehir Gaziantep,Turkish Turkcell Super Lig,0.81,1.92,22.22
528,529,Eupen,Belgian Jupiler League,0.98,2.19,22.18
529,531,Exeter City,English League One,0.85,1.98,22.1
530,532,Asteras Tripolis,Greek Super League,0.5,1.42,22.0
531,533,Melbourne Victory,Australian A-League,0.77,1.9,21.65
532,528,Torpedo Moskow,Russian Premier Liga,0.73,1.84,21.43
533,534,Sandefjord,Norwegian Tippeligaen,0.79,1.99,20.85
534,536,Aalesund,Norwegian Tippeligaen,0.68,1.8,20.82
535,541,Lugo,Spanish Segunda Division,0.58,1.64,20.79
536,517,Mjallby,Swedish Allsvenskan,0.59,1.67,20.64
537,537,Shamrock Rovers,UEFA Europa Conference League,0.69,1.84,20.63
538,535,Colorado Springs Switchbacks FC,United Soccer League,0.74,1.93,20.52
539,538,Oxford United,English League One,0.64,1.76,20.42
540,543,Cosenza,Italy Serie B,0.53,1.58,20.38
541,539,Black Aces,South African ABSA Premier League,0.56,1.65,20.2
542,540,Memphis 901 FC,United Soccer League,0.83,2.1,20.16
543,542,RFC Seraing,Belgian Jupiler League,0.75,1.98,20.07
544,544,Stellenbosch FC,South African ABSA Premier League,0.64,1.83,19.63
545,546,Volos NFC,Greek Super League,0.67,1.9,19.41
546,547,Burton Albion,English League One,0.74,2.01,19.29
547,549,Hamarkamaratene,Norwegian Tippeligaen,0.78,2.09,19.23
548,548,IK Sirius,Swedish Allsvenskan,0.74,2.03,19.15
549,550,Ionikos FC,Greek Super League,0.58,1.77,18.97
550,551,Levadiakos,Greek Super League,0.61,1.83,18.85
551,553,Oakland Roots,United Soccer League,0.7,2.0,18.82
552,552,Shrewsbury Town,English League One,0.63,1.87,18.81
553,555,SuperSport United,South African ABSA Premier League,0.45,1.55,18.66
554,554,New Mexico United,United Soccer League,0.71,2.03,18.64
555,557,SV Sandhausen,German 2. Bundesliga,0.74,2.08,18.55
556,558,Shandong Luneng,Chinese Super League,0.82,2.22,18.5
557,545,Niort,French Ligue 2,0.65,1.92,18.5
558,559,Salford City,English League Two,0.78,2.16,18.49
559,561,Jiangsu Suning FC,Chinese Super League,0.71,2.04,18.37
560,562,Cheltenham Town,English League One,0.67,1.99,18.26
561,556,Brommapojkarna,Swedish Allsvenskan,0.66,1.97,18.08
562,563,Mansfield Town,English League Two,0.71,2.08,17.84
563,582,Halmstads BK,Swedish Allsvenskan,0.66,2.0,17.8
564,567,Orange County SC,United Soccer League,0.63,1.95,17.78
565,560,Yokohama FC,Japanese J League,0.68,2.04,17.72
566,564,Milton Keynes Dons,English League One,0.58,1.86,17.71
567,565,Stockport County,English League Two,0.5,1.72,17.7
568,566,Panetolikos,Greek Super League,0.63,1.97,17.67
569,568,El Paso Locomotive FC,United Soccer League,0.68,2.06,17.56
570,570,Pittsburgh Riverhounds,United Soccer League,0.57,1.88,17.28
571,571,Bristol Rovers,English League One,0.65,2.07,16.62
572,569,IFK Värnamo,Swedish Allsvenskan,0.56,1.92,16.58
573,577,Degerfors IF,Swedish Allsvenskan,0.73,2.23,16.56
574,572,Western United,Australian A-League,0.77,2.3,16.55
575,573,Wellington Phoenix,Australian A-League,0.79,2.36,16.39
576,575,TS Galaxy,South African ABSA Premier League,0.37,1.59,16.04
577,576,Kaizer Chiefs,South African ABSA Premier League,0.46,1.76,16.03
578,578,Birmingham Legion FC,United Soccer League,0.66,2.19,15.73
579,579,Brisbane Roar,Australian A-League,0.6,2.07,15.7
580,574,Hatayspor,Turkish Turkcell Super Lig,0.66,2.19,15.6
581,580,Lamia,Greek Super League,0.47,1.85,15.27
582,581,Newcastle Jets,Australian A-League,0.68,2.28,15.09
583,583,Port Vale,English League One,0.61,2.16,15.03
584,585,AmaZulu,South African ABSA Premier League,0.4,1.81,14.3
585,586,Bradford City,English League Two,0.48,1.97,14.26
586,584,Miami FC,United Soccer League,0.48,1.99,13.99
587,587,Swindon Town,English League Two,0.56,2.17,13.81
588,588,Leyton Orient,English League Two,0.39,1.84,13.55
589,589,Carlisle United,English League Two,0.4,1.88,13.41
590,590,Morecambe,English League One,0.58,2.26,13.28
591,591,Golden Arrows,South African ABSA Premier League,0.43,1.97,13.15
592,601,Charleston Battery,United Soccer League,0.53,2.19,13.05
593,592,Newport County,English League Two,0.49,2.11,13.05
594,593,Royal AM,South African ABSA Premier League,0.46,2.06,12.93
595,594,Perth Glory,Australian A-League,0.58,2.3,12.88
596,595,Sekhukhune United,South African ABSA Premier League,0.24,1.61,12.53
597,599,Hartford Athletic,United Soccer League,0.62,2.42,12.47
598,596,Cambridge United,English League One,0.4,1.98,12.42
599,598,Stevenage,English League Two,0.36,1.9,12.35
600,597,Varbergs BoIS FC,Swedish Allsvenskan,0.54,2.28,12.29
601,600,Northampton Town,English League Two,0.34,1.88,12.2
602,604,Tulsa Roughnecks,United Soccer League,0.54,2.33,11.91
603,602,Tianjin Teda,Chinese Super League,0.5,2.26,11.8
604,603,Macarthur FC,Australian A-League,0.63,2.55,11.67
605,606,Shanghai Greenland,Chinese Super League,0.56,2.47,11.13
606,607,Harrogate Town,English League Two,0.54,2.43,11.07
607,608,Moroka Swallows,South African ABSA Premier League,0.24,1.77,10.98
608,610,Monterey Bay,United Soccer League,0.42,2.21,10.67
609,609,Indy Eleven,United Soccer League,0.39,2.17,10.66
610,611,Hebei China Fortune FC,Chinese Super League,0.5,2.43,10.52
611,612,Colchester United,English League Two,0.27,1.91,10.4
612,605,Rio Grande Valley FC Toros,United Soccer League,0.37,2.15,10.38
613,613,Henan Jianye,Chinese Super League,0.46,2.36,10.34
614,617,Las Vegas Lights FC,United Soccer League,0.41,2.26,10.27
615,614,Gillingham,English League Two,0.27,1.94,10.15
616,615,Dalian Aerbin,Chinese Super League,0.51,2.51,9.96
617,616,Tshakhuma Tsha Madzivhandila,South African ABSA Premier League,0.25,1.91,9.88
618,618,Guangzhou RF,Chinese Super League,0.66,2.86,9.74
619,619,Maritzburg Utd,South African ABSA Premier League,0.26,1.98,9.65
620,620,Accrington Stanley,English League One,0.39,2.28,9.56
621,621,Wuhan Zall,Chinese Super League,0.39,2.32,9.4
622,622,Crewe Alexandra,English League Two,0.36,2.25,9.33
623,623,Detroit City FC,United Soccer League,0.28,2.12,8.8
624,624,Richards Bay,South African ABSA Premier League,0.2,1.95,8.59
625,625,Rochdale,English League Two,0.36,2.4,8.31
626,626,Grimsby Town,English League Two,0.26,2.15,8.24
627,627,Chippa United,South African ABSA Premier League,0.25,2.16,8.13
628,628,Loudoun United FC,United Soccer League,0.35,2.4,8.12
629,629,Tranmere Rovers,English League Two,0.2,2.02,8.08
630,630,Tianjin Quanujian,Chinese Super League,0.37,2.51,7.83
631,631,Barrow,English League Two,0.2,2.06,7.76
632,632,Shenzhen FC,Chinese Super League,0.4,2.6,7.73
633,633,Chongqing Lifan,Chinese Super League,0.3,2.35,7.66
634,634,Hartlepool,English League Two,0.38,2.56,7.61
635,635,Walsall,English League Two,0.2,2.11,7.49
636,636,Sutton United,English League Two,0.23,2.26,7.02
637,637,AFC Wimbledon,English League Two,0.24,2.3,6.96
638,638,Doncaster Rovers,English League Two,0.2,2.35,6.06
639,639,Forest Green Rovers,English League One,0.2,2.38,5.91
640,640,Crawley Town,English League Two,0.2,2.41,5.75
641,641,Guizhou Renhe,Chinese Super League,0.2,2.61,4.86
