rank,prev_rank,name,league,off,def,spi
1,1,Bayern Munich,German Bundesliga,3.23,0.48,91.89
2,2,Manchester City,Barclays Premier League,2.8,0.36,90.83
3,3,Arsenal,Barclays Premier League,2.45,0.39,87.23
4,4,Barcelona,Spanish Primera Division,2.52,0.44,87.05
5,6,Real Madrid,Spanish Primera Division,2.57,0.57,85.14
6,5,Paris Saint-Germain,French Ligue 1,2.68,0.66,84.56
7,7,Liverpool,Barclays Premier League,2.63,0.67,83.76
8,10,Newcastle,Barclays Premier League,2.12,0.45,82.2
9,9,Napoli,Italy Serie A,2.48,0.67,82.15
10,8,RB Leipzig,German Bundesliga,2.51,0.7,81.84
11,11,Chelsea,Barclays Premier League,2.08,0.48,81.12
12,13,Manchester United,Barclays Premier League,2.3,0.63,80.81
13,12,FC Porto,Portuguese Liga,2.34,0.65,80.77
14,14,Benfica,Portuguese Liga,2.36,0.7,80.08
15,15,Brighton and Hove Albion,Barclays Premier League,2.27,0.67,79.47
16,16,Ajax,Dutch Eredivisie,2.77,1.03,78.72
17,17,Tottenham Hotspur,Barclays Premier League,2.3,0.74,78.27
18,18,Internazionale,Italy Serie A,2.36,0.79,78.08
19,19,Atletico Madrid,Spanish Primera Division,2.03,0.61,77.41
20,20,Zenit St Petersburg,Russian Premier Liga,2.09,0.69,76.46
21,23,Borussia Dortmund,German Bundesliga,2.35,0.86,76.45
22,22,Real Sociedad,Spanish Primera Division,1.84,0.53,76.24
23,21,Marseille,French Ligue 1,2.06,0.68,76.19
24,24,Athletic Bilbao,Spanish Primera Division,1.8,0.55,75.04
25,27,AS Roma,Italy Serie A,1.91,0.63,74.9
26,28,FC Salzburg,Austrian T-Mobile Bundesliga,2.09,0.78,74.29
27,35,Celtic,Scottish Premiership,2.4,1.03,73.82
28,30,Feyenoord,Dutch Eredivisie,2.14,0.84,73.77
29,29,Lille,French Ligue 1,1.92,0.69,73.59
30,25,VfL Wolfsburg,German Bundesliga,2.15,0.86,73.54
31,44,Sporting CP,Portuguese Liga,2.01,0.76,73.54
32,31,Aston Villa,Barclays Premier League,1.88,0.67,73.5
33,32,Bayer Leverkusen,German Bundesliga,2.1,0.83,73.26
34,33,Villarreal,Spanish Primera Division,1.83,0.66,72.91
35,37,Eintracht Frankfurt,German Bundesliga,2.09,0.85,72.75
36,36,West Ham United,Barclays Premier League,1.82,0.66,72.58
37,34,Juventus,Italy Serie A,2.0,0.8,72.3
38,26,AC Milan,Italy Serie A,2.19,0.95,72.19
39,40,Lyon,French Ligue 1,1.99,0.8,72.14
40,42,Stade Rennes,French Ligue 1,1.93,0.77,72.04
41,43,Atalanta,Italy Serie A,2.16,0.96,71.32
42,45,Brentford,Barclays Premier League,2.0,0.85,71.18
43,49,Celta Vigo,Spanish Primera Division,1.71,0.64,71.17
44,38,SC Freiburg,German Bundesliga,2.09,0.94,70.85
45,47,Palmeiras,Brasileiro Série A,1.81,0.74,70.63
46,51,Real Betis,Spanish Primera Division,1.67,0.64,70.37
47,39,Lens,French Ligue 1,1.77,0.72,70.37
48,46,PSV,Dutch Eredivisie,2.16,1.01,70.35
49,41,AS Monaco,French Ligue 1,2.08,0.95,70.22
50,48,Lazio,Italy Serie A,1.9,0.83,70.05
51,53,Fiorentina,Italy Serie A,1.91,0.85,69.73
52,57,1. FC Union Berlin,German Bundesliga,1.75,0.74,69.31
53,54,Mainz,German Bundesliga,1.97,0.91,69.24
54,50,FC Twente,Dutch Eredivisie,1.89,0.86,69.06
55,52,Osasuna,Spanish Primera Division,1.62,0.66,68.86
56,56,FC Cologne,German Bundesliga,1.98,0.95,68.6
57,62,Sevilla FC,Spanish Primera Division,1.76,0.78,68.54
58,59,Rayo Vallecano,Spanish Primera Division,1.7,0.74,68.52
59,55,Valencia,Spanish Primera Division,1.78,0.8,68.37
60,66,Borussia Monchengladbach,German Bundesliga,2.14,1.11,67.82
61,60,Leicester City,Barclays Premier League,1.86,0.89,67.7
62,61,Flamengo,Brasileiro Série A,1.8,0.85,67.46
63,63,Genk,Belgian Jupiler League,2.08,1.08,67.24
64,64,Fulham,Barclays Premier League,1.87,0.92,67.19
65,72,Nice,French Ligue 1,1.65,0.75,67.13
66,67,Atletico Mineiro,Brasileiro Série A,1.56,0.69,66.93
67,75,Rangers,Scottish Premiership,1.98,1.04,66.48
68,71,VfB Stuttgart,German Bundesliga,1.95,1.01,66.45
69,68,Leeds United,Barclays Premier League,1.9,0.98,66.41
70,65,TSG Hoffenheim,German Bundesliga,2.04,1.1,66.28
71,70,Crystal Palace,Barclays Premier League,1.65,0.8,65.77
72,58,Braga,Portuguese Liga,1.8,0.93,65.61
73,76,Young Boys,Swiss Raiffeisen Super League,2.06,1.17,65.08
74,74,Girona FC,Spanish Primera Division,1.79,0.95,65.06
75,69,Mallorca,Spanish Primera Division,1.49,0.72,64.63
76,79,Udinese,Italy Serie A,1.86,1.03,64.44
77,80,Fenerbahce,Turkish Turkcell Super Lig,2.05,1.19,64.4
78,78,Fluminense,Brasileiro Série A,1.62,0.85,63.83
79,77,Monterrey,Mexican Primera Division Torneo Clausura,1.75,0.97,63.71
80,95,Reims,French Ligue 1,1.67,0.91,63.47
81,81,Torino,Italy Serie A,1.61,0.87,63.16
82,82,Slavia Prague,UEFA Europa Conference League,1.83,1.06,63.09
83,83,Wolverhampton,Barclays Premier League,1.58,0.85,63.07
84,73,Getafe,Spanish Primera Division,1.43,0.73,63.06
85,94,Club América,Mexican Primera Division Torneo Clausura,1.73,1.01,62.21
86,87,Union Saint Gilloise,Belgian Jupiler League,1.78,1.06,62.19
87,86,Internacional,Brasileiro Série A,1.58,0.89,62.15
88,92,Galatasaray,Turkish Turkcell Super Lig,1.83,1.11,61.98
89,96,Werder Bremen,German Bundesliga,1.88,1.16,61.88
90,88,Dinamo Zagreb,UEFA Champions League,1.8,1.09,61.85
91,90,Tigres UANL,Mexican Primera Division Torneo Clausura,1.71,1.01,61.81
92,89,Southampton,Barclays Premier League,1.68,1.0,61.7
93,84,Espanyol,Spanish Primera Division,1.62,0.94,61.57
94,103,Sassuolo,Italy Serie A,1.83,1.13,61.52
95,85,AZ,Dutch Eredivisie,1.95,1.24,61.32
96,93,São Paulo,Brasileiro Série A,1.53,0.89,60.93
97,97,Club Brugge,Belgian Jupiler League,1.85,1.21,60.21
98,104,Almeria,Spanish Primera Division,1.65,1.03,59.95
99,98,Spartak Moscow,Russian Premier Liga,1.75,1.14,59.73
100,99,Bodo/Glimt,Norwegian Tippeligaen,2.15,1.49,59.7
101,107,Monza,Italy Serie A,1.63,1.04,59.5
102,91,Strasbourg,French Ligue 1,1.71,1.12,59.22
103,117,Toulouse,French Ligue 1,1.71,1.12,59.2
104,101,Shakhtar Donetsk,UEFA Europa League,1.82,1.23,58.84
105,110,FC Augsburg,German Bundesliga,1.84,1.26,58.8
106,112,Bologna,Italy Serie A,1.64,1.08,58.78
107,105,Nottingham Forest,Barclays Premier League,1.55,1.0,58.7
108,114,FC Utrecht,Dutch Eredivisie,1.88,1.3,58.59
109,106,Slovácko,UEFA Europa Conference League,1.77,1.21,58.54
110,108,Red Star Belgrade,UEFA Europa League,1.75,1.19,58.52
111,100,Hertha Berlin,German Bundesliga,1.66,1.12,58.34
112,109,Everton,Barclays Premier League,1.59,1.05,58.34
113,113,FC Copenhagen,Danish SAS-Ligaen,1.61,1.1,57.63
114,102,KAA Gent,Belgian Jupiler League,1.6,1.1,57.47
115,111,Verona,Italy Serie A,1.58,1.08,57.31
116,123,Cadiz,Spanish Primera Division,1.45,0.98,57.12
117,120,Clermont Foot,French Ligue 1,1.49,1.01,57.05
118,116,Molde,Norwegian Tippeligaen,1.88,1.37,56.95
119,115,Pachuca,Mexican Primera Division Torneo Clausura,1.68,1.21,56.55
120,144,Vitesse,Dutch Eredivisie,1.68,1.21,56.42
121,119,Philadelphia Union,Major League Soccer,1.73,1.27,56.22
122,121,Antwerp,Belgian Jupiler League,1.59,1.15,55.98
123,130,Schalke 04,German Bundesliga,1.61,1.18,55.84
124,118,Olympiacos,Greek Super League,1.45,1.04,55.62
125,137,Besiktas,Turkish Turkcell Super Lig,1.65,1.23,55.45
126,122,VfL Bochum,German Bundesliga,1.71,1.29,55.45
127,125,Burnley,English League Championship,1.45,1.04,55.34
128,127,Sheffield United,English League Championship,1.51,1.11,55.17
129,126,Nantes,French Ligue 1,1.37,0.98,55.17
130,124,Lecce,Italy Serie A,1.41,1.01,55.08
131,128,West Bromwich Albion,English League Championship,1.39,1.0,54.97
132,129,AFC Bournemouth,Barclays Premier League,1.54,1.15,54.94
133,131,Viktoria Plzen,UEFA Champions League,1.82,1.41,54.85
134,132,Los Angeles FC,Major League Soccer,1.74,1.35,54.71
135,151,AEK Athens,Greek Super League,1.52,1.14,54.69
136,133,SK Sturm Graz,Austrian T-Mobile Bundesliga,1.5,1.12,54.59
137,134,Ferencvaros,UEFA Europa League,1.63,1.25,54.53
138,140,Real Valladolid,Spanish Primera Division,1.44,1.07,54.44
139,135,SC Dnipro-1,UEFA Europa Conference League,1.67,1.29,54.36
140,138,Yokohama F. Marinos,Japanese J League,1.73,1.36,54.04
141,139,América Mineiro,Brasileiro Série A,1.42,1.06,54.04
142,141,Corinthians,Brasileiro Série A,1.24,0.89,53.97
143,142,Fortaleza,Brasileiro Série A,1.34,1.0,53.96
144,143,Dinamo Moscow,Russian Premier Liga,1.62,1.27,53.86
145,145,CSKA Moscow,Russian Premier Liga,1.45,1.1,53.8
146,146,River Plate,Argentina Primera Division,1.44,1.1,53.77
147,148,Santos Laguna,Mexican Primera Division Torneo Clausura,1.59,1.26,53.35
148,149,FK Partizan Belgrade,UEFA Europa Conference League,1.48,1.16,53.23
149,147,Trabzonspor,Turkish Turkcell Super Lig,1.59,1.27,53.22
150,150,Dynamo Kiev,UEFA Europa League,1.51,1.19,53.06
151,158,Middlesbrough,English League Championship,1.4,1.1,52.82
152,157,Adana Demirspor,Turkish Turkcell Super Lig,1.54,1.24,52.72
153,155,Brest,French Ligue 1,1.44,1.15,52.63
154,136,Lorient,French Ligue 1,1.56,1.27,52.45
155,152,Norwich City,English League Championship,1.52,1.24,52.42
156,169,AC Ajaccio,French Ligue 1,1.36,1.09,52.08
157,159,Cruz Azul,Mexican Primera Division Torneo Clausura,1.37,1.11,51.89
158,160,Steaua Bucuresti,UEFA Europa Conference League,1.5,1.24,51.89
159,163,Istanbul Basaksehir,Turkish Turkcell Super Lig,1.39,1.12,51.87
160,161,Kawasaki Frontale,Japanese J League,1.77,1.51,51.84
161,162,FC Midtjylland,Danish SAS-Ligaen,1.53,1.27,51.74
162,164,New York City FC,Major League Soccer,1.6,1.35,51.62
163,182,NEC,Dutch Eredivisie,1.5,1.26,51.32
164,165,Swansea City,English League Championship,1.45,1.22,51.28
165,166,Millwall,English League Championship,1.31,1.08,51.22
166,154,Sparta,Dutch Eredivisie,1.46,1.23,51.1
167,167,Empoli,Italy Serie A,1.5,1.28,51.06
168,156,PAOK Salonika,Greek Super League,1.34,1.12,50.87
169,170,Famalicao,Portuguese Liga,1.33,1.11,50.83
170,177,Guimaraes,Portuguese Liga,1.26,1.04,50.69
171,153,Elche,Spanish Primera Division,1.43,1.22,50.66
172,179,Vizela,Portuguese Liga,1.37,1.16,50.66
173,171,Atlético Paranaense,Brasileiro Série A,1.32,1.11,50.65
174,168,Guadalajara,Mexican Primera Division Torneo Clausura,1.35,1.14,50.62
175,172,Montreal Impact,Major League Soccer,1.56,1.36,50.6
176,178,Lech Poznan,UEFA Europa Conference League,1.38,1.18,50.35
177,173,Anderlecht,Belgian Jupiler League,1.39,1.2,50.28
178,180,Rostov,Russian Premier Liga,1.56,1.36,50.28
179,181,Santos,Brasileiro Série A,1.27,1.07,50.19
180,184,Rosenborg,Norwegian Tippeligaen,1.94,1.77,49.94
181,187,Botafogo,Brasileiro Série A,1.23,1.07,49.52
182,188,Maccabi Haifa,UEFA Champions League,1.69,1.54,49.35
183,189,FC Sheriff Tiraspol,UEFA Europa League,1.48,1.34,49.26
184,190,Hapoel Be'er,UEFA Europa Conference League,1.49,1.34,49.22
185,175,Gil Vicente,Portuguese Liga,1.43,1.28,49.2
186,183,Atlas,Mexican Primera Division Torneo Clausura,1.39,1.24,49.05
187,192,Cremonese,Italy Serie A,1.46,1.33,48.93
188,201,Luton Town,English League Championship,1.29,1.15,48.88
189,185,Montpellier,French Ligue 1,1.46,1.33,48.8
190,193,Rapid Vienna,Austrian T-Mobile Bundesliga,1.43,1.3,48.79
191,194,FK Qarabag,UEFA Europa League,1.43,1.31,48.59
192,196,Sampdoria,Italy Serie A,1.33,1.21,48.38
193,174,Angers,French Ligue 1,1.36,1.25,48.35
194,191,Spezia,Italy Serie A,1.43,1.32,48.26
195,197,Argentinos Juniors,Argentina Primera Division,1.2,1.08,48.2
196,198,Bragantino,Brasileiro Série A,1.4,1.29,48.17
197,199,FC Nordsjaelland,Danish SAS-Ligaen,1.39,1.29,48.13
198,212,Auxerre,French Ligue 1,1.35,1.25,48.05
199,200,LASK Linz,Austrian T-Mobile Bundesliga,1.57,1.48,47.92
200,176,Heerenveen,Dutch Eredivisie,1.41,1.32,47.9
201,202,FC Krasnodar,Russian Premier Liga,1.47,1.39,47.74
202,195,Watford,English League Championship,1.26,1.17,47.56
203,203,Go Ahead Eagles,Dutch Eredivisie,1.55,1.48,47.46
204,186,Troyes,French Ligue 1,1.52,1.45,47.37
205,208,RKC,Dutch Eredivisie,1.55,1.49,47.18
206,218,Boavista,Portuguese Liga,1.26,1.2,47.15
207,207,Sochi,Russian Premier Liga,1.41,1.37,46.68
208,205,FC Arouca,Portuguese Liga,1.22,1.17,46.58
209,209,Rio Ave,Portuguese Liga,1.21,1.18,46.29
210,213,FC Cincinnati,Major League Soccer,1.64,1.63,46.27
211,214,Stoke City,English League Championship,1.23,1.21,46.12
212,216,Huracán,Argentina Primera Division,1.11,1.08,46.05
213,211,Levante,Spanish Segunda Division,1.19,1.17,45.88
214,220,Silkeborg,Danish SAS-Ligaen,1.57,1.58,45.75
215,221,Ceará,Brasileiro Série A,1.14,1.12,45.73
216,217,Chaves,Portuguese Liga,1.31,1.31,45.72
217,222,Los Angeles Galaxy,Major League Soccer,1.61,1.63,45.65
218,210,St Gallen,Swiss Raiffeisen Super League,1.67,1.7,45.63
219,236,KVC Westerlo,Belgian Jupiler League,1.51,1.54,45.59
220,206,Portimonense,Portuguese Liga,1.29,1.29,45.55
221,245,Cercle Brugge,Belgian Jupiler League,1.4,1.42,45.52
222,230,Coventry City,English League Championship,1.19,1.19,45.46
223,223,Sunderland,English League Championship,1.29,1.3,45.45
224,224,Hammarby,Swedish Allsvenskan,1.52,1.55,45.44
225,204,Hearts,Scottish Premiership,1.43,1.46,45.23
226,226,Frosinone,Italy Serie B,1.18,1.19,45.1
227,227,Urawa Red Diamonds,Japanese J League,1.31,1.34,44.92
228,228,Terek Grozny,Russian Premier Liga,1.34,1.38,44.9
229,233,Apollon Limassol,UEFA Europa Conference League,1.21,1.24,44.74
230,235,Velez Sarsfield,Argentina Primera Division,1.14,1.17,44.69
231,215,Metz,French Ligue 2,1.31,1.35,44.61
232,234,Emmen,Dutch Eredivisie,1.29,1.33,44.58
233,263,Toluca,Mexican Primera Division Torneo Clausura,1.36,1.42,44.56
234,254,Bordeaux,French Ligue 2,1.22,1.26,44.47
235,237,Atlanta United FC,Major League Soccer,1.48,1.55,44.44
236,251,Le Havre,French Ligue 2,1.06,1.09,44.33
237,244,Casa Pia,Portuguese Liga,1.17,1.21,44.26
238,238,Fatih Karagümrük,Turkish Turkcell Super Lig,1.65,1.75,44.26
239,240,Talleres de Córdoba,Argentina Primera Division,1.21,1.26,44.2
240,242,Salernitana,Italy Serie A,1.45,1.54,44.05
241,241,Nashville SC,Major League Soccer,1.35,1.43,43.99
242,243,AEK Larnaca,UEFA Europa League,1.17,1.24,43.81
243,225,Panathinaikos,Greek Super League,1.01,1.07,43.7
244,231,León,Mexican Primera Division Torneo Clausura,1.3,1.4,43.46
245,229,Basel,Swiss Raiffeisen Super League,1.31,1.41,43.43
246,248,Racing Club,Argentina Primera Division,1.21,1.3,43.43
247,250,FK Austria Vienna,Austrian T-Mobile Bundesliga,1.31,1.41,43.34
248,247,Estoril Praia,Portuguese Liga,1.15,1.24,43.33
249,312,Sochaux,French Ligue 2,1.19,1.28,43.29
250,252,CA Independiente,Argentina Primera Division,1.09,1.17,43.29
251,255,Viborg,Danish SAS-Ligaen,1.23,1.33,43.24
252,232,Aris Salonika,Greek Super League,1.07,1.15,43.11
253,261,Mamelodi Sundowns,South African ABSA Premier League,1.17,1.28,43.09
254,256,Puebla,Mexican Primera Division Torneo Clausura,1.28,1.4,42.96
255,246,Hamburg SV,German 2. Bundesliga,1.48,1.63,42.92
256,219,Konyaspor,Turkish Turkcell Super Lig,1.23,1.35,42.85
257,257,New York Red Bulls,Major League Soccer,1.17,1.29,42.85
258,270,Standard Liege,Belgian Jupiler League,1.31,1.44,42.82
259,253,Santa Clara,Portuguese Liga,1.09,1.19,42.76
260,258,Tigre,Argentina Primera Division,1.26,1.39,42.67
261,259,Austin FC,Major League Soccer,1.45,1.61,42.52
262,260,Atlético Goianiense,Brasileiro Série A,1.22,1.36,42.47
263,262,San Lorenzo,Argentina Primera Division,0.98,1.09,42.3
264,290,Kayserispor,Turkish Turkcell Super Lig,1.4,1.57,42.26
265,249,Queens Park Rangers,English League Championship,1.13,1.26,42.24
266,264,Bristol City,English League Championship,1.23,1.37,42.2
267,265,BK Hacken,Swedish Allsvenskan,1.59,1.78,42.19
268,266,Cuiaba,Brasileiro Série A,1.12,1.25,42.18
269,268,Ludogorets,UEFA Europa League,1.32,1.49,42.04
270,273,IF Elfsborg,Swedish Allsvenskan,1.38,1.57,41.89
271,287,Fortuna Sittard,Dutch Eredivisie,1.45,1.65,41.89
272,276,St. Truidense,Belgian Jupiler League,1.06,1.2,41.72
273,275,Wolfsberger AC,Austrian T-Mobile Bundesliga,1.62,1.85,41.7
274,274,Granada,Spanish Segunda Division,1.01,1.15,41.56
275,272,Atlético San Luis,Mexican Primera Division Torneo Clausura,1.2,1.37,41.54
276,281,FC Zurich,Swiss Raiffeisen Super League,1.33,1.52,41.46
277,277,WSG Swarovski Wattens,Austrian T-Mobile Bundesliga,1.5,1.73,41.43
278,267,Sporting de Charleroi,Belgian Jupiler League,1.33,1.53,41.42
279,278,Djurgardens IF,Swedish Allsvenskan,1.25,1.45,41.25
280,271,Pumas Unam,Mexican Primera Division Torneo Clausura,1.19,1.38,41.25
281,279,CFR 1907 Cluj,UEFA Europa Conference League,1.2,1.39,41.24
282,339,Gazisehir Gaziantep,Turkish Turkcell Super Lig,1.29,1.5,41.21
283,269,Genoa,Italy Serie B,1.0,1.15,41.2
284,280,Sheffield Wednesday,English League One,1.14,1.32,41.18
285,282,Krylia Sovetov,Russian Premier Liga,1.13,1.33,40.8
286,283,Sporting Kansas City,Major League Soccer,1.23,1.44,40.77
287,284,Columbus Crew,Major League Soccer,1.24,1.47,40.66
288,285,Orlando City SC,Major League Soccer,1.25,1.48,40.66
289,286,Gazovik Orenburg,Russian Premier Liga,1.4,1.65,40.59
290,288,FC Dallas,Major League Soccer,1.21,1.43,40.46
291,352,Hibernian,Scottish Premiership,1.26,1.5,40.44
292,289,Sanfrecce Hiroshima,Japanese J League,1.31,1.56,40.44
293,296,Cagliari,Italy Serie B,1.16,1.37,40.43
294,291,Boca Juniors,Argentina Primera Division,1.03,1.22,40.4
295,292,Birmingham,English League Championship,1.15,1.38,40.27
296,294,Brondby,Danish SAS-Ligaen,1.31,1.57,40.2
297,293,OH Leuven,Belgian Jupiler League,1.36,1.63,40.1
298,239,Alanyaspor,Turkish Turkcell Super Lig,1.47,1.76,40.07
299,327,Sivasspor,Turkish Turkcell Super Lig,1.27,1.53,40.04
300,298,Portland Timbers,Major League Soccer,1.48,1.77,39.97
301,297,FC Volendam,Dutch Eredivisie,1.39,1.67,39.94
302,301,Seattle Sounders FC,Major League Soccer,1.25,1.52,39.74
303,316,SV Darmstadt 98,German 2. Bundesliga,1.24,1.52,39.49
304,302,Newell's Old Boys,Argentina Primera Division,0.97,1.2,39.48
305,304,Pisa,Italy Serie B,1.11,1.36,39.47
306,303,Valerenga,Norwegian Tippeligaen,1.39,1.7,39.38
307,305,Rosario Central,Argentina Primera Division,1.07,1.32,39.25
308,307,FC Tokyo,Japanese J League,1.23,1.52,39.24
309,309,Kashima Antlers,Japanese J League,1.19,1.47,39.23
310,310,Charlotte FC,Major League Soccer,1.29,1.59,39.23
311,311,Preston North End,English League Championship,1.1,1.36,39.22
312,318,Maritimo,Portuguese Liga,1.06,1.32,39.2
313,333,Pacos Ferreira,Portuguese Liga,1.06,1.32,39.14
314,349,Alavés,Spanish Segunda Division,0.96,1.2,39.13
315,314,Vissel Kobe,Japanese J League,1.09,1.36,39.12
316,324,Necaxa,Mexican Primera Division Torneo Clausura,1.1,1.37,39.09
317,315,Coritiba,Brasileiro Série A,1.14,1.41,39.08
318,317,Real Salt Lake,Major League Soccer,1.19,1.49,38.87
319,295,Parma,Italy Serie B,1.09,1.37,38.86
320,306,FC St. Pauli,German 2. Bundesliga,1.25,1.56,38.85
321,345,Kasimpasa,Turkish Turkcell Super Lig,1.42,1.76,38.83
322,319,New England Revolution,Major League Soccer,1.34,1.67,38.77
323,320,Omonia Nicosia,UEFA Europa League,1.25,1.57,38.72
324,308,Eibar,Spanish Segunda Division,0.92,1.17,38.67
325,321,Derby County,English League One,1.13,1.43,38.65
326,328,Tenerife,Spanish Segunda Division,0.87,1.11,38.63
327,322,Chicago Fire,Major League Soccer,1.28,1.61,38.63
328,323,Minnesota United FC,Major League Soccer,1.34,1.68,38.57
329,325,Goiás,Brasileiro Série A,1.13,1.43,38.44
330,338,Las Palmas,Spanish Segunda Division,0.93,1.2,38.35
331,341,Tijuana,Mexican Primera Division Torneo Clausura,1.1,1.41,38.32
332,326,Colorado Rapids,Major League Soccer,1.32,1.68,38.3
333,329,FC Groningen,Dutch Eredivisie,1.3,1.65,38.23
334,330,Estudiantes,Argentina Primera Division,1.16,1.49,38.16
335,331,SK Austria Klagenfurt,Austrian T-Mobile Bundesliga,1.37,1.74,38.13
336,313,Antalyaspor,Turkish Turkcell Super Lig,1.27,1.63,38.09
337,360,FC Luzern,Swiss Raiffeisen Super League,1.37,1.75,38.06
338,337,Excelsior,Dutch Eredivisie,1.28,1.64,38.02
339,354,Hull City,English League Championship,1.08,1.4,37.9
340,335,Slovan Bratislava,UEFA Europa Conference League,1.09,1.43,37.78
341,336,Lillestrom,Norwegian Tippeligaen,1.2,1.56,37.75
342,340,Odense BK,Danish SAS-Ligaen,1.2,1.56,37.61
343,299,Bari,Italy Serie B,1.11,1.46,37.53
344,334,FC Lugano,Swiss Raiffeisen Super League,1.33,1.72,37.5
345,344,Lokomotiv Moscow,Russian Premier Liga,1.19,1.56,37.48
346,346,Ural Sverdlovsk Oblast,Russian Premier Liga,1.05,1.39,37.41
347,300,St Etienne,French Ligue 2,1.24,1.63,37.34
348,347,Malmo FF,Swedish Allsvenskan,1.21,1.6,37.24
349,375,Amiens,French Ligue 2,0.98,1.32,37.15
350,350,Ipswich Town,English League One,1.17,1.55,37.13
351,351,Querétaro,Mexican Primera Division Torneo Clausura,1.07,1.44,37.01
352,361,SC Paderborn,German 2. Bundesliga,1.23,1.63,36.98
353,353,Blackburn,English League Championship,0.98,1.32,36.92
354,356,Fortuna Düsseldorf,German 2. Bundesliga,1.18,1.57,36.89
355,355,AGF Aarhus,Danish SAS-Ligaen,1.01,1.37,36.76
356,343,Cardiff City,English League Championship,0.91,1.25,36.57
357,332,Mazatlán FC,Mexican Primera Division Torneo Clausura,1.13,1.52,36.56
358,358,Reading,English League Championship,1.08,1.46,36.54
359,359,Union Santa Fe,Argentina Primera Division,1.01,1.39,36.5
360,348,Livingston,Scottish Premiership,1.03,1.42,36.06
361,373,Melbourne City,Australian A-League,1.28,1.74,36.03
362,365,Randers FC,Danish SAS-Ligaen,1.19,1.64,35.99
363,366,Lanus,Argentina Primera Division,1.01,1.41,35.79
364,368,Avaí,Brasileiro Série A,1.06,1.49,35.76
365,369,Austria Lustenau,Austrian T-Mobile Bundesliga,1.17,1.62,35.71
366,370,Inter Miami CF,Major League Soccer,1.27,1.75,35.67
367,371,Nagoya Grampus Eight,Japanese J League,0.87,1.24,35.66
368,377,FC Juárez,Mexican Primera Division Torneo Clausura,1.04,1.46,35.65
369,374,AC Horsens,Danish SAS-Ligaen,1.13,1.58,35.49
370,362,Real Zaragoza,Spanish Segunda Division,0.82,1.2,35.37
371,376,FK Nizhny Novgorod,Russian Premier Liga,1.01,1.44,35.35
372,385,Holstein Kiel,German 2. Bundesliga,1.28,1.78,35.29
373,342,Caen,French Ligue 2,0.96,1.38,35.24
374,378,Vancouver Whitecaps,Major League Soccer,1.15,1.62,35.19
375,379,Toronto FC,Major League Soccer,1.31,1.83,35.17
376,382,Cerezo Osaka,Japanese J League,1.03,1.47,35.12
377,383,San Jose Earthquakes,Major League Soccer,1.3,1.82,35.06
378,386,Blackpool,English League Championship,1.05,1.51,34.98
379,387,Sarmiento,Argentina Primera Division,0.99,1.44,34.88
380,367,Sporting Gijón,Spanish Segunda Division,0.85,1.25,34.86
381,388,Colon Santa Fe,Argentina Primera Division,1.09,1.57,34.83
382,395,Grasshoppers Zürich,Swiss Raiffeisen Super League,1.34,1.88,34.77
383,389,Sarpsborg,Norwegian Tippeligaen,1.39,1.95,34.72
384,392,Defensa y Justicia,Argentina Primera Division,1.02,1.49,34.58
385,393,Platense,Argentina Primera Division,0.86,1.28,34.58
386,380,Huddersfield Town,English League Championship,0.9,1.33,34.56
387,396,Gimnasia La Plata,Argentina Primera Division,0.85,1.28,34.47
388,398,Leganes,Spanish Segunda Division,0.81,1.22,34.39
389,372,Cambuur Leeuwarden,Dutch Eredivisie,1.18,1.7,34.39
390,363,Dundee Utd,Scottish Premiership,0.98,1.44,34.35
391,402,FC Andorra,Spanish Segunda Division,0.86,1.3,34.25
392,397,Real Oviedo,Spanish Segunda Division,0.79,1.2,34.2
393,399,Odd BK,Norwegian Tippeligaen,1.22,1.77,34.19
394,364,Ankaragucu,Turkish Turkcell Super Lig,1.09,1.6,34.18
395,400,Patronato,Argentina Primera Division,0.99,1.48,34.15
396,381,Karlsruher SC,German 2. Bundesliga,1.26,1.82,34.07
397,406,1. FC Heidenheim 1846,German 2. Bundesliga,1.11,1.65,33.77
398,403,Ballkani,UEFA Europa Conference League,1.2,1.76,33.76
399,404,Arsenal Sarandi,Argentina Primera Division,0.88,1.35,33.74
400,394,Reggina,Italy Serie B,0.91,1.39,33.68
401,434,St Mirren,Scottish Premiership,0.94,1.43,33.64
402,401,Servette,Swiss Raiffeisen Super League,1.11,1.66,33.64
403,391,KV Mechelen,Belgian Jupiler League,1.27,1.86,33.61
404,408,Central Córdoba Santiago del Estero,Argentina Primera Division,0.99,1.51,33.57
405,409,Kalmar FF,Swedish Allsvenskan,0.99,1.51,33.51
406,410,Barracas Central,Argentina Primera Division,0.99,1.51,33.5
407,417,Albacete,Spanish Segunda Division,0.93,1.43,33.47
408,411,Houston Dynamo,Major League Soccer,1.23,1.83,33.4
409,413,Wigan,English League Championship,1.0,1.53,33.26
410,414,Consadole Sapporo,Japanese J League,1.23,1.83,33.2
411,416,AIK,Swedish Allsvenskan,1.05,1.61,33.14
412,418,Sagan Tosu,Japanese J League,1.04,1.6,32.94
413,445,Bastia,French Ligue 2,0.78,1.26,32.86
414,412,F.B.C Unione Venezia,Italy Serie B,1.0,1.56,32.76
415,405,Arminia Bielefeld,German 2. Bundesliga,1.11,1.71,32.72
416,421,Banfield,Argentina Primera Division,0.84,1.35,32.64
417,423,AaB,Danish SAS-Ligaen,1.11,1.72,32.6
418,420,Benevento,Italy Serie B,0.86,1.38,32.45
419,424,Plymouth Argyle,English League One,1.06,1.66,32.4
420,422,SpVgg Greuther Fürth,German 2. Bundesliga,1.03,1.63,32.35
421,425,Juventude,Brasileiro Série A,0.96,1.52,32.34
422,415,Grenoble,French Ligue 2,0.75,1.25,32.29
423,426,Atlético Tucumán,Argentina Primera Division,0.9,1.46,32.24
424,427,Rigas Futbola Skola,UEFA Europa Conference League,1.16,1.8,32.23
425,428,Viking FK,Norwegian Tippeligaen,1.34,2.03,32.13
426,384,Dijon FCO,French Ligue 2,0.96,1.54,32.09
427,390,Paris FC,French Ligue 2,0.84,1.39,31.91
428,419,Ascoli,Italy Serie B,0.88,1.46,31.66
429,432,Fakel Voronezh,Russian Premier Liga,1.04,1.67,31.65
430,446,St Johnstone,Scottish Premiership,0.96,1.57,31.52
431,357,Aberdeen,Scottish Premiership,1.15,1.82,31.49
432,433,Guingamp,French Ligue 2,0.99,1.62,31.46
433,430,Modena,Italy Serie B,1.05,1.7,31.23
434,441,Bolton,English League One,0.88,1.47,31.21
435,464,Annecy,French Ligue 2,0.85,1.45,31.09
436,435,Zalgiris Vilnius,UEFA Europa Conference League,1.1,1.79,30.99
437,437,Shonan Bellmare,Japanese J League,0.77,1.34,30.94
438,407,Motherwell,Scottish Premiership,0.99,1.65,30.9
439,438,Tromso,Norwegian Tippeligaen,1.13,1.84,30.88
440,429,Hannover 96,German 2. Bundesliga,1.01,1.68,30.81
441,436,Spal,Italy Serie B,0.87,1.49,30.79
442,444,Ternana,Italy Serie B,0.95,1.6,30.77
443,468,Umraniyespor,Turkish Turkcell Super Lig,1.1,1.81,30.69
444,440,FC Vaduz,Swiss Raiffeisen Super League,0.96,1.63,30.56
445,452,FC Sion,Swiss Raiffeisen Super League,1.22,1.97,30.48
446,442,SV Ried,Austrian T-Mobile Bundesliga,0.95,1.61,30.4
447,443,Kashiwa Reysol,Japanese J League,1.02,1.71,30.4
448,463,Como,Italy Serie B,0.96,1.64,30.34
449,451,Burgos,Spanish Segunda Division,0.72,1.3,30.25
450,466,Sudtirol,Italy Serie B,0.86,1.5,30.2
451,439,FC Cartagena,Spanish Segunda Division,0.82,1.45,30.19
452,479,Perugia,Italy Serie B,0.84,1.49,30.09
453,448,Shimizu S-Pulse,Japanese J League,1.1,1.85,30.07
454,449,Godoy Cruz,Argentina Primera Division,0.85,1.49,30.06
455,471,US Quevilly,French Ligue 2,0.86,1.51,30.01
456,453,Haugesund,Norwegian Tippeligaen,1.04,1.77,29.89
457,455,Rotherham United,English League Championship,0.97,1.68,29.78
458,470,Barnsley,English League One,0.92,1.61,29.71
459,456,Hartberg,Austrian T-Mobile Bundesliga,1.08,1.84,29.68
460,457,Tampa Bay Rowdies,United Soccer League,0.98,1.71,29.66
461,458,Wycombe Wanderers,English League One,0.84,1.51,29.63
462,447,KV Kortrijk,Belgian Jupiler League,1.13,1.92,29.63
463,459,Villarreal B,Spanish Segunda Division,0.85,1.53,29.59
464,460,Cashpoint SC Rheindorf Altach,Austrian T-Mobile Bundesliga,1.11,1.89,29.57
465,462,DC United,Major League Soccer,1.08,1.85,29.47
466,450,SD Huesca,Spanish Segunda Division,0.71,1.34,29.41
467,461,Hatayspor,Turkish Turkcell Super Lig,1.07,1.85,29.23
468,483,Nimes,French Ligue 2,0.96,1.7,29.18
469,465,IFK Goteborg,Swedish Allsvenskan,1.06,1.84,29.17
470,482,1. FC Kaiserslautern,German 2. Bundesliga,1.0,1.76,29.03
471,487,Palermo,Italy Serie B,0.88,1.59,28.99
472,477,Málaga,Spanish Segunda Division,0.73,1.39,28.77
473,473,SV Zulte Waregem,Belgian Jupiler League,1.19,2.05,28.7
474,474,FC Khimki,Russian Premier Liga,0.94,1.7,28.55
475,475,HJK Helsinki,UEFA Europa League,0.94,1.71,28.47
476,476,Avispa Fukuoka,Japanese J League,0.76,1.45,28.46
477,472,Racing Santander,Spanish Segunda Division,0.72,1.4,28.35
478,485,Peterborough United,English League One,0.97,1.78,28.22
479,478,Guangzhou Evergrande,Chinese Super League,1.08,1.93,28.19
480,454,Mirandes,Spanish Segunda Division,0.82,1.56,28.08
481,467,Brescia,Italy Serie B,0.81,1.56,28.02
482,481,IFK Norrkoping,Swedish Allsvenskan,1.03,1.88,27.93
483,506,Ross County,Scottish Premiership,0.83,1.59,27.84
484,486,Atromitos,Greek Super League,0.74,1.46,27.82
485,431,Giresunspor,Turkish Turkcell Super Lig,0.95,1.78,27.62
486,495,Pau,French Ligue 2,0.77,1.53,27.57
487,489,1. FC Nürnberg,German 2. Bundesliga,0.88,1.7,27.25
488,488,Gamba Osaka,Japanese J League,0.77,1.54,27.2
489,484,Jahn Regensburg,German 2. Bundesliga,0.97,1.84,27.13
490,493,SD Ponferradina,Spanish Segunda Division,0.73,1.49,27.1
491,469,Valenciennes,French Ligue 2,0.72,1.48,27.09
492,490,Stromsgodset,Norwegian Tippeligaen,1.11,2.04,27.02
493,492,Eupen,Belgian Jupiler League,1.08,2.01,26.97
494,502,OFI Crete,Greek Super League,0.77,1.56,26.94
495,497,Laval,French Ligue 2,0.89,1.73,26.87
496,501,Istanbulspor,Turkish Turkcell Super Lig,0.95,1.85,26.5
497,480,Kilmarnock,Scottish Premiership,0.85,1.71,26.42
498,496,Louisville City FC,United Soccer League,0.88,1.75,26.35
499,503,Cittadella,Italy Serie B,0.62,1.36,26.3
500,499,San Antonio FC,United Soccer League,0.81,1.66,26.23
501,507,UD Ibiza,Spanish Segunda Division,0.74,1.55,26.15
502,491,Volos NFC,Greek Super League,0.88,1.77,26.07
503,498,Hansa Rostock,German 2. Bundesliga,0.83,1.71,25.91
504,504,Mjallby,Swedish Allsvenskan,0.77,1.63,25.84
505,505,Birmingham Legion FC,United Soccer League,1.03,2.01,25.82
506,500,Charlton Athletic,English League One,0.94,1.89,25.66
507,508,Lyngby,Danish SAS-Ligaen,0.88,1.81,25.51
508,514,KV Oostende,Belgian Jupiler League,1.01,2.01,25.25
509,509,Kristiansund BK,Norwegian Tippeligaen,1.06,2.09,25.23
510,510,Torpedo Moskow,Russian Premier Liga,0.7,1.55,25.09
511,511,Kyoto Purple Sanga,Japanese J League,0.63,1.45,24.99
512,512,Beijing Guoan,Chinese Super League,0.98,1.99,24.95
513,513,Aalesund,Norwegian Tippeligaen,0.82,1.76,24.93
514,524,Panetolikos,Greek Super League,0.78,1.69,24.92
515,516,Sydney FC,Australian A-League,1.03,2.09,24.7
516,515,Portsmouth,English League One,0.79,1.74,24.44
517,526,Asteras Tripolis,Greek Super League,0.62,1.46,24.43
518,494,Oxford United,English League One,0.82,1.79,24.36
519,518,Shanghai SIPG,Chinese Super League,0.9,1.92,24.26
520,517,Giannina,Greek Super League,0.81,1.79,24.16
521,520,San Diego Loyal SC,United Soccer League,1.03,2.12,24.08
522,519,Rodez,French Ligue 2,0.62,1.49,24.06
523,522,Pyunik Yerevan,UEFA Europa Conference League,0.87,1.9,23.79
524,529,SV Sandhausen,German 2. Bundesliga,0.85,1.88,23.79
525,523,Shrewsbury Town,English League One,0.74,1.72,23.57
526,527,Memphis 901 FC,United Soccer League,0.86,1.92,23.24
527,521,RFC Seraing,Belgian Jupiler League,0.83,1.9,22.98
528,525,Lugo,Spanish Segunda Division,0.64,1.6,22.9
529,528,Central Coast Mariners,Australian A-League,0.96,2.11,22.89
530,537,Orlando Pirates,South African ABSA Premier League,0.62,1.56,22.88
531,530,Sacramento Republic FC,United Soccer League,0.74,1.78,22.72
532,531,Melbourne Victory,Australian A-League,0.81,1.9,22.61
533,536,Eintracht Braunschweig,German 2. Bundesliga,0.78,1.84,22.55
534,543,Ionikos FC,Greek Super League,0.69,1.72,22.25
535,532,Winterthur,Swiss Raiffeisen Super League,0.79,1.91,21.88
536,534,Jubilo Iwata,Japanese J League,0.75,1.85,21.77
537,535,Pittsburgh Riverhounds,United Soccer League,0.73,1.83,21.76
538,538,Hamarkamaratene,Norwegian Tippeligaen,0.71,1.8,21.61
539,539,Aldosivi,Argentina Primera Division,0.68,1.77,21.25
540,540,1. FC Magdeburg,German 2. Bundesliga,0.84,2.04,21.16
541,533,Niort,French Ligue 2,0.68,1.78,21.15
542,553,Exeter City,English League One,0.78,1.96,20.95
543,542,Rio Grande Valley FC Toros,United Soccer League,0.69,1.83,20.75
544,544,New Mexico United,United Soccer League,0.75,1.93,20.65
545,545,Shamrock Rovers,UEFA Europa Conference League,0.69,1.84,20.63
546,546,Fleetwood Town,English League One,0.67,1.81,20.59
547,547,IK Sirius,Swedish Allsvenskan,0.73,1.9,20.51
548,541,SuperSport United,South African ABSA Premier League,0.59,1.68,20.34
549,560,Levadiakos,Greek Super League,0.58,1.67,20.27
550,549,Colorado Springs Switchbacks FC,United Soccer League,0.74,2.0,19.66
551,550,Degerfors IF,Swedish Allsvenskan,0.73,1.97,19.64
552,556,Cosenza,Italy Serie B,0.63,1.81,19.55
553,551,Oakland Roots,United Soccer League,0.74,2.0,19.47
554,552,Miami FC,United Soccer League,0.66,1.87,19.4
555,558,Western Sydney FC,Australian A-League,0.69,1.94,19.32
556,557,Sandefjord,Norwegian Tippeligaen,0.93,2.38,18.78
557,564,Kaizer Chiefs,South African ABSA Premier League,0.57,1.76,18.71
558,559,Shandong Luneng,Chinese Super League,0.82,2.22,18.5
559,548,Bristol Rovers,English League One,0.86,2.29,18.47
560,561,Jiangsu Suning FC,Chinese Super League,0.71,2.04,18.37
561,562,IFK Värnamo,Swedish Allsvenskan,0.69,2.02,18.36
562,554,Lincoln City,English League One,0.53,1.72,18.26
563,565,Black Aces,South African ABSA Premier League,0.52,1.76,17.71
564,567,Arizona United,United Soccer League,0.8,2.25,17.67
565,569,Western United,Australian A-League,0.74,2.16,17.51
566,570,Adelaide United,Australian A-League,0.77,2.23,17.46
567,585,Carlisle United,English League Two,0.64,2.0,17.35
568,568,Port Vale,English League One,0.55,1.84,17.32
569,555,Milton Keynes Dons,English League One,0.54,1.82,17.29
570,563,Wellington Phoenix,Australian A-League,0.77,2.24,17.26
571,566,Salford City,English League Two,0.61,1.96,17.15
572,586,Morecambe,English League One,0.66,2.06,16.98
573,571,Stevenage,English League Two,0.53,1.84,16.9
574,580,Northampton Town,English League Two,0.57,1.93,16.63
575,583,Newcastle Jets,Australian A-League,0.69,2.14,16.63
576,573,FK Jerv,Norwegian Tippeligaen,0.75,2.29,16.36
577,574,Detroit City FC,United Soccer League,0.51,1.85,16.31
578,575,El Paso Locomotive FC,United Soccer League,0.69,2.18,16.27
579,577,Swindon Town,English League Two,0.61,2.06,16.06
580,572,Cheltenham Town,English League One,0.54,1.93,16.03
581,578,Varbergs BoIS FC,Swedish Allsvenskan,0.71,2.26,15.85
582,582,AmaZulu,South African ABSA Premier League,0.36,1.62,15.44
583,579,Macarthur FC,Australian A-League,0.71,2.31,15.3
584,584,Orange County SC,United Soccer League,0.57,2.08,14.94
585,576,Brisbane Roar,Australian A-League,0.51,1.98,14.83
586,581,Stockport County,English League Two,0.46,1.91,14.48
587,591,Burton Albion,English League One,0.69,2.37,14.29
588,589,Hartford Athletic,United Soccer League,0.73,2.48,14.01
589,598,Mansfield Town,English League Two,0.61,2.25,13.9
590,595,Stellenbosch FC,South African ABSA Premier League,0.42,1.9,13.79
591,587,Sekhukhune United,South African ABSA Premier League,0.32,1.69,13.64
592,592,Chippa United,South African ABSA Premier League,0.39,1.87,13.35
593,600,Perth Glory,Australian A-League,0.49,2.12,13.02
594,594,Tulsa Roughnecks,United Soccer League,0.66,2.46,12.98
595,593,Richards Bay,South African ABSA Premier League,0.31,1.72,12.98
596,590,Leyton Orient,English League Two,0.31,1.75,12.65
597,597,Accrington Stanley,English League One,0.49,2.17,12.49
598,599,Monterey Bay,United Soccer League,0.5,2.23,12.2
599,588,Golden Arrows,South African ABSA Premier League,0.47,2.16,12.13
600,602,TS Galaxy,South African ABSA Premier League,0.2,1.56,12.02
601,601,Tianjin Teda,Chinese Super League,0.5,2.26,11.8
602,604,Tranmere Rovers,English League Two,0.32,1.87,11.68
603,596,Lamia,Greek Super League,0.28,1.81,11.37
604,605,Shanghai Greenland,Chinese Super League,0.56,2.47,11.13
605,603,Royal AM,South African ABSA Premier League,0.4,2.13,10.96
606,609,AFC Wimbledon,English League Two,0.32,1.97,10.96
607,607,LA Galaxy II,United Soccer League,0.57,2.51,10.91
608,608,Bradford City,English League Two,0.31,1.95,10.85
609,610,Hebei China Fortune FC,Chinese Super League,0.5,2.43,10.52
610,613,Henan Jianye,Chinese Super League,0.46,2.36,10.34
611,606,Doncaster Rovers,English League Two,0.45,2.36,10.18
612,617,Colchester United,English League Two,0.35,2.12,10.11
613,614,Cambridge United,English League One,0.37,2.18,10.06
614,615,Charleston Battery,United Soccer League,0.58,2.65,10.05
615,611,Moroka Swallows,South African ABSA Premier League,0.24,1.88,10.05
616,616,Dalian Aerbin,Chinese Super League,0.51,2.51,9.96
617,612,Walsall,English League Two,0.26,1.95,9.83
618,618,Guangzhou RF,Chinese Super League,0.66,2.86,9.74
619,619,Indy Eleven,United Soccer League,0.43,2.38,9.67
620,621,Forest Green Rovers,English League One,0.37,2.26,9.52
621,620,Wuhan Zall,Chinese Super League,0.39,2.32,9.4
622,623,Helsingborgs IF,Swedish Allsvenskan,0.35,2.23,9.3
623,625,Sutton United,English League Two,0.3,2.12,9.27
624,626,Maritzburg Utd,South African ABSA Premier League,0.2,1.89,9.02
625,622,Tshakhuma Tsha Madzivhandila,South African ABSA Premier League,0.2,1.9,8.96
626,627,Las Vegas Lights FC,United Soccer League,0.34,2.28,8.73
627,635,Crawley Town,English League Two,0.42,2.49,8.7
628,629,GIF Sundsvall,Swedish Allsvenskan,0.52,2.81,8.15
629,630,Newport County,English League Two,0.22,2.07,8.02
630,632,Tianjin Quanujian,Chinese Super League,0.37,2.51,7.83
631,628,Harrogate Town,English League Two,0.39,2.57,7.76
632,633,Shenzhen FC,Chinese Super League,0.4,2.6,7.73
633,624,Barrow,English League Two,0.26,2.25,7.68
634,634,Chongqing Lifan,Chinese Super League,0.3,2.35,7.66
635,636,Crewe Alexandra,English League Two,0.2,2.09,7.57
636,631,Gillingham,English League Two,0.2,2.1,7.55
637,637,Grimsby Town,English League Two,0.25,2.34,6.92
638,638,Atlanta United 2,United Soccer League,0.48,3.01,6.47
639,639,Rochdale,English League Two,0.2,2.35,6.05
640,640,Loudoun United FC,United Soccer League,0.33,2.75,5.86
641,641,Guizhou Renhe,Chinese Super League,0.2,2.61,4.86
642,642,Hartlepool,English League Two,0.2,2.67,4.6
643,643,New York Red Bulls II,United Soccer League,0.2,2.82,4.03
