Pos,ID,Name,BV,SV,Team,30_xMins,30_Pts,31_xMins,31_Pts,32_xMins,32_Pts,33_xMins,33_Pts,34_xMins,34_Pts,35_xMins,35_Pts,36_xMins,36_Pts,37_xMins,37_Pts,38_xMins,38_Pts
D,1,Cédric,4.2,4.2,Fulham,11,0.43,13,0.48,16,0.67,18,0.60,18,0.95,17,0.71,17,0.65,18,0.81,17,0.43
G,2,Leno,4.5,4.5,Fulham,88,3.75,87,3.47,86,3.58,86,3.24,86,6.20,85,3.51,85,3.50,85,3.76,84,3.03
M,3,Xhaka,4.9,4.9,Arsenal,71,2.46,70,2.69,65,3.07,66,2.07,64,2.47,63,2.19,65,2.55,62,2.65,63,2.73
M,4,Elneny,4.1,4.1,Arsenal,0,0.00,0,0.00,0,0.00,0,0.00,0,0.00,0,0.00,0,0.00,0,0.00,1,0.06
D,5,Holding,4.2,4.2,Arsenal,52,1.56,29,1.27,18,0.95,19,0.51,19,0.78,20,0.72,20,0.82,22,1.08,21,1.08
M,6,Partey,4.7,4.7,Arsenal,76,2.45,72,2.58,69,3.00,69,2.04,68,2.43,67,2.20,70,2.52,68,2.69,66,2.67
M,7,Ødegaard,6.8,6.8,Arsenal,82,4.00,77,4.20,76,5.39,75,3.07,76,4.12,72,3.44,74,4.20,72,4.42,74,4.64
D,8,Tierney,4.6,4.6,Arsenal,15,0.58,20,1.00,21,1.29,21,0.69,23,1.15,22,0.91,25,1.22,25,1.41,25,1.44
M,9,Pépé,5.3,5.3,Arsenal,0,0.00,0,0.00,0,0.00,0,0.00,0,0.00,0,0.00,0,0.00,0,0.00,0,0.00
D,10,White,4.8,4.8,Arsenal,83,2.62,79,3.57,76,4.31,78,2.07,78,3.43,76,2.77,77,3.31,75,3.87,77,4.09
F,11,Nketiah,6.5,6.5,Arsenal,5,0.32,10,0.65,16,1.29,16,0.82,17,1.06,15,0.89,19,1.26,19,1.32,20,1.42
M,12,Smith Rowe,5.6,5.6,Arsenal,6,0.42,12,0.73,18,1.35,19,0.95,21,1.27,21,1.18,19,1.22,21,1.41,21,1.42
M,13,Saka,8.6,8.6,Arsenal,83,4.83,83,5.31,78,6.74,78,3.68,74,4.83,74,4.14,73,5.01,73,5.43,73,5.63
D,14,Tomiyasu,4.2,4.2,Arsenal,0,0.00,0,0.00,0,0.00,0,0.00,0,0.00,0,0.00,0,0.00,0,0.00,0,0.00
G,15,Ramsdale,4.9,4.9,Arsenal,89,3.42,87,3.88,86,4.30,86,3.19,87,3.82,87,3.60,86,3.72,87,4.12,85,4.18
D,16,Gabriel,5.2,5.2,Arsenal,85,2.92,83,3.96,81,4.95,78,2.17,78,3.65,78,2.98,75,3.51,76,4.20,75,4.37
D,17,Tavares,4.5,4.5,Arsenal,0,0.00,0,0.00,0,0.00,0,0.00,0,0.00,0,0.00,0,0.00,0,0.00,0,0.00
M,18,Sambi,4.3,4.3,Crystal Palace,65,1.97,60,1.90,60,1.95,57,1.74,57,1.83,53,1.55,52,1.77,48,1.53,49,1.69
M,19,Martinelli,6.6,6.6,Arsenal,73,3.75,66,3.81,60,4.52,62,2.77,60,3.53,60,3.09,60,3.70,62,4.06,59,4.02
D,20,Pablo Marí,4.5,4.5,Arsenal,0,0.00,0,0.00,0,0.00,0,0.00,0,0.00,0,0.00,0,0.00,0,0.00,0,0.00
M,21,Maitland-Niles,4.8,4.8,Southampton,17,0.60,20,0.76,0,0.00,23,0.88,21,0.69,22,0.80,20,0.77,19,0.64,21,0.74
M,22,Torreira,4.5,4.5,Arsenal,0,0.00,0,0.00,0,0.00,0,0.00,0,0.00,0,0.00,0,0.00,0,0.00,0,0.00
M,23,Nelson,4.7,4.7,Arsenal,7,0.45,7,0.45,9,0.70,7,0.37,8,0.52,9,0.53,10,0.68,9,0.66,10,0.70
G,24,Turner,3.8,3.8,Arsenal,1,0.06,3,0.12,3,0.17,4,0.13,3,0.15,3,0.11,4,0.17,3,0.14,4,0.22
M,25,Fábio Vieira,5.6,5.6,Arsenal,11,0.62,9,0.55,13,0.92,11,0.54,12,0.71,14,0.73,14,0.81,15,0.96,17,1.08
D,26,Saliba,5.1,5.1,Arsenal,34,1.00,63,2.60,76,3.96,78,1.89,79,3.21,78,2.60,77,3.07,77,3.67,76,3.79
M,27,Marquinhos,4.6,4.6,Arsenal,0,0.00,0,0.00,0,0.00,0,0.00,0,0.00,0,0.00,0,0.00,0,0.00,0,0.00
F,28,Jesus,8.0,8.0,Arsenal,63,3.46,63,3.73,65,5.00,71,3.22,69,4.04,70,3.61,67,4.14,68,4.48,67,4.48
M,29,Coutinho,6.6,6.6,Aston Villa,0,0.00,0,0.00,6,0.37,14,0.98,26,1.26,41,2.25,48,2.77,47,2.25,48,2.66
F,30,Ings,6.4,6.4,West Ham,65,3.18,62,2.70,58,3.08,57,2.81,52,4.68,48,2.37,44,2.22,45,2.69,46,2.46
G,31,Martínez,4.9,4.9,Aston Villa,88,4.10,88,3.59,87,3.44,88,3.89,87,3.18,87,3.63,86,3.44,85,3.06,85,3.39
D,32,Chambers,4.2,4.2,Aston Villa,48,2.32,43,1.42,39,1.24,32,1.40,28,0.63,21,0.75,21,0.71,19,0.44,19,0.62
D,33,Digne,4.6,4.6,Aston Villa,22,1.21,23,1.01,22,0.93,20,1.07,20,0.70,21,0.95,20,0.92,19,0.66,21,0.89
M,34,Traoré,4.9,4.9,Aston Villa,27,1.73,28,1.49,24,1.35,25,1.61,23,1.17,17,0.99,17,1.03,18,0.95,19,1.12
G,35,Olsen,3.9,3.9,Aston Villa,2,0.07,1,0.05,3,0.10,2,0.11,3,0.10,3,0.11,4,0.15,5,0.16,4,0.17
M,36,Sanson,4.3,4.3,Aston Villa,0,0.00,0,0.00,0,0.00,0,0.00,0,0.00,0,0.00,0,0.00,0,0.00,0,0.00
M,37,McGinn,5.1,5.1,Aston Villa,78,3.43,77,2.71,74,2.63,72,3.11,72,2.32,69,2.54,67,2.56,66,2.19,67,2.49
D,38,Hause,4.4,4.4,Aston Villa,0,0.00,0,0.00,0,0.00,0,0.00,0,0.00,0,0.00,0,0.00,0,0.00,0,0.00
D,39,Mings,4.4,4.4,Aston Villa,84,3.78,83,2.51,79,2.32,77,3.16,75,1.45,76,2.51,75,2.34,74,1.42,75,2.19
F,40,Watkins,7.5,7.4,Aston Villa,82,5.17,81,3.98,80,3.94,78,4.78,79,3.37,80,3.86,78,4.07,77,3.34,80,4.00
M,41,Nakamba,4.3,4.3,Aston Villa,0,0.00,0,0.00,0,0.00,0,0.00,0,0.00,0,0.00,0,0.00,0,0.00,0,0.00
M,42,Buendía,5.7,5.7,Aston Villa,71,4.53,69,3.44,67,3.34,67,4.11,63,2.72,62,3.14,60,3.22,61,2.72,61,3.16
D,43,Cash,4.6,4.6,Aston Villa,0,0.00,0,0.00,10,0.34,21,0.94,36,0.81,58,2.09,69,2.40,68,1.49,65,2.11
D,44,Konsa,4.4,4.4,Aston Villa,85,3.83,81,2.51,77,2.31,74,3.09,70,1.41,70,2.39,68,2.20,66,1.32,65,1.98
M,45,Bailey,4.4,4.4,Aston Villa,55,3.50,54,2.70,51,2.58,49,3.02,45,2.05,41,2.15,42,2.31,42,1.93,38,2.07
M,46,Douglas Luiz,4.8,4.8,Aston Villa,80,3.01,81,2.50,77,2.41,72,2.63,74,2.13,71,2.32,71,2.35,71,2.07,71,2.29
M,47,Ramsey,5.2,5.2,Aston Villa,62,3.19,61,2.53,58,2.44,56,2.86,50,1.96,49,2.15,46,2.13,47,1.88,46,2.06
M,48,Chukwuemeka,4.2,4.2,Chelsea,4,0.27,3,0.23,0,0.00,4,0.27,4,0.27,5,0.35,5,0.32,5,0.64,5,0.31
M,49,Iroegbunam,4.5,4.5,Aston Villa,0,0.00,0,0.00,0,0.00,0,0.00,0,0.00,0,0.00,0,0.00,0,0.00,0,0.00
D,50,Diego Carlos,4.7,4.7,Aston Villa,12,0.54,18,0.60,26,0.87,31,1.39,34,0.77,32,1.16,33,1.17,37,0.82,35,1.15
M,51,El Ghazi,4.8,4.8,Aston Villa,0,0.00,0,0.00,0,0.00,0,0.00,0,0.00,0,0.00,0,0.00,0,0.00,0,0.00
F,52,Davis,5.4,5.4,Aston Villa,0,0.00,0,0.00,0,0.00,0,0.00,0,0.00,0,0.00,0,0.00,0,0.00,0,0.00
M,53,Kamara,4.8,4.8,Aston Villa,0,0.00,10,0.33,36,1.07,50,1.61,62,1.66,71,2.05,73,2.09,74,1.89,72,2.03
F,54,Archer,4.2,4.2,Aston Villa,0,0.00,0,0.00,0,0.00,0,0.00,0,0.00,0,0.00,0,0.00,0,0.00,0,0.00
M,55,Philogene-Bidace,4.5,4.5,Aston Villa,0,0.00,0,0.00,0,0.00,0,0.00,0,0.00,0,0.00,0,0.00,0,0.00,0,0.00
D,56,Guilbert,3.9,3.9,Aston Villa,0,0.00,0,0.00,0,0.00,0,0.00,0,0.00,0,0.00,0,0.00,0,0.00,0,0.00
D,57,Smith,4.3,4.3,Bournemouth,83,2.15,81,1.58,76,2.56,67,2.17,68,2.34,74,1.92,74,2.26,73,1.59,73,2.18
M,58,Stanislas,4.8,4.8,Bournemouth,0,0.00,0,0.00,0,0.00,0,0.00,0,0.02,1,0.07,3,0.22,2,0.20,3,0.27
D,59,Fredericks,4.4,4.4,Bournemouth,0,0.00,0,0.00,0,0.00,0,0.00,0,0.00,0,0.00,0,0.00,0,0.00,0,0.00
M,60,Brooks,5.3,5.3,Bournemouth,2,0.16,2,0.19,4,0.34,5,0.37,7,0.50,6,0.40,6,0.42,7,0.44,8,0.48
M,61,Lowe,5.2,5.2,Bournemouth,0,0.00,0,0.00,0,0.00,0,0.00,0,0.00,0,0.00,0,0.00,0,0.00,0,0.00
F,62,Moore,5.0,5.0,Bournemouth,4,0.21,5,0.25,6,0.33,7,0.41,7,0.41,8,0.40,8,0.45,8,0.42,8,0.42
M,63,Marcondes,4.7,4.7,Bournemouth,0,0.00,0,0.00,0,0.00,0,0.00,0,0.00,0,0.00,0,0.00,0,0.00,0,0.00
M,64,Lerma,4.7,4.7,Bournemouth,83,2.40,79,2.14,77,2.38,76,2.33,74,2.38,75,2.13,74,2.19,74,2.06,75,2.13
D,65,Stacey,4.3,4.3,Bournemouth,6,0.19,6,0.16,10,0.37,20,0.72,17,0.65,13,0.41,13,0.48,14,0.41,13,0.44
F,66,Solanke,5.5,5.5,Bournemouth,83,4.04,78,3.33,79,4.05,79,3.98,77,4.33,75,3.29,76,3.52,77,3.45,75,3.40
M,67,Cook,4.9,4.9,Bournemouth,19,0.72,20,0.72,23,0.88,26,0.95,28,1.04,26,0.92,28,1.00,28,0.97,28,0.99
M,68,Pearson,4.4,4.4,Bournemouth,0,0.00,0,0.00,0,0.00,0,0.00,0,0.00,0,0.00,0,0.00,0,0.00,0,0.00
M,69,Christie,5.3,5.3,Bournemouth,29,1.36,28,1.26,30,1.46,31,1.50,31,1.62,28,1.29,31,1.44,31,1.38,31,1.40
M,70,Billing,5.2,5.2,Bournemouth,72,2.72,71,2.42,69,2.76,67,2.65,66,2.85,65,2.36,62,2.42,64,2.31,65,2.43
D,71,Mepham,4.3,4.3,Bournemouth,17,0.44,10,0.19,14,0.45,44,1.29,19,0.60,17,0.42,19,0.55,17,0.38,17,0.50
G,72,Travers,4.2,4.2,Bournemouth,2,0.06,3,0.09,2,0.09,4,0.15,4,0.15,5,0.20,5,0.19,5,0.16,4,0.14
D,73,Kelly,4.3,4.3,Bournemouth,82,2.07,79,1.49,78,2.51,78,2.37,72,2.32,73,1.79,70,2.06,72,1.48,73,2.10
M,74,Dembélé,4.7,4.7,Bournemouth,0,0.00,0,0.00,0,0.00,0,0.00,0,0.00,0,0.00,0,0.00,0,0.00,0,0.00
M,75,Anthony,5.2,5.2,Bournemouth,31,1.53,30,1.38,31,1.62,30,1.52,28,1.54,31,1.44,29,1.42,31,1.44,31,1.48
D,76,Zemura,4.3,4.3,Bournemouth,17,0.56,15,0.42,16,0.62,32,1.15,24,0.92,20,0.63,23,0.82,20,0.57,20,0.70
G,77,Dennis,3.9,3.9,Bournemouth,0,0.00,0,0.00,0,0.00,0,0.00,0,0.00,0,0.00,0,0.00,0,0.00,0,0.00
D,78,Jansson,4.2,4.2,Brentford,29,0.96,34,1.24,28,1.13,32,0.86,35,1.73,33,0.73,35,1.49,30,0.84,29,0.71
M,79,Nørgaard,5.3,5.3,Brentford,82,2.54,79,2.59,77,2.75,75,2.24,73,2.94,73,2.19,74,2.67,72,2.25,71,2.13
F,80,Toney,7.9,7.9,Brentford,77,3.77,41,2.00,29,1.67,21,0.88,15,0.98,8,0.36,6,0.34,7,0.32,8,0.35
G,81,Raya,4.9,4.9,Brentford,88,3.49,87,3.64,86,3.70,86,3.21,87,4.09,85,3.10,87,3.83,87,3.24,85,3.14
D,82,Canós,5.0,5.0,Brentford,0,0.00,0,0.00,0,0.00,0,0.00,0,0.00,0,0.00,0,0.00,0,0.00,0,0.00
M,83,Dasilva,4.1,4.1,Brentford,29,1.39,25,1.27,30,1.57,29,1.30,28,1.64,31,1.36,29,1.53,28,1.29,25,1.16
D,84,Ajer,4.5,4.5,Brentford,0,0.00,0,0.00,0,0.00,0,0.00,0,0.00,7,0.17,16,0.69,34,0.99,38,0.97
D,85,Henry,4.6,4.6,Brentford,82,2.53,82,2.87,79,3.01,78,1.96,76,3.61,74,1.58,76,3.08,72,1.90,72,1.66
M,86,Janelt,5.5,5.5,Brentford,39,1.47,50,1.91,51,2.06,50,1.75,52,2.29,51,1.75,51,2.04,50,1.78,49,1.68
M,87,Ghoddos,4.8,4.8,Brentford,5,0.32,7,0.40,9,0.55,9,0.45,12,0.76,13,0.64,11,0.63,10,0.51,8,0.40
M,88,Jensen,4.8,4.8,Brentford,67,2.60,69,2.73,66,2.86,65,2.34,67,3.29,66,2.38,64,2.86,63,2.38,63,2.28
M,89,Wissa,5.3,5.3,Brentford,40,2.09,51,2.77,54,3.31,53,2.46,54,3.71,57,2.67,58,3.50,55,2.73,52,2.46
D,90,Roerslev,4.3,4.3,Brentford,18,0.64,21,0.81,24,1.00,28,0.84,25,1.25,25,0.66,18,0.79,15,0.47,13,0.38
D,91,Bech,4.5,4.5,Brentford,0,0.00,0,0.00,0,0.00,0,0.00,0,0.00,0,0.00,0,0.00,0,0.00,0,0.00
D,92,Pinnock,4.4,4.4,Brentford,85,2.68,81,2.92,81,3.18,77,1.97,76,3.76,74,1.60,72,3.05,75,2.01,76,1.78
M,93,Onyeka,4.8,4.8,Brentford,3,0.15,11,0.52,21,1.02,28,1.15,31,1.55,30,1.20,29,1.35,31,1.27,30,1.19
M,94,Baptiste,4.5,4.5,Brentford,16,0.75,15,0.68,13,0.66,17,0.75,16,0.86,18,0.81,17,0.82,18,0.81,18,0.81
F,95,Mbeumo,5.9,5.9,Brentford,73,3.19,74,3.39,71,3.81,73,2.99,73,4.35,75,3.20,76,4.05,74,3.26,71,2.97
D,96,Goode,3.9,3.9,Brentford,0,0.00,0,0.00,0,0.00,0,0.00,0,0.00,0,0.00,0,0.00,0,0.00,0,0.00
F,97,Forss,4.5,4.5,Brentford,0,0.00,0,0.00,0,0.00,0,0.00,0,0.00,0,0.00,0,0.00,0,0.00,0,0.00
D,98,Thompson,4.0,4.0,Brentford,0,0.00,0,0.00,0,0.00,0,0.00,0,0.00,0,0.00,0,0.00,0,0.00,0,0.00
M,99,Bidstrup,4.5,4.5,Brentford,0,0.00,0,0.00,0,0.00,0,0.00,0,0.00,0,0.00,0,0.00,0,0.00,0,0.00
G,100,Balcombe,4.0,4.0,Brentford,0,0.00,0,0.00,0,0.00,0,0.00,0,0.00,0,0.00,0,0.00,0,0.00,0,0.00
M,101,Lallana,4.8,4.8,Brighton,0,0.00,0,0.00,0,0.00,0,0.00,0,0.00,0,0.00,8,0.69,19,1.72,21,1.03
G,102,Steele,3.9,3.9,Brighton,88,3.45,87,3.44,0,0.00,85,3.86,84,7.34,83,4.12,83,6.09,82,7.06,82,3.36
F,103,Welbeck,6.5,6.5,Brighton,40,2.14,39,1.99,0,0.00,36,2.22,37,4.42,37,2.38,38,3.57,37,4.41,37,2.04
M,104,Groß,5.4,5.4,Brighton,76,3.06,77,2.99,0,0.00,74,3.57,74,6.85,73,3.81,72,5.15,70,6.49,72,3.08
D,105,Duffy,4.3,4.3,Fulham,1,0.06,1,0.06,3,0.12,5,0.16,4,0.25,4,0.16,5,0.19,5,0.22,5,0.14
D,106,Dunk,4.7,4.7,Brighton,86,2.93,85,2.83,0,0.00,83,4.01,81,6.94,82,4.39,80,4.21,81,6.79,81,3.04
M,107,March,5.2,5.2,Brighton,81,3.71,81,3.48,0,0.00,76,4.09,76,7.87,74,4.29,74,5.75,74,7.53,74,3.46
D,108,Webster,4.5,4.5,Brighton,22,0.75,76,2.51,0,0.00,23,1.09,24,2.10,26,1.39,29,1.60,27,2.31,26,1.03
D,109,Veltman,4.6,4.6,Brighton,66,2.14,69,2.24,0,0.00,61,2.80,56,4.65,59,3.04,55,2.88,53,4.33,54,1.97
F,110,Maupay,5.7,5.7,Everton,35,1.67,27,1.70,23,1.24,18,0.93,19,1.03,19,0.94,18,0.91,18,0.95,16,1.02
M,111,Trossard,6.7,6.7,Arsenal,38,2.43,39,2.61,37,3.16,33,1.79,38,2.52,37,2.19,36,2.52,35,2.64,35,2.74
D,112,Cucurella,5.0,5.0,Chelsea,49,2.31,44,1.79,0,0.00,36,1.81,32,0.98,35,1.75,33,1.89,37,2.26,36,1.60
G,113,Sánchez,4.5,4.5,Brighton,2,0.09,3,0.12,0,0.00,5,0.22,6,0.48,7,0.35,7,0.52,8,0.71,9,0.35
D,114,Lamptey,4.2,4.2,Brighton,0,0.00,2,0.08,0,0.00,19,0.97,27,2.47,29,1.60,29,1.95,29,2.64,29,1.25
M,115,Alzate,4.4,4.4,Brighton,0,0.00,0,0.00,0,0.00,0,0.00,0,0.00,0,0.00,0,0.00,0,0.00,0,0.00
M,116,Mac Allister,5.5,5.4,Brighton,83,4.07,79,3.63,0,0.00,75,4.43,74,8.29,74,4.65,75,6.17,75,8.40,73,3.74
M,117,Moder,4.4,4.4,Brighton,0,0.00,1,0.04,0,0.00,4,0.21,6,0.63,8,0.46,5,0.50,5,0.60,5,0.26
M,118,Mwepu,5.3,5.3,Brighton,0,0.00,0,0.00,0,0.00,0,0.00,0,0.00,0,0.00,0,0.00,0,0.00,0,0.00
M,119,Sarmiento,4.5,4.5,Brighton,0,0.00,0,0.00,0,0.00,0,0.00,0,0.00,0,0.02,6,0.61,11,1.31,14,0.80
M,120,Caicedo,5.0,5.0,Brighton,80,2.30,77,2.19,0,0.00,69,2.28,65,4.17,59,2.11,75,3.93,74,4.66,72,2.15
M,121,Richards,4.5,4.5,Brighton,0,0.00,0,0.00,0,0.00,0,0.00,0,0.00,0,0.00,0,0.00,0,0.00,0,0.00
D,122,Roberts,4.0,4.0,Brighton,0,0.00,0,0.00,0,0.00,0,0.00,0,0.00,0,0.00,0,0.00,0,0.00,0,0.00
F,123,Undav,5.0,5.0,Brighton,11,0.70,14,0.81,0,0.00,17,1.17,18,2.29,18,1.30,15,1.69,14,1.95,14,0.91
M,124,Mitoma,5.6,5.5,Brighton,82,3.81,77,3.38,0,0.00,76,4.21,77,8.09,76,4.50,75,5.93,76,7.96,74,3.61
F,125,Enciso,4.6,4.6,Brighton,16,0.79,21,0.97,0,0.00,22,1.10,23,2.27,24,1.24,21,1.80,17,1.81,19,0.91
M,126,Kozłowski,4.5,4.5,Brighton,0,0.00,0,0.00,0,0.00,0,0.00,0,0.00,0,0.00,0,0.00,0,0.00,0,0.00
D,127,Azpilicueta,4.7,4.7,Chelsea,0,0.00,3,0.11,0,0.00,14,0.69,14,0.44,18,0.88,18,1.01,18,1.15,18,0.77
D,128,Thiago Silva,5.4,5.4,Chelsea,0,0.00,8,0.31,0,0.00,49,2.28,53,1.31,64,2.88,67,3.64,64,3.26,61,2.47
D,129,Alonso,5.3,5.3,Chelsea,0,0.00,0,0.00,0,0.00,0,0.00,0,0.00,0,0.00,0,0.00,0,0.00,0,0.00
M,130,Jorginho,5.7,5.7,Arsenal,25,0.97,32,1.25,34,1.54,33,1.13,33,1.30,36,1.30,33,1.31,33,1.42,34,1.47
M,131,Barkley,4.9,4.9,Chelsea,0,0.00,0,0.00,0,0.00,0,0.00,0,0.00,0,0.00,0,0.00,0,0.00,0,0.00
M,132,Kovacic,4.9,4.9,Chelsea,64,2.25,57,1.94,0,0.00,58,2.15,57,1.74,52,1.97,58,2.35,54,3.35,55,1.89
G,133,Arrizabalaga,4.7,4.7,Chelsea,77,3.46,78,3.28,0,0.00,77,3.56,80,3.02,76,3.49,76,3.80,75,5.67,76,3.33
M,134,Kanté,4.8,4.8,Chelsea,17,0.76,24,0.99,0,0.00,31,1.30,30,1.08,32,1.33,30,1.34,33,2.34,30,1.17
M,135,Ziyech,5.5,5.5,Chelsea,9,0.58,10,0.65,0,0.00,8,0.61,9,0.51,9,0.64,10,0.73,10,1.10,9,0.58
M,136,Loftus-Cheek,5.0,5.0,Chelsea,32,1.41,28,1.25,0,0.00,22,1.11,24,1.03,24,1.16,21,1.15,23,1.95,24,1.11
F,137,Werner,7.9,7.9,Chelsea,0,0.00,0,0.00,0,0.00,0,0.00,0,0.00,0,0.00,0,0.00,0,0.00,0,0.00
D,138,Kenedy,3.9,3.9,Chelsea,0,0.00,0,0.00,0,0.00,0,0.00,0,0.00,0,0.00,0,0.00,0,0.00,0,0.00
D,139,Chilwell,6.0,5.9,Chelsea,71,3.76,69,3.14,0,0.00,70,4.03,68,2.09,65,3.69,66,4.43,64,4.06,64,3.13
M,140,Pulisic,5.6,5.6,Chelsea,19,1.12,24,1.33,0,0.00,20,1.25,20,1.02,22,1.35,22,1.45,22,2.17,20,1.15
D,141,Chalobah,4.4,4.4,Chelsea,17,0.74,13,0.48,0,0.00,6,0.27,5,0.16,5,0.22,5,0.27,5,0.30,6,0.24
M,142,Mount,7.2,7.2,Chelsea,48,2.73,47,2.55,0,0.00,48,2.99,46,2.05,45,2.75,46,3.14,45,4.09,49,2.69
D,143,Sarr,5.0,5.0,Chelsea,0,0.00,0,0.00,0,0.00,0,0.00,0,0.00,0,0.00,0,0.00,0,0.00,0,0.00
M,144,Hudson-Odoi,5.3,5.3,Chelsea,0,0.00,0,0.00,0,0.00,0,0.00,0,0.00,0,0.00,0,0.00,0,0.00,0,0.00
F,145,Havertz,7.6,7.6,Chelsea,72,4.04,69,3.76,0,0.00,72,4.48,70,3.05,70,4.25,70,4.88,70,6.18,70,3.74
D,146,James,5.8,5.8,Chelsea,62,3.37,62,2.97,0,0.00,63,3.78,65,2.06,61,3.63,60,4.27,58,3.91,58,3.01
G,147,Mendy,4.8,4.8,Chelsea,13,0.58,12,0.47,0,0.00,13,0.58,9,0.34,13,0.59,14,0.70,15,1.08,14,0.57
M,148,Gallagher,5.6,5.6,Chelsea,5,0.28,8,0.39,0,0.00,5,0.30,6,0.25,6,0.33,9,0.52,7,0.67,8,0.41
M,149,Gilmour,4.2,4.2,Brighton,16,0.68,20,0.82,0,0.00,19,0.86,22,1.91,21,0.97,16,1.31,16,1.46,16,0.71
F,150,Broja,5.2,5.2,Chelsea,0,0.00,0,0.00,0,0.00,0,0.00,0,0.00,0,0.00,0,0.00,0,0.00,0,0.00
D,151,Ampadu,4.4,4.4,Chelsea,0,0.00,0,0.00,0,0.00,0,0.00,0,0.00,0,0.00,0,0.00,0,0.00,0,0.00
G,152,Guaita,4.4,4.4,Crystal Palace,0,0.00,11,0.47,41,1.85,57,2.28,69,2.96,87,3.15,85,3.79,86,3.42,85,3.88
D,153,Tomkins,3.9,3.9,Crystal Palace,6,0.18,10,0.34,11,0.40,8,0.23,6,0.20,4,0.10,5,0.17,5,0.14,5,0.17
M,154,McArthur,4.8,4.8,Crystal Palace,4,0.17,7,0.35,8,0.37,11,0.47,9,0.43,8,0.34,7,0.37,6,0.30,7,0.37
F,155,Benteke,5.5,5.5,Crystal Palace,0,0.00,0,0.00,0,0.00,0,0.00,0,0.00,0,0.00,0,0.00,0,0.00,0,0.00
D,156,Ward,4.4,4.4,Crystal Palace,68,2.02,65,2.14,68,2.68,66,2.06,65,2.32,61,1.36,60,2.40,62,1.91,58,2.45
D,157,Clyne,4.5,4.5,Crystal Palace,36,1.22,40,1.47,37,1.61,39,1.38,38,1.51,38,1.02,41,1.80,40,1.40,40,1.82
M,158,Milivojevic,4.2,4.2,Crystal Palace,11,0.54,14,0.66,16,0.80,19,0.88,17,0.83,17,0.75,15,0.72,14,0.63,15,0.73
M,159,J.Ayew,5.2,5.2,Crystal Palace,58,2.53,59,2.68,59,2.77,61,2.52,58,2.67,55,2.15,50,2.60,50,2.17,51,2.61
M,160,Zaha,7.2,7.2,Crystal Palace,0,0.00,0,0.00,0,0.00,0,0.00,10,0.56,38,1.66,61,3.68,77,3.71,78,4.63
M,161,Schlupp,4.7,4.7,Crystal Palace,73,2.93,66,2.84,69,3.07,67,2.63,62,2.70,58,2.12,56,2.56,56,2.18,54,2.48
G,162,Butland,4.4,4.4,Man Utd,1,0.05,1,0.06,0,0.00,2,0.09,4,0.37,4,0.18,4,0.18,4,0.32,4,0.17
M,163,Hughes,4.8,4.8,Crystal Palace,13,0.58,16,0.74,17,0.82,21,0.91,20,0.92,17,0.76,16,0.79,15,0.69,17,0.82
M,164,Riedewald,4.2,4.2,Crystal Palace,1,0.04,2,0.10,4,0.16,3,0.13,4,0.18,4,0.14,3,0.11,3,0.12,2,0.10
D,165,Andersen,4.5,4.5,Crystal Palace,87,2.66,81,2.83,82,3.39,80,2.59,80,3.00,76,1.79,76,3.26,76,2.47,76,3.46
F,166,Edouard,5.0,5.0,Crystal Palace,54,2.66,56,2.81,55,2.82,56,2.53,55,2.76,50,2.14,49,2.70,48,2.23,47,2.56
D,167,Guéhi,4.4,4.4,Crystal Palace,86,2.54,84,2.77,77,3.09,76,2.37,77,2.78,78,1.75,76,3.10,76,2.35,76,3.30
F,168,Mateta,5.1,5.1,Crystal Palace,29,1.70,32,1.90,35,2.07,36,1.89,36,2.04,32,1.57,31,1.96,28,1.53,28,1.77
M,169,Eze,5.4,5.4,Crystal Palace,67,3.19,65,3.29,64,3.38,63,2.84,61,3.13,56,2.37,56,3.12,56,2.53,52,2.82
D,170,Mitchell,4.4,4.4,Crystal Palace,75,2.42,73,2.63,70,3.04,70,2.38,68,2.68,66,1.68,61,2.67,63,2.15,62,2.87
M,171,Olise,5.4,5.4,Crystal Palace,74,3.28,73,3.42,68,3.37,66,2.86,67,3.21,66,2.63,61,3.23,60,2.68,61,3.28
M,172,Rak-Sakyi,4.5,4.5,Crystal Palace,0,0.00,0,0.00,0,0.00,0,0.00,0,0.00,0,0.00,0,0.00,0,0.00,0,0.00
M,173,Ebiowei,4.2,4.2,Crystal Palace,0,0.00,0,0.00,0,0.00,0,0.00,0,0.00,0,0.00,0,0.00,0,0.00,0,0.00
D,174,Ferguson,3.9,3.9,Crystal Palace,0,0.00,0,0.00,1,0.04,3,0.10,5,0.18,9,0.23,12,0.48,10,0.33,13,0.58
G,175,Johnstone,4.4,4.4,Crystal Palace,88,3.44,76,3.09,47,2.08,32,1.27,20,0.87,3,0.13,4,0.18,4,0.17,5,0.21
G,176,Begović,3.9,3.9,Everton,1,0.04,1,0.06,2,0.09,3,0.12,2,0.07,3,0.13,4,0.14,3,0.12,2,0.11
F,177,Rondón,4.9,4.9,Everton,0,0.00,0,0.00,0,0.00,0,0.00,0,0.00,0,0.00,0,0.00,0,0.00,0,0.00
D,178,Coleman,4.3,4.3,Everton,71,1.83,65,3.05,61,2.49,57,2.05,58,2.06,59,1.62,60,1.55,58,2.24,57,2.79
M,179,Townsend,5.4,5.4,Everton,0,0.00,0,0.00,0,0.00,0,0.00,0,0.00,2,0.10,6,0.28,7,0.39,9,0.56
D,180,Keane,4.2,4.2,Everton,82,2.00,81,3.72,78,3.03,76,2.55,75,2.51,71,1.80,69,1.67,73,2.68,70,3.37
M,181,Dele,5.3,5.3,Everton,0,0.00,0,0.00,0,0.00,0,0.00,0,0.00,0,0.00,0,0.00,0,0.00,0,0.00
G,182,Pickford,4.4,4.4,Everton,89,3.22,89,3.91,88,3.67,87,3.43,88,3.42,86,3.15,86,3.11,87,3.53,87,3.94
M,183,Allan,4.8,4.8,Everton,0,0.00,0,0.00,0,0.00,0,0.00,0,0.00,0,0.00,0,0.00,0,0.00,0,0.00
M,184,André Gomes,4.5,4.5,Everton,0,0.00,0,0.00,0,0.00,0,0.00,0,0.00,0,0.00,0,0.00,0,0.00,0,0.00
M,185,A.Doucouré,5.3,5.3,Everton,0,0.00,0,0.00,0,0.00,72,2.54,70,2.60,69,2.27,71,2.25,70,2.50,71,3.11
M,186,Iwobi,5.1,5.1,Everton,84,2.87,80,3.46,76,2.87,73,2.68,71,2.72,72,2.42,72,2.38,70,2.61,69,3.12
M,187,Gbamin,4.5,4.5,Everton,0,0.00,0,0.00,0,0.00,0,0.00,0,0.00,0,0.00,0,0.00,0,0.00,0,0.00
D,188,Mina,4.3,4.3,Everton,2,0.07,3,0.14,5,0.18,6,0.20,6,0.20,6,0.20,7,0.21,19,0.74,9,0.42
M,189,Gray,5.2,5.2,Everton,63,2.78,56,3.24,57,2.65,47,2.14,46,2.26,45,1.89,44,1.80,45,2.07,44,2.57
M,190,Davies,4.9,4.9,Everton,37,1.38,33,1.44,31,1.27,14,0.63,17,0.75,16,0.69,17,0.72,18,0.78,16,0.79
F,191,Calvert-Lewin,7.9,7.9,Everton,9,0.49,42,2.50,65,3.19,69,3.20,68,3.44,70,2.95,66,2.72,67,3.12,69,4.14
D,192,Holgate,4.2,4.2,Everton,6,0.18,7,0.30,9,0.31,6,0.20,6,0.20,8,0.20,8,0.20,14,0.46,8,0.34
D,193,Godfrey,4.3,4.3,Everton,79,1.80,74,3.17,71,2.63,68,2.14,67,2.09,68,1.61,66,1.47,66,2.27,68,3.07
D,194,Mykolenko,4.1,4.1,Everton,17,0.44,19,0.84,18,0.68,21,0.72,22,0.77,19,0.52,23,0.63,22,0.83,19,0.90
M,195,Gordon,5.1,5.1,Newcastle,28,1.52,38,1.87,45,2.35,44,2.17,42,2.52,38,1.89,31,3.21,31,1.97,28,1.34
D,196,Branthwaite,4.0,4.0,Everton,0,0.00,0,0.00,0,0.00,0,0.00,0,0.00,0,0.00,0,0.00,0,0.00,0,0.00
D,197,Patterson,3.9,3.9,Everton,11,0.33,18,0.78,23,0.90,27,0.92,26,0.90,25,0.69,23,0.63,25,0.91,27,1.25
D,198,Nkounkou,4.0,4.0,Everton,0,0.00,0,0.00,0,0.00,0,0.00,0,0.00,0,0.00,0,0.00,0,0.00,0,0.00
D,199,Tarkowski,4.2,4.2,Everton,85,1.85,84,3.57,82,2.96,81,2.47,80,2.44,77,1.74,78,1.65,78,2.61,77,3.44
M,200,Cairney,4.7,4.7,Fulham,11,0.57,13,0.64,20,1.04,21,0.99,22,1.95,19,1.00,21,1.01,21,1.06,20,0.87
D,201,Ream,4.6,4.6,Fulham,88,3.02,85,2.55,83,2.79,81,1.99,81,2.76,82,2.67,80,2.51,80,3.06,81,1.34
M,202,Knockaert,4.7,4.7,Fulham,0,0.00,0,0.00,0,0.00,0,0.00,0,0.00,0,0.00,0,0.00,0,0.00,0,0.00
M,203,Chalobah,4.4,4.4,Fulham,0,0.00,0,0.00,0,0.00,0,0.00,0,0.00,0,0.00,0,0.00,0,0.00,0,0.00
M,204,Kebano,5.4,5.4,Fulham,0,0.00,0,0.00,0,0.00,0,0.00,0,0.00,0,0.00,0,0.00,0,0.00,0,0.00
M,205,De Cordova-Reid,5.4,5.4,Fulham,55,2.45,55,2.29,56,2.68,55,2.23,54,4.02,52,2.54,48,2.10,49,2.27,49,1.80
D,206,Bryan,4.4,4.4,Fulham,0,0.00,0,0.00,0,0.00,0,0.00,0,0.00,0,0.00,0,0.00,0,0.00,0,0.00
G,207,Gazzaniga,4.0,4.0,Fulham,0,0.00,0,0.00,0,0.00,0,0.00,0,0.00,0,0.00,0,0.00,0,0.00,0,0.00
D,208,Kongolo,3.9,3.9,Fulham,0,0.00,0,0.00,0,0.00,0,0.00,0,0.00,0,0.00,0,0.00,0,0.00,0,0.00
D,209,Tosin,4.4,4.4,Fulham,6,0.20,10,0.34,14,0.50,16,0.43,18,0.70,17,0.62,19,0.64,19,0.77,18,0.34
F,210,Mitrović,6.6,6.6,Fulham,0,0.00,0,0.00,0,0.00,0,0.00,0,0.00,0,0.00,73,3.85,77,4.22,75,2.99
M,211,Reed,4.3,4.3,Fulham,71,2.31,68,2.12,62,2.12,64,1.96,64,3.69,63,2.12,63,2.06,63,2.14,61,1.74
M,212,Wilson,5.7,5.7,Fulham,20,1.22,24,1.29,27,1.69,28,1.45,27,2.62,28,1.77,24,1.38,23,1.39,23,1.11
G,213,Rodák,4.3,4.3,Fulham,2,0.07,3,0.11,4,0.17,4,0.15,4,0.28,5,0.20,5,0.19,5,0.23,6,0.22
M,214,Cavaleiro,4.8,4.8,Fulham,0,0.00,0,0.00,0,0.00,0,0.00,0,0.00,0,0.00,0,0.00,0,0.00,0,0.00
D,215,Tete,4.4,4.4,Fulham,83,3.08,80,2.59,76,2.85,73,2.00,74,2.74,71,2.64,71,2.49,71,3.00,71,1.27
M,216,Onomah,4.3,4.3,Fulham,0,0.00,0,0.00,0,0.00,0,0.00,0,0.00,0,0.00,0,0.00,0,0.00,0,0.00
D,217,Robinson,4.4,4.4,Fulham,85,3.01,84,2.57,82,2.90,80,2.03,77,2.72,77,2.67,75,2.51,75,3.03,74,1.29
F,218,Muniz,5.4,5.4,Fulham,0,0.00,0,0.00,0,0.00,0,0.00,0,0.00,0,0.00,0,0.00,0,0.00,0,0.00
F,219,Stansfield,4.5,4.5,Fulham,0,0.00,0,0.00,0,0.00,0,0.00,0,0.00,0,0.00,0,0.00,0,0.00,0,0.00
M,220,Palhinha,4.9,4.9,Fulham,87,2.80,83,2.53,79,2.74,76,2.28,77,4.19,78,2.70,76,2.46,76,2.58,73,1.96
D,221,Cooper,4.4,4.4,Leeds,23,0.92,20,0.48,10,0.31,10,0.36,12,0.39,12,0.21,11,0.30,12,0.36,11,0.32
D,222,Ayling,4.5,4.5,Leeds,78,3.42,80,2.05,79,2.60,74,2.84,73,2.62,73,1.17,76,2.25,73,2.23,73,2.27
M,223,Klich,4.6,4.6,Leeds,0,0.00,0,0.00,0,0.00,0,0.00,0,0.00,0,0.00,0,0.00,0,0.00,0,0.00
M,224,Forshaw,4.4,4.4,Leeds,0,0.00,0,0.00,2,0.12,5,0.23,11,0.47,18,0.70,20,0.83,18,0.75,20,0.83
M,225,Rodrigo,6.3,6.3,Leeds,48,2.97,49,2.56,47,2.58,46,2.95,47,2.74,45,1.86,44,2.29,47,2.37,44,2.47
D,226,Dallas,4.9,4.9,Leeds,0,0.00,0,0.00,0,0.00,0,0.00,2,0.08,7,0.15,11,0.36,12,0.41,15,0.53
F,227,Bamford,7.1,7.1,Leeds,63,3.59,62,3.16,62,3.25,59,3.61,59,3.26,57,2.27,56,2.77,57,2.80,57,3.06
D,228,Llorente,4.4,4.4,Leeds,0,0.00,0,0.00,0,0.00,0,0.00,0,0.00,0,0.00,0,0.00,0,0.00,0,0.00
M,229,Roberts,5.0,5.0,Leeds,0,0.00,0,0.00,0,0.00,0,0.00,0,0.00,0,0.00,0,0.00,0,0.00,0,0.00
D,230,Koch,4.5,4.5,Leeds,85,3.34,82,1.87,79,2.37,77,2.67,77,2.47,75,1.19,74,2.05,72,2.05,73,2.09
M,231,James,5.9,5.9,Fulham,10,0.57,15,0.77,18,1.06,17,0.88,19,1.80,18,1.09,12,0.63,12,0.70,13,0.63
M,232,Raphinha,7.0,7.0,Leeds,0,0.00,0,0.00,0,0.00,0,0.00,0,0.00,0,0.00,0,0.00,0,0.00,0,0.00
M,233,Harrison,5.7,5.7,Leeds,69,3.26,67,2.75,66,2.83,63,3.10,64,2.86,63,2.15,65,2.63,62,2.53,64,2.76
M,234,Shackleton,4.5,4.5,Leeds,0,0.00,0,0.00,0,0.00,0,0.00,0,0.00,0,0.00,0,0.00,0,0.00,0,0.00
D,235,Struijk,4.5,4.5,Leeds,72,3.15,56,1.48,36,1.27,39,1.54,38,1.43,39,0.78,38,1.24,38,1.25,36,1.20
G,236,Klaesson,3.8,3.8,Leeds,0,0.00,0,0.01,0,0.00,0,0.01,0,0.01,0,0.01,0,0.01,1,0.02,1,0.03
F,237,Greenwood,4.0,4.0,Leeds,15,0.71,15,0.67,15,0.68,17,0.80,16,0.73,15,0.62,16,0.68,17,0.72,16,0.72
G,238,Meslier,4.5,4.5,Leeds,88,3.85,89,3.21,88,3.42,87,3.54,87,3.46,86,3.05,86,3.24,84,3.22,86,3.23
D,239,Firpo,4.5,4.5,Leeds,82,3.39,77,1.88,68,2.17,64,2.38,65,2.24,62,1.04,61,1.76,60,1.79,61,1.87
M,240,Summerville,4.2,4.2,Leeds,33,1.81,27,1.36,26,1.39,29,1.67,26,1.39,29,1.20,29,1.41,29,1.37,27,1.39
M,241,Bate,4.5,4.5,Leeds,0,0.00,0,0.00,0,0.00,0,0.00,0,0.00,0,0.00,0,0.00,0,0.00,0,0.00
F,242,Gelhardt,5.1,5.1,Leeds,0,0.00,0,0.00,0,0.00,0,0.00,0,0.00,0,0.00,0,0.00,0,0.00,0,0.00
D,243,Hjelde,3.9,3.9,Leeds,0,0.00,0,0.00,0,0.00,0,0.00,0,0.00,0,0.00,0,0.00,0,0.00,0,0.00
D,244,Kristensen,4.7,4.7,Leeds,18,0.81,17,0.51,16,0.55,21,0.85,20,0.78,21,0.44,20,0.68,21,0.72,21,0.74
M,245,Roca,4.8,4.8,Leeds,76,2.75,74,2.38,72,2.40,72,2.60,68,2.39,68,1.91,65,2.16,67,2.19,67,2.27
M,246,Aaronson,5.3,5.3,Leeds,49,2.31,50,2.06,44,1.92,48,2.28,46,2.07,46,1.61,46,1.90,44,1.84,44,1.94
M,247,Gyabi,4.2,4.2,Leeds,0,0.02,0,0.01,0,0.02,0,0.02,0,0.01,0,0.01,0,0.01,0,0.02,0,0.02
G,248,Schmeichel,5.0,5.0,Leicester,0,0.00,0,0.00,0,0.00,0,0.00,0,0.00,0,0.00,0,0.00,0,0.00,0,0.00
D,249,Evans,4.4,4.4,Leicester,13,0.50,23,0.43,34,1.28,45,1.23,47,1.79,45,1.33,46,1.04,49,0.97,51,1.75
D,250,Bertrand,3.9,3.9,Leicester,0,0.01,1,0.01,1,0.06,1,0.05,2,0.07,2,0.06,3,0.08,2,0.06,2,0.08
M,251,Albrighton,4.7,4.7,Leicester,0,0.00,0,0.00,0,0.00,0,0.00,0,0.00,0,0.00,0,0.00,0,0.00,0,0.00
M,252,Mendy,4.3,4.3,Leicester,48,1.67,34,1.10,35,1.26,32,1.13,31,1.15,32,1.11,29,1.03,31,1.05,34,1.21
D,253,Vestergaard,3.8,3.8,Leicester,0,0.02,0,0.00,0,0.01,0,0.01,0,0.02,0,0.00,0,0.01,1,0.02,0,0.01
G,254,Ward,4.0,4.0,Leicester,13,0.54,12,0.44,13,0.55,13,0.49,14,0.60,16,0.61,12,0.45,18,0.65,19,0.77
F,255,Vardy,9.1,9.1,Leicester,24,1.68,44,1.86,42,2.51,42,2.36,40,2.44,39,2.22,42,2.26,41,1.87,39,2.32
D,256,Ricardo,4.3,4.3,Leicester,51,2.40,47,0.84,47,2.04,48,1.54,47,2.07,46,1.58,45,1.25,48,1.14,48,1.94
D,257,Amartey,4.0,4.0,Leicester,18,0.70,10,0.22,14,0.52,14,0.40,14,0.56,15,0.49,18,0.45,19,0.43,18,0.64
D,258,Castagne,4.4,4.4,Leicester,68,2.95,73,1.17,67,2.75,69,2.11,69,2.90,68,2.19,68,1.70,65,1.44,65,2.49
M,259,Tielemans,6.1,6.1,Leicester,0,0.00,1,0.04,6,0.29,23,0.96,42,1.81,56,2.12,53,1.95,56,1.82,51,2.06
M,260,Pérez,4.7,4.7,Leicester,0,0.00,0,0.00,0,0.00,0,0.00,0,0.00,0,0.00,0,0.00,0,0.00,0,0.00
M,261,Maddison,8.3,8.2,Leicester,84,5.33,81,2.89,79,4.38,75,3.73,75,4.14,77,3.87,79,3.75,78,3.07,74,4.01
F,262,Iheanacho,6.1,6.1,Leicester,42,2.82,29,1.36,31,2.03,33,1.92,32,2.04,31,1.86,28,1.66,32,1.57,31,1.91
M,263,Choudhury,4.5,4.5,Leicester,0,0.00,0,0.00,0,0.00,0,0.00,0,0.00,0,0.00,0,0.00,0,0.00,0,0.00
M,264,Barnes,6.7,6.7,Leicester,77,4.30,74,2.60,71,3.66,71,3.34,68,3.54,68,3.32,68,3.11,66,2.63,66,3.40
M,265,Ndidi,4.8,4.8,Leicester,67,2.19,59,1.53,58,1.84,58,1.73,53,1.74,50,1.55,52,1.52,51,1.43,49,1.58
M,266,Dewsbury-Hall,4.9,4.9,Leicester,0,0.00,77,2.15,75,2.78,71,2.48,70,2.70,65,2.35,66,2.27,65,2.06,66,2.52
D,267,Söyüncü,4.2,4.2,Leicester,2,0.10,2,0.06,2,0.11,2,0.06,3,0.13,3,0.11,2,0.06,3,0.10,3,0.14
D,268,Justin,4.2,4.2,Leicester,0,0.00,0,0.00,0,0.00,0,0.00,0,0.00,0,0.00,0,0.00,0,0.00,0,0.00
M,269,Soumaré,4.4,4.4,Leicester,36,1.42,16,0.66,16,0.69,15,0.63,13,0.55,13,0.57,12,0.51,13,0.52,13,0.54
D,270,Thomas,3.9,3.9,Leicester,4,0.16,4,0.11,4,0.15,5,0.17,5,0.18,7,0.26,8,0.24,7,0.20,8,0.32
F,271,Daka,5.6,5.6,Leicester,47,3.00,40,1.74,36,2.21,39,2.20,39,2.31,36,2.05,38,2.07,36,1.70,40,2.32
D,272,W.Fofana,4.3,4.3,Chelsea,48,1.96,73,2.49,0,0.00,68,3.01,69,1.60,63,2.70,64,3.30,65,3.11,65,2.46
D,273,Brunt,3.9,3.9,Leicester,0,0.00,0,0.00,0,0.01,1,0.02,1,0.02,1,0.02,1,0.02,1,0.01,0,0.01
M,274,Milner,4.4,4.4,Liverpool,14,0.67,14,0.72,12,0.71,13,0.65,16,1.73,17,0.88,16,0.80,16,0.83,16,0.83
M,275,Henderson,5.3,5.3,Liverpool,71,2.33,63,2.33,60,2.58,57,2.12,57,4.57,54,2.19,55,2.10,54,2.15,52,2.08
D,276,Matip,5.9,5.9,Liverpool,8,0.25,11,0.41,12,0.57,14,0.52,16,1.40,17,0.73,15,0.56,20,0.87,19,0.82
M,277,Thiago,5.1,5.1,Liverpool,10,0.38,47,1.71,67,2.65,65,2.22,67,4.87,66,2.42,64,2.23,64,2.34,65,2.36
M,278,Chamberlain,4.9,4.9,Liverpool,4,0.26,4,0.27,4,0.30,4,0.25,5,0.71,5,0.36,5,0.37,5,0.35,5,0.36
F,279,Firmino,8.0,8.0,Liverpool,20,1.21,25,1.57,26,1.88,24,1.47,24,3.29,22,1.55,22,1.50,23,1.57,21,1.41
D,280,Van Dijk,6.5,6.5,Liverpool,86,2.48,83,3.25,82,4.30,82,3.15,79,6.95,79,3.50,78,2.93,77,3.38,78,3.43
G,281,Alisson,5.4,5.4,Liverpool,88,3.41,88,3.73,87,4.22,86,3.67,86,7.58,84,3.74,85,3.51,86,3.78,86,3.84
M,282,Fabinho,5.2,5.2,Liverpool,78,2.18,67,2.11,63,2.32,62,1.93,59,4.02,61,2.09,56,1.84,57,1.97,55,1.91
M,283,Salah,12.8,12.8,Liverpool,83,4.97,81,5.82,78,7.15,77,5.17,75,12.10,75,5.99,76,5.59,74,5.88,74,5.75
D,284,Robertson,6.8,6.8,Liverpool,81,2.68,79,3.54,76,4.59,75,3.30,73,7.37,71,3.65,72,3.18,72,3.66,69,3.50
D,285,Alexander-Arnold,7.3,7.3,Liverpool,85,3.17,82,4.18,79,5.48,77,3.85,78,9.04,78,4.54,76,3.81,73,4.26,75,4.32
D,286,Gomez,4.3,4.3,Liverpool,7,0.19,11,0.36,16,0.74,17,0.59,19,1.52,18,0.70,22,0.73,22,0.87,24,0.96
M,287,Keita,4.7,4.7,Liverpool,0,0.00,0,0.00,0,0.00,0,0.00,0,0.00,3,0.17,14,0.70,20,1.03,25,1.25
F,288,Diogo Jota,8.7,8.7,Liverpool,44,2.17,45,2.47,44,2.81,42,2.19,38,4.68,38,2.31,35,2.05,35,2.13,34,2.07
G,289,Kelleher,4.0,4.0,Liverpool,2,0.06,2,0.07,3,0.13,3,0.14,4,0.31,5,0.23,5,0.20,4,0.19,3,0.14
D,290,Konaté,4.8,4.8,Liverpool,83,2.14,81,2.82,79,3.76,77,2.67,73,5.71,73,2.91,74,2.47,69,2.72,69,2.73
M,291,Jones,4.9,4.9,Liverpool,4,0.20,2,0.11,1,0.08,2,0.13,3,0.39,3,0.16,2,0.13,2,0.12,3,0.19
D,292,Tsimikas,4.3,4.3,Liverpool,10,0.40,11,0.55,14,0.83,15,0.70,16,1.65,19,0.98,17,0.81,18,0.93,18,0.96
M,293,Luis Díaz,7.8,7.8,Liverpool,7,0.46,10,0.64,14,1.11,25,1.52,32,4.18,39,2.49,43,2.52,42,2.64,44,2.71
M,294,Elliott,4.8,4.8,Liverpool,57,2.20,45,2.00,40,2.08,39,1.72,39,3.85,37,1.86,35,1.65,35,1.74,32,1.61
D,295,N.Williams,3.8,3.8,Nott'm Forest,81,2.09,67,1.72,39,0.77,25,0.76,25,0.76,25,1.13,28,0.67,27,0.66,28,0.99
M,296,Carvalho,5.1,5.1,Liverpool,3,0.24,3,0.25,4,0.34,5,0.35,4,0.69,4,0.32,4,0.30,3,0.29,4,0.31
F,297,Darwin,8.8,8.8,Liverpool,64,3.64,62,4.07,59,4.63,57,3.46,57,8.24,52,3.73,55,3.76,55,3.86,52,3.67
D,298,Ramsay,3.9,3.9,Liverpool,0,0.00,0,0.00,0,0.00,0,0.00,0,0.00,0,0.00,0,0.00,0,0.00,0,0.00
D,299,Walker,4.7,4.7,Man City,50,2.62,43,2.22,0,0.00,48,1.88,45,4.52,45,2.41,43,2.26,44,3.67,45,2.02
M,300,Gündogan,7.3,7.3,Man City,66,3.69,63,3.61,0,0.00,59,2.66,58,6.09,59,3.45,58,3.05,57,5.12,60,2.92
M,301,De Bruyne,12.0,12.0,Man City,76,5.59,72,5.52,0,0.00,69,4.08,68,9.56,67,5.30,65,4.26,67,7.89,64,4.10
D,302,Stones,5.4,5.4,Man City,67,3.59,63,3.25,0,0.00,60,2.28,62,6.28,60,3.19,61,3.15,63,5.17,61,2.74
M,303,Mahrez,7.3,7.3,Man City,63,4.54,63,4.74,0,0.00,56,3.28,55,7.57,50,3.83,50,3.35,51,6.05,51,3.20
M,304,Sterling,9.7,9.7,Chelsea,49,2.76,47,2.54,0,0.00,47,2.94,51,2.27,47,2.88,47,3.30,48,4.38,44,2.41
M,305,Grealish,6.9,6.9,Man City,78,4.59,77,4.74,0,0.00,69,3.37,63,7.23,65,4.06,62,3.48,63,6.17,62,3.27
D,306,Cancelo,7.1,7.1,Man City,0,0.00,0,0.00,0,0.00,0,0.00,0,0.00,0,0.00,0,0.00,0,0.00,0,0.00
G,307,Ederson,5.4,5.4,Man City,89,4.40,88,4.18,0,0.00,88,3.68,87,8.31,86,4.18,86,4.28,87,7.37,86,3.84
D,308,Aké,5.0,5.0,Man City,61,3.29,58,3.03,0,0.00,57,2.19,55,5.65,58,3.10,59,3.08,56,4.66,53,2.42
D,309,Laporte,5.7,5.7,Man City,24,1.35,38,2.10,0,0.00,38,1.55,39,4.22,38,2.13,44,2.35,41,3.51,41,1.96
G,310,Steffen,4.0,4.0,Man City,0,0.00,0,0.00,0,0.00,0,0.00,0,0.00,0,0.00,0,0.00,0,0.00,0,0.00
M,311,Bernardo,6.7,6.7,Man City,51,2.72,53,2.99,0,0.00,51,2.16,50,4.98,48,2.56,47,2.30,48,4.17,46,2.11
D,312,Dias,5.9,5.9,Man City,64,3.52,62,3.24,0,0.00,62,2.43,60,6.21,60,3.25,58,3.01,57,4.84,57,2.60
D,313,Zinchenko,5.2,5.2,Arsenal,82,2.88,79,3.85,75,4.66,76,2.24,74,3.59,76,3.01,72,3.48,70,3.96,71,4.19
M,314,Foden,8.0,8.0,Man City,0,0.00,0,0.00,0,0.00,25,1.50,42,5.87,52,3.99,53,3.53,52,6.09,50,3.20
M,315,Rodri,5.6,5.6,Man City,82,3.53,81,3.56,0,0.00,79,2.81,77,6.35,75,3.30,73,3.00,74,5.25,75,2.83
M,316,Palmer,4.2,4.2,Man City,8,0.54,10,0.64,0,0.00,9,0.51,8,0.96,7,0.49,9,0.54,8,0.85,8,0.45
M,317,McAtee,4.5,4.5,Man City,0,0.00,0,0.00,0,0.00,0,0.00,0,0.00,0,0.00,0,0.00,0,0.00,0,0.00
F,318,Haaland,12.0,12.0,Man City,69,5.84,75,7.11,0,0.00,70,4.81,70,11.38,69,6.43,68,5.25,71,9.53,72,5.29
F,319,Álvarez,6.0,6.0,Man City,51,2.94,46,2.88,0,0.00,46,2.28,43,4.85,41,2.51,43,2.31,41,4.00,41,2.17
D,320,Mbete,3.9,3.9,Man City,0,0.00,0,0.00,0,0.00,0,0.00,0,0.00,0,0.00,0,0.00,0,0.00,0,0.00
M,321,Lavia,4.5,4.5,Southampton,78,1.88,75,2.19,73,1.75,71,2.12,72,1.79,69,1.95,69,2.02,68,1.72,68,1.79
D,322,Wilson-Esbrand,3.8,3.8,Man City,0,0.00,0,0.00,0,0.00,0,0.00,0,0.00,0,0.00,0,0.00,0,0.00,0,0.00
F,323,Delap,4.4,4.4,Man City,0,0.00,0,0.00,0,0.00,0,0.00,0,0.00,0,0.00,0,0.00,0,0.00,0,0.00
G,324,Ortega,3.8,3.8,Man City,1,0.05,2,0.10,0,0.00,2,0.07,3,0.31,4,0.18,4,0.20,3,0.28,4,0.17
M,325,Phillips,4.8,4.8,Man City,12,0.53,16,0.69,0,0.00,15,0.58,17,1.44,16,0.71,18,0.76,18,1.33,20,0.79
F,326,Ronaldo,10.2,10.2,Man Utd,0,0.00,0,0.00,0,0.00,0,0.00,0,0.00,0,0.00,0,0.00,0,0.00,0,0.00
G,327,De Gea,5.0,5.0,Man Utd,89,4.15,88,3.94,0,0.00,87,3.43,85,7.15,85,3.67,85,4.04,86,7.48,86,4.04
D,328,Jones,3.8,3.8,Man Utd,0,0.00,0,0.00,0,0.00,0,0.00,0,0.00,0,0.01,0,0.01,0,0.01,0,0.00
D,329,Varane,4.8,4.8,Man Utd,80,3.82,76,3.38,0,0.00,74,2.41,71,5.39,70,2.82,69,3.41,69,5.79,70,3.45
D,330,Maguire,4.7,4.7,Man Utd,12,0.53,14,0.61,0,0.00,18,0.57,21,1.55,19,0.75,24,1.17,25,2.06,23,1.12
M,331,Fred,5.1,5.1,Man Utd,27,1.23,15,0.74,0,0.00,20,0.85,21,1.89,19,0.84,21,1.02,23,2.09,24,1.18
D,332,Shaw,5.2,5.2,Man Utd,20,1.05,38,1.90,0,0.00,74,2.60,75,6.11,74,3.18,72,3.87,73,6.62,71,3.89
M,333,Fernandes,9.6,9.6,Man Utd,84,5.14,79,4.91,0,0.00,79,4.05,77,8.75,76,4.18,74,4.91,74,8.87,72,5.19
D,334,Telles,5.0,5.0,Man Utd,0,0.00,0,0.00,0,0.00,0,0.00,0,0.00,0,0.00,0,0.00,0,0.00,0,0.00
M,335,Rashford,7.3,7.0,Man Utd,82,5.95,80,5.55,0,0.00,76,4.52,75,9.87,75,4.82,75,5.65,73,10.20,71,5.79
M,336,Van de Beek,5.1,5.1,Man Utd,0,0.00,0,0.00,0,0.00,0,0.00,0,0.00,0,0.00,0,0.00,0,0.00,0,0.00
D,337,Lindelöf,4.1,4.1,Man Utd,5,0.19,10,0.41,0,0.00,13,0.40,12,0.85,15,0.56,15,0.68,15,1.14,14,0.65
M,338,McTominay,4.9,4.9,Man Utd,55,2.08,12,0.52,0,0.00,15,0.57,13,1.09,17,0.66,14,0.61,16,1.29,14,0.63
D,339,Bailly,4.0,4.0,Man Utd,0,0.00,0,0.00,0,0.00,0,0.00,0,0.00,0,0.00,0,0.00,0,0.00,0,0.00
M,340,Sancho,7.1,7.1,Man Utd,38,2.48,33,2.16,0,0.00,36,2.06,38,4.56,37,2.18,36,2.42,37,4.61,35,2.52
D,341,Wan-Bissaka,4.3,4.3,Man Utd,20,0.95,22,0.98,0,0.00,23,0.81,23,1.82,24,1.00,23,1.14,27,2.32,26,1.30
D,342,Dalot,4.7,4.7,Man Utd,71,3.58,68,3.14,0,0.00,65,2.17,63,4.92,62,2.54,62,3.17,60,5.08,61,3.16
D,343,B.Williams,3.8,3.8,Man Utd,6,0.23,4,0.15,0,0.00,2,0.07,3,0.20,3,0.11,3,0.11,3,0.20,3,0.12
M,344,Elanga,4.6,4.6,Man Utd,1,0.05,1,0.10,0,0.00,1,0.11,1,0.26,1,0.13,1,0.14,1,0.13,1,0.09
F,345,Martial,6.3,6.3,Man Utd,41,2.64,52,3.21,0,0.00,48,2.66,47,5.62,48,2.73,46,3.05,45,5.46,46,3.26
M,346,Andreas,4.3,4.3,Fulham,79,3.88,77,3.40,70,3.84,64,2.80,65,5.07,72,3.92,69,3.25,67,3.40,68,2.47
M,347,Pellistri,4.3,4.3,Man Utd,4,0.30,5,0.36,0,0.00,7,0.44,7,1.01,8,0.53,7,0.49,6,0.81,5,0.38
G,348,Heaton,3.8,3.8,Man Utd,0,0.00,0,0.01,0,0.00,0,0.01,0,0.01,0,0.01,1,0.04,0,0.03,0,0.00
M,349,Shelvey,4.8,4.8,Nott'm Forest,46,1.60,36,1.34,31,1.09,33,1.22,29,1.10,29,1.28,33,1.13,33,1.15,30,1.17
D,350,Ritchie,4.2,4.2,Newcastle,1,0.06,1,0.05,2,0.11,4,0.19,3,0.15,4,0.16,2,0.22,2,0.14,4,0.15
D,351,Fernández,4.4,4.4,Newcastle,0,0.00,0,0.00,0,0.00,0,0.00,0,0.00,0,0.00,0,0.00,0,0.00,0,0.00
D,352,Clark,4.5,4.5,Newcastle,0,0.00,0,0.00,0,0.00,0,0.00,0,0.00,0,0.00,0,0.00,0,0.00,0,0.00
G,353,Darlow,3.9,3.9,Newcastle,0,0.00,0,0.00,0,0.00,0,0.00,0,0.00,0,0.00,0,0.00,0,0.00,0,0.00
F,354,Wood,5.6,5.6,Nott'm Forest,0,0.00,0,0.00,0,0.00,0,0.00,0,0.00,0,0.00,0,0.00,0,0.00,0,0.00
G,355,Dubravka,4.1,4.1,Newcastle,1,0.04,2,0.08,3,0.13,2,0.09,3,0.14,2,0.10,4,0.30,4,0.20,4,0.15
F,356,Wilson,6.9,6.9,Newcastle,62,3.70,62,3.52,51,3.27,51,3.00,52,3.91,49,2.89,47,5.66,46,3.57,46,2.41
D,357,Trippier,6.1,6.0,Newcastle,86,3.87,82,3.61,78,3.75,78,3.92,77,4.81,76,2.92,76,6.73,76,4.50,77,2.74
D,358,Burn,4.5,4.5,Newcastle,83,3.21,79,3.00,77,3.20,75,3.37,77,4.17,76,2.55,75,5.74,75,3.75,75,2.40
M,359,Fraser,5.2,5.2,Newcastle,3,0.26,4,0.29,6,0.41,6,0.40,6,0.48,5,0.35,4,0.58,4,0.31,4,0.28
D,360,Lascelles,4.3,4.3,Newcastle,6,0.24,11,0.38,13,0.48,14,0.55,18,0.88,17,0.56,17,1.19,16,0.73,16,0.51
F,361,Gayle,4.5,4.5,Newcastle,0,0.00,0,0.00,0,0.00,0,0.00,0,0.00,0,0.00,0,0.00,0,0.00,0,0.00
D,362,Dummett,3.9,3.9,Newcastle,1,0.03,1,0.04,1,0.06,2,0.09,3,0.13,2,0.09,3,0.23,2,0.09,2,0.08
D,363,Manquillo,4.2,4.2,Newcastle,3,0.10,6,0.22,9,0.38,8,0.36,8,0.40,7,0.27,6,0.46,5,0.21,7,0.25
D,364,Krafth,4.3,4.3,Newcastle,0,0.00,0,0.00,0,0.00,1,0.02,2,0.07,4,0.13,8,0.53,11,0.46,7,0.20
M,365,Murphy,4.1,4.1,Newcastle,40,1.97,32,1.59,30,1.57,33,1.64,30,1.78,24,1.24,21,2.17,20,1.29,21,1.04
D,366,Schär,5.0,5.0,Newcastle,84,3.46,82,3.29,79,3.49,78,3.68,76,4.39,74,2.64,73,5.96,74,4.00,73,2.46
D,367,Targett,4.7,4.7,Newcastle,13,0.51,16,0.65,20,0.91,21,1.00,19,1.04,23,0.87,24,2.00,24,1.30,22,0.78
M,368,Saint-Maximin,6.1,6.1,Newcastle,56,2.95,59,2.98,57,3.13,57,2.95,56,3.58,56,2.85,51,5.36,52,3.44,53,2.44
M,369,Almirón,5.4,5.4,Newcastle,0,0.00,0,0.00,0,0.00,0,0.00,7,0.43,31,1.44,52,4.76,57,3.31,58,2.37
M,370,S.Longstaff,4.3,4.3,Newcastle,71,2.44,71,2.37,73,2.58,69,2.41,72,2.90,68,2.31,69,4.59,70,2.83,68,2.13
M,371,Joelinton,5.9,5.9,Newcastle,63,2.47,64,2.44,64,2.60,65,2.57,62,2.98,61,2.30,60,4.62,60,2.85,56,1.95
D,372,Lewis,4.4,4.4,Newcastle,1,0.06,2,0.09,2,0.08,3,0.12,3,0.15,3,0.12,4,0.29,4,0.17,4,0.16
M,373,Willock,4.7,4.7,Newcastle,56,2.59,53,2.40,51,2.47,52,2.39,51,2.86,49,2.22,49,4.47,48,2.71,49,2.02
M,374,Bruno Guimarães,5.5,5.5,Newcastle,83,2.92,81,2.77,77,2.83,79,2.80,77,3.29,78,2.65,76,5.20,73,3.13,78,2.42
M,375,Hendrick,4.5,4.5,Newcastle,0,0.00,0,0.00,0,0.00,0,0.00,0,0.00,0,0.00,0,0.00,0,0.00,0,0.00
G,376,Pope,5.4,5.4,Newcastle,89,3.78,88,3.73,87,3.73,87,3.98,87,4.26,87,3.63,86,6.97,85,4.08,86,3.39
D,377,Botman,4.5,4.5,Newcastle,83,3.26,80,3.04,79,3.25,78,3.52,75,4.02,75,2.51,74,5.62,73,3.63,74,2.38
M,378,Arter,4.1,4.1,Nott'm Forest,0,0.00,0,0.00,0,0.00,0,0.00,0,0.00,0,0.00,0,0.00,0,0.00,0,0.00
D,379,Cook,4.3,4.3,Nott'm Forest,2,0.06,1,0.04,1,0.04,1,0.04,2,0.07,2,0.10,3,0.08,3,0.08,4,0.14
F,380,Lyle Taylor,4.1,4.1,Nott'm Forest,0,0.03,0,0.01,0,0.02,0,0.00,0,0.02,0,0.02,0,0.01,0,0.03,0,0.02
M,381,Colback,4.1,4.1,Nott'm Forest,15,0.58,11,0.46,13,0.50,13,0.54,13,0.53,14,0.61,13,0.51,14,0.54,17,0.65
G,382,Samba,4.5,4.5,Nott'm Forest,0,0.00,0,0.00,0,0.00,0,0.00,0,0.00,0,0.00,0,0.00,0,0.00,0,0.00
M,383,Cafú,4.2,4.2,Nott'm Forest,0,0.02,0,0.01,0,0.01,0,0.02,0,0.01,0,0.01,0,0.01,0,0.02,0,0.01
M,384,Lolley,4.9,4.9,Nott'm Forest,0,0.00,0,0.00,0,0.00,0,0.00,0,0.00,0,0.00,0,0.00,0,0.00,0,0.00
D,385,McKenna,4.4,4.4,Nott'm Forest,11,0.28,34,0.81,45,0.79,39,0.96,41,1.00,41,1.56,43,0.82,44,0.84,40,1.22
D,386,Dräger,4.0,4.0,Nott'm Forest,0,0.00,0,0.00,0,0.00,0,0.00,0,0.00,0,0.00,0,0.00,0,0.00,0,0.00
M,387,Yates,5.0,5.0,Nott'm Forest,16,0.59,37,1.29,50,1.54,46,1.58,49,1.64,47,1.81,47,1.45,48,1.51,46,1.59
D,388,Worrall,4.2,4.2,Nott'm Forest,7,0.17,7,0.15,8,0.15,9,0.22,9,0.22,8,0.29,10,0.20,10,0.21,11,0.32
D,389,Panzo,4.0,4.0,Nott'm Forest,0,0.00,0,0.00,0,0.00,0,0.00,0,0.00,0,0.00,0,0.00,0,0.00,0,0.00
M,390,Xande Silva,5.0,5.0,Nott'm Forest,0,0.00,0,0.00,0,0.00,0,0.00,0,0.00,0,0.00,0,0.00,0,0.00,0,0.00
F,391,Surridge,4.7,4.7,Nott'm Forest,9,0.52,4,0.30,4,0.25,3,0.21,3,0.21,4,0.33,4,0.26,4,0.24,3,0.25
D,392,Laryea,4.5,4.5,Nott'm Forest,0,0.00,0,0.00,0,0.00,0,0.00,0,0.00,0,0.00,0,0.00,0,0.00,0,0.00
D,393,Mbe Soh,4.2,4.2,Nott'm Forest,0,0.00,0,0.00,0,0.00,0,0.00,0,0.00,0,0.00,0,0.00,0,0.00,0,0.00
F,394,Johnson,5.7,5.7,Nott'm Forest,84,3.24,83,3.26,79,2.85,78,3.14,78,3.03,78,3.89,78,2.72,76,2.81,76,3.03
M,395,Mighten,4.9,4.9,Nott'm Forest,0,0.00,0,0.00,0,0.00,0,0.00,0,0.00,0,0.00,0,0.00,0,0.00,0,0.00
M,396,Ojeda,4.5,4.5,Nott'm Forest,0,0.00,0,0.00,0,0.00,0,0.00,0,0.00,0,0.00,0,0.00,0,0.00,0,0.00
F,397,Awoniyi,5.6,5.6,Nott'm Forest,58,2.70,41,2.11,34,1.61,34,1.78,33,1.69,31,2.00,30,1.40,30,1.48,35,1.84
G,398,Henderson,4.6,4.6,Nott'm Forest,0,0.00,0,0.00,4,0.14,10,0.38,12,0.45,26,1.13,29,1.04,28,1.02,28,1.11
D,399,Biancone,4.2,4.2,Nott'm Forest,0,0.00,0,0.00,0,0.00,0,0.00,0,0.00,0,0.00,0,0.00,0,0.00,0,0.00
M,400,Walcott,4.8,4.8,Southampton,45,1.75,43,2.17,47,1.74,42,2.23,37,1.51,40,1.91,40,2.06,39,1.60,39,1.75
G,401,McCarthy,4.3,4.3,Southampton,3,0.12,3,0.13,5,0.18,6,0.27,7,0.25,9,0.35,7,0.29,6,0.22,7,0.24
M,402,Romeu,4.8,4.8,Southampton,0,0.00,0,0.00,0,0.00,0,0.00,0,0.00,0,0.00,0,0.00,0,0.00,0,0.00
M,403,Redmond,5.3,5.3,Southampton,0,0.00,0,0.00,0,0.00,0,0.00,0,0.00,0,0.00,0,0.00,0,0.00,0,0.00
D,404,Stephens,4.3,4.3,Bournemouth,83,2.05,79,1.46,76,2.43,0,0.00,73,2.32,72,1.74,75,2.18,73,1.48,73,2.06
M,405,S.Armstrong,4.7,4.7,Southampton,53,1.89,53,2.44,51,1.78,50,2.46,51,1.87,46,2.05,49,2.29,49,1.84,47,1.92
M,406,Elyounoussi,5.1,5.1,Southampton,58,2.15,57,2.90,52,1.91,52,2.74,49,1.92,46,2.20,48,2.46,50,1.96,49,2.11
M,407,Ward-Prowse,6.3,6.3,Southampton,87,2.59,84,3.50,84,2.45,82,3.68,82,2.56,82,3.19,82,3.48,81,2.60,80,2.84
F,408,A.Armstrong,5.3,5.3,Southampton,21,1.03,23,1.36,23,1.05,25,1.50,22,1.03,23,1.25,25,1.45,24,1.13,26,1.29
D,409,Walker-Peters,4.4,4.4,Southampton,82,1.41,79,3.05,80,1.26,75,2.92,76,1.48,76,2.52,72,2.65,71,1.32,70,1.56
D,410,Bednarek,4.2,4.2,Southampton,85,1.44,81,3.06,79,1.26,79,2.99,75,1.42,75,2.47,72,2.58,70,1.31,71,1.52
F,411,Adams,6.1,6.1,Southampton,0,0.00,8,0.47,28,1.10,45,2.44,57,2.17,63,2.93,63,3.19,62,2.40,60,2.58
M,412,Tella,5.0,5.0,Southampton,0,0.00,0,0.00,0,0.00,0,0.00,0,0.00,0,0.00,0,0.00,0,0.00,0,0.00
D,413,Lyanco,4.4,4.4,Southampton,13,0.27,13,0.47,8,0.18,4,0.15,4,0.12,4,0.14,5,0.18,4,0.10,4,0.10
D,414,Valery,4.0,4.0,Southampton,0,0.00,0,0.00,0,0.00,0,0.00,0,0.00,0,0.00,0,0.00,0,0.00,0,0.00
M,415,Smallbone,4.5,4.5,Southampton,0,0.00,0,0.00,0,0.00,0,0.00,0,0.00,0,0.00,0,0.00,0,0.00,0,0.00
M,416,Diallo,4.2,4.2,Southampton,11,0.45,15,0.64,18,0.68,17,0.72,18,0.72,20,0.82,19,0.80,21,0.81,21,0.80
D,417,Perraud,4.1,4.1,Southampton,78,1.48,70,3.18,74,1.28,69,3.16,68,1.57,69,2.66,63,2.73,67,1.48,66,1.75
M,418,Djenepo,5.0,5.0,Southampton,4,0.25,7,0.41,7,0.37,8,0.46,7,0.37,6,0.38,9,0.47,8,0.39,7,0.40
D,419,Livramento,4.4,4.4,Southampton,0,0.00,0,0.00,0,0.00,0,0.00,2,0.04,6,0.21,13,0.53,16,0.41,18,0.51
D,420,Salisu,4.3,4.3,Southampton,0,0.00,3,0.10,10,0.17,15,0.58,21,0.43,23,0.77,24,0.88,25,0.48,24,0.56
G,421,Lis,4.0,4.0,Southampton,0,0.00,0,0.00,0,0.00,0,0.00,0,0.00,0,0.00,0,0.00,0,0.00,0,0.00
G,422,Bazunu,4.5,4.5,Southampton,87,3.03,87,3.62,84,2.96,83,3.45,82,2.89,81,3.18,83,3.35,83,2.90,83,2.92
D,423,Bella-Kotchap,4.5,4.5,Southampton,25,0.53,41,1.71,79,1.29,78,3.19,76,1.55,75,2.66,76,2.92,75,1.44,76,1.75
G,424,Caballero,3.9,3.9,Southampton,0,0.00,0,0.01,0,0.01,0,0.01,0,0.02,0,0.01,0,0.01,1,0.04,1,0.03
G,425,Lloris,5.4,5.4,Spurs,89,3.48,87,3.95,87,3.28,86,3.32,86,3.11,85,3.96,86,3.40,84,3.62,85,3.43
G,426,Forster,3.9,3.9,Spurs,1,0.04,3,0.13,3,0.11,4,0.14,4,0.14,4,0.20,4,0.16,6,0.24,5,0.19
F,427,Kane,11.7,11.7,Spurs,87,5.40,83,6.63,82,4.18,79,4.86,79,4.28,79,5.68,80,4.76,78,5.42,79,5.11
M,428,Son,11.6,11.6,Spurs,79,4.50,72,5.34,69,3.36,70,3.99,68,3.41,66,4.59,66,3.74,65,4.34,65,3.98
D,429,Doherty,4.6,4.6,Spurs,0,0.00,0,0.00,0,0.00,0,0.00,0,0.00,0,0.00,0,0.00,0,0.00,0,0.00
D,430,Dier,5.1,5.1,Spurs,86,2.66,83,3.76,82,2.17,81,2.38,79,1.77,79,3.65,77,2.48,77,3.11,76,2.63
M,431,Lucas Moura,5.8,5.8,Spurs,0,0.00,0,0.00,0,0.00,15,0.82,14,0.72,12,0.79,11,0.62,10,0.65,10,0.60
D,432,Davies,4.8,4.8,Spurs,0,0.00,0,0.00,3,0.10,20,0.67,25,0.66,42,2.07,56,1.93,56,2.41,56,2.07
M,433,Højbjerg,5.4,5.4,Spurs,87,2.65,82,3.00,81,2.31,78,2.41,81,2.30,81,2.88,80,2.47,80,2.75,78,2.54
M,434,Winks,4.4,4.4,Spurs,0,0.00,0,0.00,0,0.00,0,0.00,0,0.00,0,0.00,0,0.00,0,0.00,0,0.00
D,435,Sánchez,4.2,4.2,Spurs,30,1.06,30,1.47,32,0.98,28,0.96,29,0.77,23,1.09,21,0.73,21,0.88,17,0.65
D,436,R.Sessegnon,4.4,4.4,Spurs,0,0.00,4,0.29,20,0.80,37,1.57,42,1.43,49,2.89,48,2.12,45,2.44,42,2.05
M,437,Bergwijn,5.5,5.5,Spurs,0,0.00,0,0.00,0,0.00,0,0.00,0,0.00,0,0.00,0,0.00,0,0.00,0,0.00
D,438,Reguilón,4.2,4.2,Spurs,0,0.00,0,0.00,0,0.00,0,0.00,0,0.00,0,0.00,0,0.00,0,0.00,0,0.00
D,439,Tanganga,3.8,3.8,Spurs,22,0.78,24,1.16,19,0.61,14,0.47,14,0.41,12,0.52,9,0.30,10,0.40,8,0.31
M,440,Bentancur,5.3,5.3,Spurs,0,0.00,0,0.00,0,0.00,0,0.00,0,0.00,0,0.00,0,0.00,0,0.00,0,0.00
M,441,Skipp,4.3,4.3,Spurs,67,1.97,64,2.16,56,1.62,50,1.54,47,1.39,45,1.55,43,1.37,41,1.40,42,1.35
D,442,Rodon,4.0,4.0,Spurs,0,0.00,0,0.00,0,0.00,0,0.00,0,0.00,0,0.00,0,0.00,0,0.00,0,0.00
D,443,Romero,4.9,4.9,Spurs,87,2.44,84,3.56,82,1.95,79,2.11,77,1.53,77,3.31,76,2.22,76,2.86,76,2.44
M,444,Bissouma,4.7,4.7,Spurs,0,0.00,7,0.30,25,0.81,39,1.27,43,1.32,48,1.77,52,1.68,50,1.77,53,1.75
D,445,Emerson Royal,4.9,4.9,Spurs,0,0.00,0,0.00,0,0.00,0,0.00,0,0.00,0,0.00,6,0.26,24,1.22,44,1.88
M,446,Kulusevski,7.8,7.8,Spurs,66,2.97,64,3.53,56,2.26,57,2.60,56,2.31,56,2.99,56,2.53,57,2.90,51,2.47
F,447,Scarlett,4.5,4.5,Spurs,0,0.00,0,0.00,0,0.00,0,0.00,0,0.00,0,0.00,0,0.00,0,0.00,0,0.00
D,448,Perišić,5.3,5.3,Spurs,77,3.46,73,4.82,63,2.40,49,2.22,47,1.67,41,2.67,40,1.90,38,2.24,37,1.94
M,449,White,4.4,4.4,Spurs,0,0.00,0,0.00,0,0.00,0,0.00,0,0.00,0,0.00,0,0.00,0,0.00,0,0.00
M,450,Sarr,4.2,4.2,Spurs,30,1.27,27,1.30,18,0.75,13,0.59,12,0.52,10,0.49,8,0.38,10,0.48,11,0.53
G,451,Austin,3.9,3.9,Spurs,0,0.00,0,0.00,0,0.00,0,0.00,0,0.00,0,0.00,0,0.00,0,0.00,0,0.00
M,452,Devine,4.3,4.3,Spurs,1,0.05,2,0.13,1,0.08,0,0.02,1,0.04,1,0.04,1,0.04,0,0.01,1,0.05
F,453,Parrott,4.5,4.5,Spurs,0,0.00,0,0.00,0,0.00,0,0.00,0,0.00,0,0.00,0,0.00,0,0.00,0,0.00
F,454,Richarlison,8.4,8.4,Spurs,5,0.31,23,1.52,43,1.96,42,2.21,44,2.11,44,2.59,45,2.30,46,2.64,47,2.52
G,455,Fabianski,4.9,4.9,West Ham,87,3.63,87,3.18,86,3.65,86,3.22,85,6.62,85,3.20,82,3.21,83,3.61,84,3.32
D,456,Ogbonna,4.4,4.4,West Ham,22,0.84,25,0.71,24,0.96,26,0.81,27,1.64,28,0.88,29,0.99,29,1.25,30,1.03
D,457,Cresswell,4.7,4.7,West Ham,20,0.85,20,0.62,19,0.83,19,0.67,20,1.30,21,0.74,22,0.84,23,1.11,21,0.84
F,458,Antonio,7.0,7.0,West Ham,31,1.65,31,1.49,30,1.65,26,1.37,24,2.36,18,1.02,20,1.08,20,1.27,19,1.12
D,459,Dawson,4.8,4.8,Wolves,84,2.51,81,3.10,79,2.50,79,3.57,78,1.83,75,2.85,74,1.53,75,3.34,77,1.35
M,460,Lanzini,5.0,5.0,West Ham,9,0.50,8,0.40,9,0.50,10,0.54,11,1.03,10,0.52,12,0.63,11,0.62,11,0.57
D,461,Zouma,4.4,4.4,West Ham,83,3.06,80,2.02,80,3.04,78,2.24,77,4.26,77,2.22,76,2.42,74,3.10,75,2.45
D,462,Masuaku,4.5,4.5,West Ham,0,0.00,0,0.00,0,0.00,0,0.00,0,0.00,0,0.00,0,0.00,0,0.00,0,0.00
D,463,Coufal,4.0,4.0,West Ham,10,0.40,24,0.73,38,1.54,53,1.65,53,3.16,53,1.64,52,1.77,52,2.28,51,1.79
M,464,Benrahma,5.5,5.5,West Ham,60,3.20,61,2.81,59,3.31,59,3.00,58,5.31,55,2.77,54,2.73,54,3.31,55,2.90
M,465,Bowen,8.0,8.0,West Ham,77,3.59,78,3.13,76,3.72,73,3.25,71,5.69,70,3.06,71,3.10,71,3.81,71,3.35
M,466,Vlasic,5.0,5.0,West Ham,0,0.00,0,0.00,0,0.00,0,0.00,0,0.00,0,0.00,0,0.00,0,0.00,0,0.00
M,467,Rice,4.7,4.7,West Ham,84,2.56,82,2.27,79,2.47,78,2.27,78,4.33,79,2.25,76,2.23,77,2.50,77,2.33
M,468,Soucek,5.0,5.0,West Ham,73,2.66,69,2.25,72,2.71,69,2.45,71,4.61,71,2.43,69,2.39,70,2.81,69,2.49
M,469,Fornals,4.9,4.9,West Ham,23,1.08,25,1.06,29,1.37,30,1.32,29,2.35,27,1.18,30,1.31,30,1.49,31,1.37
D,470,Diop,4.3,4.3,Fulham,85,3.01,84,2.58,83,2.90,80,2.02,79,2.70,79,2.69,79,2.56,76,3.02,77,1.29
D,471,Johnson,4.4,4.4,West Ham,23,0.92,18,0.51,15,0.55,14,0.42,16,0.98,18,0.57,17,0.58,21,0.91,21,0.72
D,472,Aguerd,4.8,4.8,West Ham,85,3.09,82,2.00,80,3.04,80,2.25,78,4.23,76,2.16,76,2.39,76,3.18,76,2.45
G,473,Areola,4.3,4.3,West Ham,3,0.12,3,0.13,4,0.15,4,0.17,5,0.40,5,0.18,7,0.28,6,0.27,6,0.23
D,474,Boly,4.1,4.1,Nott'm Forest,0,0.00,0,0.00,0,0.00,0,0.00,0,0.00,0,0.00,0,0.00,0,0.00,5,0.19
D,475,Coady,4.8,4.8,Everton,10,0.23,11,0.44,14,0.49,16,0.51,19,0.57,23,0.54,23,0.52,0,0.00,22,0.93
F,476,Jiménez,6.7,6.7,Wolves,16,0.95,18,1.19,18,1.15,16,1.11,18,0.98,20,1.29,21,1.12,18,1.20,21,1.05
D,477,Jonny,4.3,4.3,Wolves,0,0.00,0,0.00,63,2.13,62,2.91,61,1.55,59,2.32,58,1.31,56,2.59,54,1.06
G,478,Sá,5.0,5.0,Wolves,89,3.46,89,3.79,88,3.44,87,3.95,87,3.20,86,3.65,86,3.12,85,3.85,86,3.06
M,479,Dendoncker,4.7,4.7,Aston Villa,31,1.31,27,1.00,21,0.81,19,0.81,13,0.50,13,0.51,12,0.48,13,0.47,12,0.50
M,480,Neves,5.3,5.3,Wolves,0,0.00,0,0.00,82,2.90,79,3.15,80,2.48,80,2.96,78,2.34,79,3.06,76,2.17
M,481,Hwang,5.7,5.7,Wolves,17,0.91,21,1.23,21,1.16,21,1.21,21,1.03,23,1.31,23,1.08,28,1.54,25,1.11
D,482,Semedo,5.0,5.0,Wolves,83,2.43,66,2.53,50,1.63,52,2.34,65,1.57,72,2.67,73,1.49,72,3.10,72,1.33
M,483,Podence,5.2,5.2,Wolves,52,2.27,51,2.54,46,2.15,44,2.31,42,1.79,43,2.19,43,1.75,44,2.23,42,1.65
D,484,Kilman,4.3,4.3,Wolves,86,2.44,82,2.98,81,2.40,79,3.37,79,1.76,77,2.74,75,1.46,75,3.16,72,1.22
M,485,Cundle,4.4,4.4,Wolves,0,0.00,0,0.00,0,0.00,0,0.00,0,0.00,0,0.00,0,0.00,0,0.00,0,0.00
M,486,Neto,4.9,4.9,Wolves,42,1.99,43,2.28,36,1.85,38,2.17,37,1.66,38,2.06,39,1.71,36,1.98,34,1.45
D,487,Aït-Nouri,4.2,4.2,Wolves,32,1.14,38,1.66,19,0.73,20,0.97,17,0.53,18,0.76,18,0.51,19,0.92,19,0.51
F,488,Fabio Silva,5.5,5.5,Wolves,0,0.00,0,0.00,0,0.00,0,0.00,0,0.00,0,0.00,0,0.00,0,0.00,0,0.00
D,489,Toti,3.8,3.8,Wolves,6,0.22,15,0.57,8,0.26,9,0.38,11,0.28,9,0.33,13,0.29,10,0.41,11,0.23
M,490,Chiquinho,5.0,5.0,Wolves,0,0.00,0,0.00,0,0.00,0,0.00,0,0.00,0,0.00,0,0.00,0,0.00,0,0.00
M,491,Adama,5.4,5.4,Wolves,47,2.01,47,2.24,40,1.84,43,2.17,44,1.81,41,1.99,42,1.69,41,2.00,40,1.55
G,492,Šarkić,3.9,3.9,Wolves,0,0.00,0,0.00,0,0.00,0,0.00,0,0.00,0,0.00,0,0.00,0,0.00,0,0.00
M,493,Gibbs-White,5.5,5.5,Nott'm Forest,83,3.12,80,3.12,75,2.61,76,3.00,75,2.88,73,3.63,73,2.50,74,2.64,73,2.93
D,494,Mosquera,3.9,3.9,Wolves,0,0.00,0,0.00,0,0.00,0,0.00,0,0.00,0,0.00,0,0.00,0,0.00,0,0.00
G,495,Matthews,4.0,4.0,Crystal Palace,0,0.00,0,0.00,0,0.00,0,0.00,0,0.00,0,0.00,0,0.00,0,0.00,0,0.00
F,496,Plange,4.5,4.5,Crystal Palace,0,0.00,0,0.00,0,0.00,0,0.00,0,0.00,0,0.00,0,0.00,0,0.00,0,0.00
G,497,Adrián,3.9,3.9,Liverpool,0,0.00,0,0.00,0,0.01,0,0.01,1,0.04,1,0.03,0,0.00,0,0.01,0,0.02
D,498,R.Williams,4.0,4.0,Liverpool,0,0.00,0,0.00,0,0.00,0,0.00,0,0.00,0,0.00,0,0.00,0,0.00,0,0.00
D,499,Davies,4.0,4.0,Liverpool,0,0.00,0,0.00,0,0.00,0,0.00,0,0.00,0,0.00,0,0.00,0,0.00,0,0.00
D,500,Van den Berg,4.0,4.0,Liverpool,0,0.00,0,0.00,0,0.00,0,0.00,0,0.00,0,0.00,0,0.00,0,0.00,0,0.00
D,501,Phillips,3.8,3.8,Liverpool,0,0.00,0,0.01,0,0.02,1,0.04,1,0.10,2,0.08,2,0.07,2,0.09,2,0.09
G,502,Carson,3.8,3.8,Man City,0,0.00,0,0.01,0,0.00,0,0.00,0,0.01,0,0.01,0,0.00,0,0.00,0,0.01
M,503,Moutinho,4.6,4.6,Wolves,50,1.96,47,2.03,36,1.56,38,1.78,35,1.39,36,1.63,37,1.43,36,1.66,38,1.40
D,504,Malacia,4.2,4.2,Man Utd,62,3.06,46,2.15,0,0.00,16,0.58,17,1.38,18,0.77,20,0.97,19,1.67,19,0.93
M,505,Rothwell,4.9,4.9,Bournemouth,29,1.26,31,1.24,32,1.40,35,1.50,32,1.46,33,1.34,36,1.47,34,1.36,34,1.39
M,506,Adams,4.9,4.9,Leeds,0,0.00,0,0.00,0,0.00,0,0.00,0,0.00,0,0.00,0,0.00,0,0.00,8,0.24
D,507,Niakhaté,4.3,4.3,Nott'm Forest,77,1.78,64,1.44,54,0.89,62,1.47,59,1.39,59,2.24,57,1.04,56,0.99,58,1.71
M,508,Sinisterra,6.5,6.5,Leeds,68,3.60,67,3.03,65,3.17,62,3.49,61,3.10,59,2.17,60,2.74,60,2.72,58,2.84
M,509,Downes,4.2,4.2,West Ham,15,0.63,17,0.66,20,0.82,19,0.77,18,1.43,19,0.75,20,0.77,19,0.80,20,0.81
D,510,Hickey,4.9,4.9,Brentford,77,2.37,75,2.63,71,2.72,69,1.77,69,3.27,67,1.45,67,2.75,62,1.68,64,1.52
D,511,Richards,4.4,4.4,Nott'm Forest,0,0.00,0,0.00,0,0.01,1,0.02,1,0.05,2,0.10,4,0.11,3,0.08,3,0.13
M,512,Aribo,5.0,5.0,Southampton,2,0.09,2,0.10,3,0.16,3,0.20,3,0.16,3,0.18,4,0.23,4,0.22,5,0.26
D,513,Lenglet,4.8,4.8,Spurs,62,1.92,64,2.85,60,1.58,53,1.56,51,1.16,44,2.03,40,1.31,38,1.58,43,1.53
M,514,C.Doucouré,5.0,5.0,Crystal Palace,83,2.40,80,2.43,73,2.35,65,1.98,70,2.24,76,2.06,76,2.51,75,2.19,74,2.46
M,515,Lewis-Potter,5.2,5.2,Brentford,0,0.00,0,0.00,0,0.00,0,0.00,0,0.00,0,0.00,5,0.31,13,0.65,24,1.09
D,516,Collins,4.3,4.3,Wolves,22,0.72,33,1.33,32,1.05,32,1.47,31,0.80,32,1.26,33,0.74,32,1.44,34,0.67
G,517,Strakosha,4.3,4.3,Brentford,2,0.08,3,0.12,4,0.16,4,0.15,3,0.13,5,0.17,3,0.14,3,0.13,5,0.18
G,518,Hennessey,3.9,3.9,Nott'm Forest,1,0.03,4,0.14,2,0.09,3,0.10,1,0.04,0,0.01,0,0.01,0,0.00,1,0.02
M,519,Eriksen,6.2,6.2,Man Utd,65,3.52,55,3.00,0,0.00,54,2.51,54,5.44,53,2.64,52,2.99,52,5.47,53,3.21
D,520,Koulibaly,5.5,5.5,Chelsea,79,3.29,73,2.55,0,0.00,65,2.92,64,1.48,63,2.80,58,3.06,59,2.84,60,2.31
M,521,Francois,4.4,4.4,Fulham,0,0.00,0,0.00,0,0.00,0,0.00,0,0.00,0,0.00,0,0.00,0,0.00,0,0.00
D,522,Spence,4.1,4.1,Spurs,0,0.00,0,0.00,0,0.00,0,0.00,0,0.00,0,0.00,0,0.00,0,0.00,0,0.00
D,523,Toffolo,4.3,4.3,Nott'm Forest,62,1.71,60,1.60,59,1.11,54,1.52,53,1.51,54,2.35,53,1.18,55,1.21,51,1.74
M,524,O'Brien,4.7,4.7,Nott'm Forest,0,0.00,0,0.00,0,0.00,0,0.00,0,0.00,0,0.00,0,0.00,0,0.00,0,0.00
D,525,Augustinsson,4.3,4.3,Aston Villa,0,0.00,0,0.00,0,0.00,0,0.00,0,0.00,0,0.00,0,0.00,0,0.00,0,0.00
D,526,Mee,5.1,5.1,Brentford,86,2.72,85,3.06,85,3.37,82,2.07,81,4.00,80,1.70,79,3.35,80,2.11,80,1.84
M,527,Lingard,5.4,5.4,Nott'm Forest,2,0.15,4,0.27,4,0.26,9,0.49,13,0.65,15,0.92,15,0.69,16,0.81,13,0.70
F,528,Mara,5.3,5.3,Southampton,40,1.65,37,1.99,32,1.33,26,1.51,21,1.00,19,1.08,17,1.04,19,0.92,20,1.06
F,529,Scamacca,6.6,6.6,West Ham,0,0.00,0,0.00,6,0.40,14,0.78,22,2.15,36,1.81,37,1.83,37,2.19,36,1.88
D,530,Richards,4.4,4.4,Crystal Palace,0,0.00,2,0.09,8,0.36,15,0.53,17,0.68,22,0.60,23,1.05,23,0.83,23,1.09
D,531,Vinagre,4.3,4.3,Everton,1,0.03,3,0.12,4,0.14,4,0.15,4,0.15,6,0.17,5,0.14,7,0.26,5,0.24
D,532,Mbabu,4.3,4.3,Fulham,0,0.00,0,0.00,0,0.00,0,0.00,0,0.00,0,0.00,0,0.00,0,0.00,0,0.00
D,533,Martínez,4.5,4.5,Man Utd,84,3.91,81,3.47,0,0.00,75,2.33,74,5.45,74,2.85,71,3.44,70,5.78,72,3.47
M,534,McNeil,5.1,5.1,Everton,84,2.84,80,3.46,76,2.87,72,2.67,74,2.86,73,2.48,72,2.42,71,2.68,70,3.22
M,535,Tavernier,4.7,4.7,Bournemouth,43,1.76,54,1.95,51,2.14,50,2.10,51,2.29,49,1.88,47,1.87,51,1.92,47,1.85
M,536,Mangala,4.9,4.9,Nott'm Forest,47,1.56,40,1.39,37,1.24,40,1.39,38,1.33,36,1.45,36,1.23,38,1.28,38,1.37
D,537,Kesler Hayden,4.0,4.0,Aston Villa,0,0.00,0,0.00,0,0.00,0,0.00,0,0.00,0,0.00,0,0.00,0,0.00,0,0.00
D,538,Young,4.3,4.3,Aston Villa,71,3.64,70,2.48,59,2.07,55,2.65,46,1.20,33,1.36,25,1.00,27,0.78,28,1.08
D,539,Hill,4.4,4.4,Bournemouth,0,0.00,0,0.00,0,0.00,0,0.00,0,0.00,0,0.00,0,0.00,0,0.00,0,0.00
D,540,Stevens,4.0,4.0,Brentford,0,0.00,0,0.00,0,0.00,0,0.00,0,0.00,0,0.00,0,0.00,0,0.00,0,0.00
F,541,Dervişoğlu,4.5,4.5,Brentford,0,0.00,0,0.00,0,0.00,0,0.00,0,0.00,0,0.00,0,0.00,0,0.00,0,0.00
G,542,Scherpen,4.0,4.0,Brighton,0,0.00,0,0.00,0,0.00,0,0.00,0,0.00,0,0.00,0,0.00,0,0.00,0,0.00
D,543,Clarke,4.0,4.0,Brighton,0,0.00,0,0.00,0,0.00,0,0.00,0,0.00,0,0.00,0,0.00,0,0.00,0,0.00
D,544,Van Hecke,4.0,4.0,Brighton,9,0.30,20,0.66,0,0.00,8,0.35,5,0.47,7,0.34,6,0.37,5,0.44,5,0.20
D,545,Emerson,4.0,4.0,West Ham,61,2.47,64,1.81,63,2.59,61,1.96,60,3.65,60,1.92,57,2.02,55,2.48,58,2.10
M,546,Harris,4.3,4.3,Fulham,0,0.00,0,0.00,0,0.02,0,0.01,0,0.02,0,0.01,0,0.01,0,0.00,0,0.02
D,547,Drameh,4.0,4.0,Leeds,0,0.00,0,0.00,0,0.00,0,0.00,0,0.00,0,0.00,0,0.00,0,0.00,0,0.00
G,548,Iversen,3.8,3.8,Leicester,77,3.31,77,2.77,77,3.26,77,2.92,76,3.26,74,2.87,77,2.80,72,2.58,71,2.94
M,549,Praet,4.8,4.8,Leicester,37,1.80,22,0.93,25,1.26,20,1.02,19,1.02,19,0.98,19,0.96,18,0.85,21,1.12
M,550,Amad,4.4,4.4,Man Utd,0,0.00,0,0.00,0,0.00,0,0.00,0,0.00,0,0.00,0,0.00,0,0.00,0,0.00
M,551,Iqbal,4.2,4.2,Man Utd,0,0.00,0,0.00,0,0.00,0,0.01,0,0.02,0,0.01,0,0.01,0,0.01,0,0.01
M,552,Anderson,4.3,4.3,Newcastle,12,0.51,13,0.55,15,0.69,16,0.68,16,0.75,14,0.62,13,1.08,14,0.71,13,0.53
M,553,Hammond,4.3,4.3,Nott'm Forest,1,0.04,0,0.00,0,0.00,0,0.00,0,0.01,0,0.01,0,0.00,0,0.00,0,0.00
M,554,Bryan,5.0,5.0,Spurs,0,0.00,0,0.00,0,0.00,0,0.00,0,0.00,0,0.00,0,0.00,0,0.00,0,0.00
D,555,Ashby,3.8,3.8,Newcastle,0,0.01,0,0.01,1,0.05,1,0.04,2,0.07,2,0.05,0,0.03,0,0.01,0,0.01
M,556,Coventry,4.4,4.4,West Ham,0,0.00,0,0.00,0,0.00,0,0.00,0,0.00,0,0.00,0,0.00,0,0.00,0,0.00
G,557,Smith,3.9,3.9,Wolves,0,0.00,0,0.00,0,0.00,0,0.00,0,0.00,0,0.00,0,0.00,0,0.00,0,0.00
D,558,Bueno,3.8,3.8,Wolves,50,1.81,47,2.07,33,1.27,32,1.59,26,0.85,23,1.02,22,0.68,24,1.18,28,0.75
D,559,Colwill,4.4,4.4,Brighton,73,2.29,0,0.00,0,0.00,72,3.19,72,5.71,68,3.38,67,3.34,68,5.22,67,2.35
M,560,Mills,4.3,4.3,Everton,2,0.12,3,0.16,2,0.12,1,0.06,2,0.12,1,0.08,1,0.07,1,0.07,1,0.07
M,561,Warrington,4.4,4.4,Everton,0,0.00,0,0.00,0,0.00,0,0.00,0,0.00,0,0.00,0,0.00,0,0.00,0,0.00
M,562,Solomon,4.9,4.9,Fulham,51,2.25,51,2.12,54,2.56,54,2.15,54,3.98,54,2.53,51,2.19,52,2.38,53,1.88
D,563,Chambers,4.0,4.0,Liverpool,0,0.00,0,0.00,0,0.00,0,0.00,0,0.00,0,0.00,0,0.00,0,0.00,0,0.00
M,564,Bajcetic,4.4,4.4,Liverpool,0,0.00,0,0.00,0,0.00,0,0.00,0,0.00,0,0.00,0,0.00,0,0.00,0,0.00
M,565,Gray,4.5,4.5,Leeds,0,0.02,0,0.02,0,0.01,0,0.02,1,0.06,0,0.03,0,0.00,0,0.01,0,0.01
M,566,Hodge,4.3,4.3,Wolves,2,0.09,3,0.12,1,0.04,1,0.06,1,0.06,2,0.08,2,0.08,2,0.07,2,0.09
M,567,Ronan,4.4,4.4,Wolves,0,0.00,0,0.00,0,0.00,0,0.00,0,0.00,0,0.00,0,0.00,0,0.00,0,0.00
M,568,Campbell,4.4,4.4,Wolves,0,0.00,0,0.00,0,0.00,0,0.00,0,0.00,0,0.00,0,0.00,0,0.00,0,0.00
M,569,Garnacho,4.2,4.2,Man Utd,0,0.00,0,0.00,0,0.00,0,0.00,0,0.00,4,0.20,9,0.59,17,2.05,21,1.37
M,570,Garner,4.5,4.5,Everton,46,1.54,44,1.82,42,1.57,22,0.84,23,0.90,24,0.84,21,0.74,23,0.88,24,1.05
G,571,Randolph,4.0,4.0,Bournemouth,0,0.00,0,0.01,0,0.01,0,0.00,0,0.01,1,0.03,0,0.02,1,0.03,0,0.00
M,572,Oko-Flex,4.4,4.4,West Ham,0,0.00,0,0.00,0,0.00,0,0.00,0,0.00,0,0.00,0,0.00,0,0.00,0,0.00
D,573,Lewis,3.9,3.9,Man City,22,1.19,20,1.10,0,0.00,26,1.12,24,2.55,27,1.49,25,1.39,26,2.38,24,1.18
G,574,Neto,4.5,4.5,Bournemouth,88,3.31,87,3.10,87,3.55,86,3.39,86,3.45,84,3.11,85,3.29,85,3.05,86,3.33
M,575,Cornet,5.9,5.9,West Ham,14,0.72,16,0.80,14,0.78,16,0.83,15,1.50,16,0.82,17,0.88,17,0.99,15,0.77
D,576,Senesi,4.4,4.4,Bournemouth,61,1.61,78,1.53,77,2.58,79,2.45,72,2.42,75,1.91,72,2.21,71,1.52,72,2.13
M,577,Onana,4.8,4.8,Everton,84,2.54,83,3.10,79,2.60,75,2.38,73,2.40,73,2.17,75,2.16,73,2.36,74,2.83
G,578,Robles,4.0,4.0,Leeds,2,0.07,1,0.04,2,0.07,2,0.09,3,0.10,4,0.15,4,0.15,5,0.19,3,0.13
M,579,Guedes,5.8,5.8,Wolves,0,0.00,0,0.00,0,0.00,0,0.00,0,0.00,0,0.00,0,0.00,0,0.00,0,0.00
M,580,Damsgaard,5.0,5.0,Brentford,46,1.96,46,2.02,48,2.34,46,1.88,46,2.56,49,1.99,47,2.35,46,1.96,47,1.88
G,581,Smithies,3.9,3.9,Leicester,0,0.01,0,0.01,0,0.00,0,0.01,0,0.01,0,0.00,0,0.01,0,0.00,0,0.00
M,582,Freuler,4.9,4.9,Nott'm Forest,74,2.18,71,2.12,68,1.89,66,1.99,64,1.91,64,2.25,62,1.76,63,1.80,61,1.90
M,583,Kouyaté,4.4,4.4,Nott'm Forest,20,0.79,16,0.64,14,0.55,14,0.59,17,0.66,16,0.70,18,0.68,20,0.76,19,0.76
M,584,Clark,4.5,4.5,Liverpool,0,0.00,0,0.00,0,0.00,0,0.00,0,0.00,0,0.00,0,0.00,0,0.00,0,0.00
F,585,Dennis,5.6,5.6,Nott'm Forest,30,1.36,50,2.20,47,1.85,42,1.87,39,1.73,40,2.17,37,1.50,37,1.55,38,1.70
D,586,Estupiñán,4.8,4.8,Brighton,83,2.91,79,2.78,0,0.00,77,3.91,76,6.94,76,4.31,75,4.21,75,6.59,73,2.93
D,587,Sergio Gómez,4.4,4.4,Man City,3,0.17,3,0.15,0,0.00,5,0.20,4,0.46,4,0.21,5,0.26,6,0.54,5,0.27
D,588,Kehrer,4.3,4.3,West Ham,70,2.47,66,1.59,59,2.15,48,1.36,51,2.83,48,1.36,48,1.49,50,1.98,50,1.60
M,589,Matheus,4.8,4.8,Wolves,62,2.28,59,2.39,51,2.14,48,2.22,49,1.86,46,2.02,49,1.80,48,2.17,48,1.69
G,590,Whitworth,4.0,4.0,Crystal Palace,2,0.07,3,0.12,2,0.09,2,0.06,0,0.01,0,0.00,0,0.02,0,0.00,0,0.02
F,591,Ablade,4.5,4.5,Fulham,3,0.22,4,0.26,5,0.35,6,0.36,7,0.75,6,0.38,2,0.12,2,0.14,1,0.08
G,592,H.Davies,4.0,4.0,Liverpool,0,0.00,0,0.00,0,0.00,0,0.00,0,0.00,0,0.00,0,0.00,0,0.00,0,0.00
M,593,Casemiro,4.9,4.9,Man Utd,0,0.00,73,2.67,0,0.00,70,2.23,70,4.72,69,2.31,72,2.68,69,4.83,69,2.67
F,594,Isak,6.7,6.7,Newcastle,62,3.44,59,3.20,64,3.84,60,3.40,61,4.38,59,3.30,58,6.72,57,4.24,58,2.90
D,595,Zanka,4.0,4.0,Brentford,7,0.20,9,0.28,10,0.32,13,0.35,13,0.52,12,0.28,12,0.42,10,0.26,11,0.26
F,596,Ferguson,4.6,4.6,Brighton,48,2.64,48,2.48,0,0.00,50,3.06,48,5.80,48,3.14,45,4.23,45,5.46,46,2.58
F,597,Saydee,4.5,4.5,Bournemouth,0,0.00,0,0.00,0,0.00,0,0.00,0,0.00,0,0.00,0,0.00,0,0.00,0,0.00
D,598,Bevan,4.0,4.0,Bournemouth,0,0.00,0,0.00,0,0.00,0,0.00,0,0.00,0,0.00,0,0.00,0,0.00,0,0.00
M,599,Gomes,4.5,4.5,Man City,0,0.00,0,0.00,0,0.00,0,0.00,0,0.00,0,0.00,0,0.00,0,0.00,0,0.00
M,600,Knight,4.5,4.5,Man City,0,0.01,0,0.02,0,0.00,0,0.02,0,0.06,0,0.03,0,0.03,0,0.05,0,0.03
M,601,Rodney,4.5,4.5,Crystal Palace,1,0.06,1,0.07,2,0.10,1,0.06,2,0.10,1,0.06,1,0.07,1,0.06,1,0.04
D,602,Renan Lodi,4.3,4.3,Nott'm Forest,31,1.01,28,0.91,27,0.65,28,0.92,28,0.94,29,1.39,26,0.70,26,0.72,28,1.07
M,603,Paquetá,5.9,5.9,West Ham,74,3.23,73,2.78,71,3.27,69,2.90,70,5.29,68,2.78,69,2.84,67,3.36,67,2.93
M,604,Phillips,4.5,4.5,Crystal Palace,0,0.00,0,0.00,0,0.00,0,0.00,0,0.00,0,0.00,0,0.00,0,0.00,0,0.00
D,605,Welch,4.0,4.0,Everton,0,0.00,0,0.00,0,0.00,0,0.01,0,0.01,1,0.01,0,0.00,1,0.02,0,0.01
M,606,Vale,4.5,4.5,Chelsea,0,0.00,0,0.00,0,0.00,0,0.00,0,0.00,0,0.00,0,0.00,0,0.00,0,0.00
M,607,Smith,4.4,4.4,Arsenal,0,0.00,0,0.00,0,0.01,0,0.00,0,0.00,0,0.00,0,0.00,0,0.02,0,0.01
F,608,Kalajdžić,5.3,5.3,Wolves,0,0.00,0,0.00,0,0.00,0,0.00,0,0.00,0,0.00,0,0.00,0,0.00,0,0.00
M,609,Antony,7.3,7.3,Man Utd,73,3.47,70,3.28,0,0.00,65,2.73,63,5.68,64,2.80,61,3.08,59,5.55,60,3.20
D,610,Akanji,5.0,5.0,Man City,49,2.52,48,2.38,0,0.00,47,1.71,48,4.64,47,2.36,46,2.28,44,3.49,50,2.16
M,611,Gueye,4.8,4.8,Everton,79,2.25,76,2.61,74,2.35,69,2.12,67,2.12,67,1.95,68,1.93,69,2.15,67,2.38
D,612,Faes,4.2,4.2,Leicester,81,3.16,77,1.19,70,2.56,64,1.73,61,2.32,61,1.78,63,1.39,62,1.22,60,2.07
D,613,Kurzawa,4.3,4.3,Fulham,0,0.00,0,0.00,1,0.03,2,0.09,5,0.32,8,0.37,10,0.42,9,0.43,10,0.28
M,614,Willian,5.5,5.5,Fulham,73,3.51,70,3.10,66,3.58,69,3.00,66,5.26,65,3.48,62,3.01,61,3.10,62,2.37
G,615,Kovár,4.0,4.0,Man Utd,0,0.00,0,0.00,0,0.00,0,0.00,0,0.00,0,0.00,0,0.00,0,0.00,0,0.00
M,616,Zakaria,4.9,4.9,Chelsea,12,0.51,12,0.51,0,0.00,9,0.41,9,0.37,9,0.42,10,0.47,10,0.81,10,0.43
F,617,Aubameyang,8.4,8.4,Chelsea,4,0.33,5,0.38,0,0.00,5,0.41,5,0.38,6,0.46,5,0.49,5,0.73,6,0.45
F,618,Vinícius,5.4,5.4,Fulham,65,3.24,62,2.79,60,3.28,60,2.65,60,4.83,61,3.41,17,0.95,15,0.91,15,0.71
F,619,Gnonto,4.9,4.9,Leeds,9,0.55,22,1.08,36,1.71,36,1.91,39,1.86,38,1.48,38,1.69,39,1.69,39,1.83
M,620,Arthur,4.8,4.8,Liverpool,16,0.67,12,0.52,9,0.47,13,0.54,13,1.17,12,0.57,11,0.49,10,0.46,9,0.41
D,621,Badé,4.5,4.5,Nott'm Forest,0,0.00,0,0.00,0,0.00,0,0.00,0,0.00,0,0.00,0,0.00,0,0.00,0,0.00
D,622,Larios,4.0,4.0,Southampton,0,0.00,0,0.00,0,0.00,0,0.00,0,0.00,0,0.00,0,0.00,0,0.00,0,0.00
D,623,Caleta-Car,4.4,4.4,Southampton,54,1.00,41,1.63,9,0.19,6,0.21,7,0.14,6,0.18,5,0.16,9,0.18,7,0.16
M,624,Edozie,4.7,4.7,Southampton,0,0.03,1,0.09,1,0.08,1,0.10,2,0.18,2,0.18,2,0.18,3,0.19,3,0.20
F,625,Diego Costa,5.3,5.3,Wolves,23,1.26,25,1.48,21,1.21,26,1.54,25,1.20,25,1.44,23,1.10,25,1.44,28,1.23
G,626,Karius,3.9,3.9,Newcastle,0,0.00,0,0.01,0,0.02,1,0.03,0,0.01,0,0.01,0,0.03,0,0.02,0,0.01
G,627,Jakupović,4.0,4.0,Everton,0,0.00,0,0.00,0,0.00,0,0.00,0,0.00,0,0.00,0,0.00,0,0.00,0,0.00
D,628,Aurier,4.4,4.4,Nott'm Forest,3,0.11,22,0.68,52,1.01,72,2.03,70,1.98,68,3.07,68,1.48,67,1.45,67,2.31
M,629,Traoré,4.3,4.3,Wolves,11,0.43,13,0.56,5,0.23,7,0.30,7,0.27,7,0.28,10,0.37,8,0.34,9,0.35
M,630,Nwaneri,4.5,4.5,Arsenal,0,0.00,0,0.01,0,0.03,0,0.03,1,0.04,1,0.03,1,0.04,1,0.04,0,0.03
D,631,Sousa,4.0,4.0,Arsenal,0,0.01,0,0.01,1,0.05,1,0.03,1,0.03,0,0.02,1,0.02,1,0.04,1,0.04
M,632,Trevitt,4.4,4.4,Brentford,0,0.01,0,0.01,1,0.04,1,0.04,1,0.04,1,0.06,1,0.05,1,0.06,1,0.03
G,633,Cox,3.9,3.9,Brentford,0,0.00,0,0.00,0,0.00,0,0.01,0,0.01,0,0.00,0,0.01,0,0.00,0,0.00
F,634,Gordon,4.5,4.5,Crystal Palace,0,0.00,0,0.00,0,0.00,0,0.00,0,0.00,0,0.00,0,0.00,0,0.00,0,0.00
G,635,Bettinelli,4.0,4.0,Chelsea,0,0.00,0,0.00,0,0.00,0,0.00,0,0.00,0,0.00,0,0.00,0,0.00,0,0.00
D,636,Parkes,4.0,4.0,Fulham,0,0.00,0,0.00,1,0.03,1,0.02,1,0.03,0,0.01,1,0.02,0,0.02,1,0.02
D,637,John,4.0,4.0,Everton,0,0.00,0,0.00,0,0.01,0,0.00,0,0.01,0,0.00,0,0.00,1,0.02,1,0.02
D,638,Bogarde,4.0,4.0,Aston Villa,0,0.00,0,0.00,0,0.00,0,0.00,0,0.00,0,0.00,0,0.00,0,0.00,0,0.00
M,639,Braybrooke,4.5,4.5,Leicester,0,0.00,0,0.00,0,0.00,0,0.00,0,0.00,0,0.00,0,0.00,0,0.00,0,0.00
D,640,Turns,4.0,4.0,Brighton,0,0.00,0,0.00,0,0.00,0,0.00,0,0.00,0,0.00,0,0.00,0,0.00,0,0.00
M,641,Godo,4.5,4.5,Fulham,0,0.01,0,0.00,0,0.02,0,0.02,0,0.02,0,0.02,0,0.01,0,0.02,0,0.01
D,642,Balmer,4.0,4.0,Crystal Palace,0,0.01,1,0.04,1,0.03,0,0.01,0,0.00,0,0.01,0,0.01,0,0.00,0,0.01
M,643,Mainoo,4.5,4.5,Man Utd,0,0.00,0,0.01,0,0.00,0,0.01,1,0.05,0,0.01,1,0.03,0,0.01,0,0.01
G,644,Goodman,4.0,4.0,Crystal Palace,0,0.00,0,0.00,0,0.00,0,0.00,0,0.00,0,0.00,0,0.00,0,0.00,0,0.00
D,645,Wormleighton,4.0,4.0,Leicester,0,0.00,0,0.01,1,0.02,1,0.01,0,0.01,0,0.00,0,0.00,0,0.01,1,0.02
D,646,Crama,4.0,4.0,Brentford,1,0.02,1,0.02,1,0.03,2,0.04,2,0.06,2,0.04,1,0.05,1,0.03,1,0.02
M,647,Payne,4.5,4.5,Southampton,0,0.00,0,0.00,0,0.00,0,0.00,0,0.00,0,0.00,0,0.00,0,0.00,0,0.00
M,648,Finnigan,4.5,4.5,Southampton,0,0.00,0,0.00,0,0.00,0,0.00,0,0.00,0,0.00,0,0.00,0,0.00,0,0.00
G,649,Plain,4.0,4.0,Bournemouth,0,0.00,0,0.00,0,0.00,0,0.00,0,0.00,0,0.00,0,0.00,0,0.00,0,0.00
M,650,Yarmolyuk,4.5,4.5,Brentford,0,0.01,0,0.02,0,0.03,1,0.04,1,0.06,1,0.07,1,0.06,1,0.04,1,0.03
M,651,Moran,4.5,4.5,Brighton,1,0.08,2,0.14,0,0.00,3,0.19,3,0.36,5,0.33,3,0.34,3,0.31,2,0.12
D,652,Furlong,4.0,4.0,Brighton,0,0.00,0,0.00,0,0.00,0,0.00,0,0.00,0,0.00,0,0.00,0,0.00,0,0.00
M,653,Hutchinson,4.2,4.2,Chelsea,0,0.00,0,0.00,0,0.00,0,0.00,0,0.00,0,0.00,0,0.00,0,0.00,0,0.00
M,654,Wells-Morrison,4.5,4.5,Crystal Palace,1,0.03,1,0.06,1,0.09,2,0.12,1,0.09,1,0.06,1,0.07,1,0.06,0,0.03
G,655,Hein,3.9,3.9,Arsenal,0,0.00,0,0.01,0,0.00,0,0.01,0,0.00,0,0.00,0,0.00,0,0.02,0,0.01
G,656,Bishop,4.0,4.0,Man Utd,0,0.01,0,0.01,0,0.00,0,0.00,0,0.01,0,0.01,0,0.00,0,0.01,0,0.00
F,657,Fraser,4.5,4.5,Wolves,0,0.00,0,0.00,0,0.00,0,0.00,0,0.00,0,0.00,0,0.00,0,0.01,0,0.01
M,658,Griffiths,4.4,4.4,Wolves,0,0.01,0,0.00,0,0.00,0,0.01,0,0.01,0,0.01,0,0.01,0,0.01,0,0.00
F,659,Mateo Joseph,4.5,4.5,Leeds,2,0.14,1,0.10,2,0.12,1,0.10,2,0.17,3,0.15,2,0.14,2,0.14,2,0.15
F,660,Shoretire,4.5,4.5,Man Utd,0,0.00,0,0.00,0,0.00,0,0.00,0,0.00,0,0.00,0,0.00,0,0.00,0,0.00
M,661,Hall,4.3,4.3,Chelsea,1,0.07,1,0.07,0,0.00,2,0.10,2,0.10,2,0.09,2,0.11,3,0.26,2,0.12
F,662,Cannon,4.5,4.5,Everton,0,0.00,0,0.00,0,0.00,0,0.00,0,0.00,0,0.00,0,0.00,0,0.00,0,0.00
F,663,Perkins,4.5,4.5,Leeds,0,0.00,0,0.00,0,0.00,0,0.00,0,0.00,0,0.00,0,0.00,0,0.00,0,0.00
D,664,Lembikisa,4.0,4.0,Wolves,0,0.01,1,0.04,1,0.02,1,0.03,1,0.02,1,0.02,1,0.03,1,0.05,1,0.02
M,665,Doak,4.5,4.5,Liverpool,0,0.00,0,0.00,0,0.01,0,0.02,0,0.05,0,0.03,0,0.02,0,0.03,0,0.03
F,666,Dale Taylor,4.5,4.5,Nott'm Forest,0,0.00,0,0.00,0,0.00,0,0.00,0,0.00,0,0.00,0,0.00,0,0.00,0,0.00
M,667,Sekularac,4.5,4.5,Fulham,0,0.00,0,0.01,0,0.03,0,0.02,0,0.03,0,0.01,0,0.02,0,0.01,0,0.02
M,668,Cozier-Duberry,4.5,4.5,Arsenal,0,0.00,0,0.00,0,0.00,0,0.00,0,0.00,0,0.00,0,0.00,0,0.01,0,0.01
F,669,Mubama,4.5,4.5,West Ham,0,0.00,0,0.02,0,0.03,0,0.02,0,0.05,0,0.03,0,0.02,0,0.01,0,0.02
G,670,Marschall,4.0,4.0,Aston Villa,0,0.00,0,0.00,0,0.00,0,0.00,0,0.00,0,0.00,0,0.00,0,0.00,0,0.00
F,671,Morgan,4.5,4.5,Southampton,0,0.00,0,0.00,0,0.00,0,0.00,0,0.00,0,0.00,0,0.00,0,0.00,0,0.00
M,672,Kadan Young,4.5,4.5,Aston Villa,2,0.14,2,0.13,3,0.15,3,0.15,1,0.08,1,0.08,1,0.05,1,0.05,1,0.05
D,673,Humphreys,4.5,4.5,Chelsea,0,0.00,0,0.00,0,0.00,0,0.00,0,0.00,0,0.00,0,0.00,0,0.00,0,0.00
D,674,Bennett,4.0,4.0,Man Utd,0,0.00,0,0.00,0,0.00,0,0.01,0,0.02,0,0.01,1,0.03,0,0.02,1,0.03
G,675,Smith,4.0,4.0,Nott'm Forest,0,0.00,0,0.00,0,0.00,0,0.00,0,0.00,0,0.00,0,0.00,0,0.00,0,0.00
M,676,Ozoh,4.5,4.5,Crystal Palace,1,0.05,2,0.10,1,0.08,2,0.13,1,0.09,1,0.04,1,0.04,1,0.04,1,0.05
M,677,Hinshelwood,4.5,4.5,Brighton,0,0.01,0,0.01,0,0.00,0,0.03,0,0.04,0,0.03,0,0.01,0,0.00,0,0.00
M,678,Price,4.5,4.5,Everton,1,0.05,1,0.04,1,0.04,1,0.04,1,0.06,0,0.02,0,0.03,1,0.04,0,0.03
M,679,Buonanotte,4.5,4.5,Brighton,12,0.59,12,0.58,0,0.00,15,0.82,14,1.48,14,0.81,13,1.18,12,1.24,7,0.38
M,680,Gakpo,7.7,7.7,Liverpool,66,3.40,63,3.75,62,4.39,58,3.19,56,7.24,56,3.73,52,3.19,53,3.52,55,3.50
M,681,Scarpa,4.7,4.7,Nott'm Forest,4,0.28,8,0.45,18,0.80,18,0.85,17,0.79,18,0.97,23,0.97,20,0.89,20,0.96
F,682,Cunha,5.4,5.4,Wolves,55,2.65,50,2.82,51,2.58,48,2.62,46,2.02,46,2.49,45,1.93,44,2.42,42,1.74
M,683,Kuol,4.5,4.5,Newcastle,0,0.00,0,0.00,0,0.00,0,0.00,0,0.00,0,0.00,0,0.00,0,0.00,0,0.00
F,684,D.D.Fofana,5.0,5.0,Chelsea,1,0.14,2,0.14,0,0.00,1,0.13,2,0.15,2,0.17,3,0.28,3,0.40,2,0.21
F,685,Butler-Oyedeji,4.5,4.5,Arsenal,0,0.00,0,0.00,0,0.00,0,0.00,0,0.00,0,0.00,0,0.00,0,0.00,0,0.00
F,686,Simms,4.5,4.5,Everton,10,0.56,11,0.68,9,0.49,6,0.39,7,0.44,6,0.35,6,0.37,5,0.33,5,0.38
M,687,McAteer,4.5,4.5,Leicester,0,0.00,0,0.00,0,0.00,0,0.00,0,0.00,0,0.00,0,0.00,0,0.00,0,0.00
M,688,Schade,4.9,4.9,Brentford,37,1.84,46,2.26,50,2.74,51,2.22,54,3.42,53,2.36,54,3.01,51,2.38,49,2.18
D,689,Badiashile,5.0,5.0,Chelsea,51,2.19,36,1.36,0,0.00,22,1.03,19,0.51,18,0.83,20,1.10,20,1.13,20,0.81
F,690,João Félix,7.6,7.6,Chelsea,60,3.05,61,3.03,0,0.00,59,3.29,60,2.45,58,3.15,56,3.42,57,4.83,56,2.78
D,691,Wöber,4.4,4.4,Leeds,3,0.10,31,0.83,76,2.36,78,2.80,75,2.51,76,1.23,76,2.17,77,2.24,77,2.24
M,692,Orsic,5.1,5.1,Southampton,6,0.34,8,0.48,11,0.49,10,0.59,10,0.48,11,0.56,12,0.64,11,0.52,12,0.60
M,693,Alcaraz,5.0,5.0,Southampton,51,1.77,45,2.01,44,1.54,47,2.16,44,1.61,44,1.88,43,1.94,42,1.57,43,1.70
D,694,Álex Moreno,4.4,4.4,Aston Villa,74,4.19,73,2.78,72,2.66,72,3.75,68,1.77,67,2.78,66,2.68,68,1.76,66,2.49
F,695,Adu-Adjei,4.5,4.5,Bournemouth,0,0.00,0,0.00,0,0.00,0,0.00,0,0.00,0,0.00,0,0.00,0,0.00,0,0.00
M,696,Dacosta Gonzalez,4.4,4.4,Bournemouth,0,0.00,0,0.00,1,0.04,0,0.01,0,0.02,1,0.03,0,0.01,0,0.02,0,0.00
F,697,Sadi,4.5,4.5,Bournemouth,0,0.00,0,0.00,0,0.00,0,0.00,0,0.00,0,0.00,0,0.00,0,0.00,0,0.00
M,698,Lemina,4.5,4.5,Wolves,78,2.34,75,2.49,70,2.26,67,2.41,67,2.02,66,2.25,63,1.89,65,2.32,65,1.85
M,699,Mudryk,6.5,6.5,Chelsea,35,1.92,34,1.82,0,0.00,33,1.99,33,1.52,34,1.99,33,2.20,35,3.19,34,1.83
F,700,Rutter,5.3,5.3,Leeds,26,1.50,23,1.26,20,1.18,22,1.40,23,1.32,24,1.08,24,1.26,26,1.32,25,1.39
F,701,Weghorst,5.6,5.6,Man Utd,44,2.50,37,2.15,0,0.00,38,1.99,40,4.47,37,1.99,39,2.37,39,4.40,38,2.46
M,702,Andrey Santos,4.5,4.5,Chelsea,0,0.00,0,0.00,0,0.00,0,0.00,0,0.00,0,0.00,0,0.00,0,0.00,0,0.00
M,703,Danilo,4.5,4.5,Nott'm Forest,46,1.49,42,1.42,41,1.30,37,1.29,39,1.32,40,1.49,39,1.27,37,1.23,39,1.36
M,704,Sarabia,5.4,5.4,Wolves,51,2.50,48,2.77,42,2.23,42,2.45,42,1.89,43,2.37,40,1.77,43,2.40,40,1.69
M,705,Ouattara,5.0,5.0,Bournemouth,66,2.37,61,2.05,59,2.27,60,2.28,56,2.25,58,2.03,60,2.18,56,1.97,55,1.98
F,706,Pollock,4.5,4.5,Bournemouth,0,0.00,0,0.00,0,0.00,0,0.00,0,0.00,0,0.00,0,0.00,0,0.00,0,0.00
G,707,Sinisalo,4.0,4.0,Aston Villa,0,0.00,0,0.00,0,0.00,0,0.00,0,0.00,0,0.00,0,0.00,0,0.00,0,0.00
M,708,Madueke,5.5,5.5,Chelsea,17,0.90,17,0.90,0,0.00,14,0.83,15,0.73,16,0.92,16,0.99,16,1.55,20,1.05
D,709,Kristiansen,4.5,4.5,Leicester,56,2.44,52,0.96,55,2.26,51,1.61,55,2.30,49,1.64,49,1.30,48,1.13,48,1.86
D,710,Kiwior,4.0,4.0,Arsenal,8,0.26,6,0.27,8,0.45,9,0.26,8,0.37,10,0.35,11,0.48,12,0.59,11,0.58
F,711,Durán,5.5,5.5,Aston Villa,12,0.68,14,0.71,14,0.71,11,0.65,10,0.50,8,0.41,7,0.43,6,0.34,7,0.42
M,712,Perrone,4.4,4.4,Man City,8,0.35,10,0.49,0,0.00,11,0.46,12,1.02,11,0.49,12,0.53,12,0.96,14,0.58
M,713,Danjuma,6.2,6.2,Spurs,26,1.67,25,1.98,21,1.20,15,1.03,15,0.95,17,1.37,15,1.03,15,1.14,14,1.00
F,714,Semenyo,5.0,5.0,Bournemouth,21,1.11,22,1.08,22,1.22,25,1.32,26,1.48,28,1.34,24,1.20,25,1.22,26,1.28
M,715,Tetê,5.3,5.3,Leicester,61,3.25,53,1.96,54,2.77,50,2.32,45,2.37,44,2.11,44,2.04,45,1.84,46,2.32
D,716,Bree,4.5,4.5,Southampton,5,0.13,7,0.30,15,0.30,8,0.35,8,0.21,6,0.25,7,0.30,6,0.16,5,0.17
G,717,Bentley,4.0,4.0,Wolves,0,0.01,0,0.01,0,0.01,1,0.05,1,0.05,2,0.09,1,0.03,2,0.07,1,0.05
D,718,Viña,4.5,4.5,Bournemouth,6,0.24,6,0.23,7,0.31,11,0.46,8,0.36,9,0.33,8,0.32,10,0.35,9,0.34
M,719,Ayari,4.5,4.5,Brighton,15,0.57,17,0.64,0,0.00,19,0.78,20,1.59,20,0.86,15,1.09,14,1.20,14,0.56
M,720,McKennie,4.7,4.7,Leeds,77,2.95,76,2.56,76,2.63,72,2.84,71,2.59,67,1.93,66,2.28,64,2.18,59,2.18
M,721,João Gomes,4.5,4.5,Wolves,31,1.11,36,1.35,14,0.57,18,0.75,18,0.68,18,0.75,18,0.65,19,0.77,21,0.73
D,722,Zabarnyi,4.5,4.5,Bournemouth,4,0.12,5,0.13,5,0.18,19,0.62,5,0.18,7,0.20,3,0.12,5,0.15,7,0.22
M,723,H.Traorè,4.5,4.5,Bournemouth,60,2.62,59,2.33,58,2.71,58,2.66,58,2.85,57,2.35,58,2.48,56,2.31,55,2.33
M,724,Enzo,5.0,5.0,Chelsea,72,2.46,71,2.31,0,0.00,69,2.50,69,1.99,68,2.44,66,2.62,65,3.83,69,2.28
M,725,Ahamada,4.5,4.5,Crystal Palace,9,0.39,9,0.41,13,0.57,13,0.56,12,0.55,12,0.51,11,0.52,10,0.42,10,0.48
M,726,Lukic,4.5,4.5,Fulham,16,0.64,22,0.82,24,0.98,29,1.03,28,1.90,26,1.05,27,1.04,28,1.12,29,0.96
D,727,Souttar,4.5,4.5,Leicester,82,3.34,80,1.21,74,2.85,70,2.04,68,2.74,70,2.17,66,1.60,62,1.30,64,2.34
M,728,Sabitzer,4.7,4.7,Man Utd,28,1.44,28,1.42,0,0.00,30,1.37,32,3.05,34,1.55,32,1.65,30,2.92,31,1.69
G,729,Navas,4.5,4.5,Nott'm Forest,89,3.23,86,3.10,83,2.90,77,2.80,77,2.79,64,2.69,61,2.15,62,2.17,62,2.38
D,730,Felipe,4.5,4.5,Nott'm Forest,83,1.93,75,1.68,71,1.15,69,1.66,70,1.66,70,2.76,68,1.22,67,1.19,63,1.88
M,731,Kamaldeen,5.0,5.0,Southampton,42,1.64,46,2.26,42,1.59,40,2.12,41,1.62,41,1.92,39,1.99,41,1.64,38,1.67
F,732,Onuachu,5.5,5.5,Southampton,43,1.87,40,2.39,31,1.41,24,1.64,24,1.20,22,1.33,21,1.39,19,0.99,21,1.22
D,733,Pedro Porro,4.8,4.8,Spurs,83,3.18,80,4.49,80,2.54,76,2.80,73,2.09,72,4.03,69,2.71,61,3.04,47,2.06
M,734,A.Ayew,5.0,5.0,Nott'm Forest,7,0.41,18,0.92,28,1.21,33,1.52,33,1.50,34,1.81,34,1.41,32,1.39,33,1.56
M,735,Marçal-Madivadua,4.5,4.5,Leicester,1,0.08,0,0.02,1,0.07,1,0.06,1,0.04,1,0.04,1,0.04,1,0.04,1,0.05
D,736,Offiah,4.0,4.0,Brighton,2,0.05,5,0.14,0,0.00,2,0.07,2,0.12,1,0.05,2,0.09,1,0.09,3,0.08
D,737,Greenwood,4.0,4.0,Bournemouth,0,0.00,0,0.00,0,0.00,0,0.01,0,0.01,0,0.00,0,0.00,0,0.00,0,0.00
D,738,Kinsey-Wellings,4.0,4.0,Bournemouth,0,0.00,0,0.00,0,0.00,0,0.00,0,0.01,0,0.01,0,0.00,0,0.00,0,0.01
G,739,Anang,4.0,4.0,West Ham,0,0.00,0,0.00,0,0.00,0,0.00,0,0.00,0,0.01,0,0.01,0,0.01,0,0.01
G,740,Hegyi,3.9,3.9,West Ham,0,0.00,0,0.00,0,0.00,0,0.00,0,0.00,0,0.01,0,0.01,0,0.01,0,0.01
M,741,Miley,4.5,4.5,Newcastle,0,0.00,0,0.01,0,0.02,0,0.02,1,0.06,1,0.05,0,0.04,1,0.04,0,0.01
D,742,Chilokoa-Mullen,4.0,4.0,Leeds,1,0.04,2,0.05,1,0.03,1,0.03,2,0.05,1,0.02,1,0.04,1,0.03,1,0.02
D,743,Monteiro,4.0,4.0,Leeds,2,0.06,1,0.03,2,0.06,2,0.05,2,0.06,2,0.04,1,0.01,1,0.04,1,0.03
D,744,Swinkels,4.0,4.0,Aston Villa,3,0.09,2,0.06,3,0.07,2,0.05,1,0.03,1,0.02,1,0.01,1,0.01,1,0.03
G,745,Zych,4.0,4.0,Aston Villa,0,0.00,0,0.00,0,0.00,0,0.00,0,0.00,0,0.00,0,0.00,0,0.00,0,0.00
D,746,Casey,4.0,4.0,West Ham,0,0.01,1,0.01,0,0.01,0,0.01,1,0.05,2,0.04,1,0.04,1,0.04,1,0.04
G,747,Wickens,4.0,4.0,Fulham,0,0.01,0,0.02,0,0.01,0,0.00,0,0.03,0,0.00,0,0.00,0,0.00,0,0.00
M,748,Mundle,4.5,4.5,Spurs,6,0.33,8,0.44,6,0.29,3,0.18,3,0.18,3,0.17,2,0.10,2,0.14,2,0.12
G,749,G.Shelvey,4.0,4.0,Nott'm Forest,0,0.00,0,0.00,0,0.01,0,0.01,0,0.00,0,0.00,0,0.00,0,0.00,0,0.00
D,750,C.Robinson,4.0,4.0,Fulham,0,0.00,0,0.01,0,0.01,0,0.00,0,0.01,0,0.01,0,0.01,0,0.01,0,0.01
D,751,Walters,4.0,4.0,Arsenal,0,0.01,0,0.01,1,0.03,1,0.03,1,0.04,2,0.05,2,0.06,1,0.04,1,0.06
M,752,Olakigbe,4.5,4.5,Brentford,0,0.00,0,0.01,1,0.03,0,0.02,1,0.05,1,0.07,1,0.07,1,0.04,0,0.01
G,753,Wright,4.0,4.0,Aston Villa,0,0.00,0,0.00,0,0.00,0,0.00,0,0.00,0,0.00,0,0.00,0,0.00,0,0.00
D,754,Revan,4.0,4.0,Aston Villa,2,0.07,2,0.06,2,0.06,2,0.06,2,0.04,1,0.03,1,0.02,1,0.02,1,0.02
G,10023,Alfie Whiteman,99.9,99.9,Spurs,0,0.00,0,0.02,0,0.01,0,0.01,0,0.00,0,0.02,0,0.00,0,0.00,0,0.01
G,10104,Mark Gillespie,99.9,99.9,Newcastle,0,0.00,0,0.00,0,0.00,0,0.00,0,0.00,0,0.00,0,0.00,0,0.00,0,0.00
G,10150,Andy Lonergan,99.9,99.9,Everton,0,0.00,0,0.00,0,0.00,0,0.00,0,0.01,0,0.01,0,0.01,0,0.00,0,0.01
D,10201,Teden Mengi,99.9,99.9,Man Utd,0,0.00,0,0.00,0,0.00,0,0.00,0,0.01,0,0.00,0,0.01,0,0.01,0,0.00
D,10241,Benjamin Mendy,99.9,99.9,Man City,0,0.00,0,0.00,0,0.00,0,0.00,0,0.01,0,0.00,0,0.01,0,0.01,0,0.01
M,10249,Matty Longstaff,99.9,99.9,Newcastle,3,0.13,2,0.10,3,0.16,5,0.21,4,0.19,5,0.22,5,0.40,5,0.27,4,0.17
F,10263,Mason Greenwood,99.9,99.9,Man Utd,0,0.00,0,0.00,0,0.00,0,0.01,0,0.02,0,0.01,0,0.00,0,0.00,0,0.00
G,10264,Jed Steer,99.9,99.9,Aston Villa,0,0.02,0,0.01,0,0.00,0,0.00,0,0.00,0,0.00,0,0.01,1,0.02,0,0.01
G,10351,Gabriel Slonina,99.9,99.9,Chelsea,0,0.00,0,0.00,0,0.00,0,0.01,0,0.00,0,0.01,0,0.00,0,0.01,1,0.02
G,10359,Louie Moulden,99.9,99.9,Wolves,0,0.02,1,0.04,2,0.08,2,0.09,2,0.07,2,0.08,3,0.10,4,0.17,3,0.10