Pos,ID,Name,BV,SV,Team,7_xMins,7_Pts,8_xMins,8_Pts,9_xMins,9_Pts,10_xMins,10_Pts,11_xMins,11_Pts,12_xMins,12_Pts,13_xMins,13_Pts,14_xMins,14_Pts,15_xMins,15_Pts,16_xMins,16_Pts,17_xMins,17_Pts,18_xMins,18_Pts
M,308.0,Salah,125,125,Liverpool,85.0,6.314,85.0,5.712,85.0,7.155,85.0,7.473,85.0,8.445,85.0,6.538,85.0,5.309,85.0,7.474,85.0,8.494,85.0,6.19,85.0,6.801,85.0,6.022
F,355.0,Haaland,141,141,Man City,86.0,7.514,86.0,5.551,86.0,6.561,86.0,6.138,86.0,8.682,86.0,5.918,86.0,6.51,86.0,7.226,86.0,6.0,86.0,8.331,86.0,7.277,0.0,0.0
M,516.0,Son,92,92,Spurs,82.0,5.172,82.0,7.536,82.0,6.362,82.0,5.567,82.0,5.571,82.0,6.213,82.0,5.64,82.0,4.748,82.0,5.921,82.0,5.236,82.0,6.314,82.0,6.342
F,8.0,Jesus,80,80,Arsenal,75.0,5.59,75.0,4.762,75.0,4.872,75.0,6.596,75.0,4.771,75.0,6.536,75.0,4.98,75.0,5.674,75.0,6.446,75.0,5.268,75.0,4.774,75.0,4.693
M,504.0,Maddison,79,79,Spurs,85.0,4.641,85.0,6.733,85.0,5.795,85.0,5.058,85.0,5.028,85.0,5.73,85.0,5.232,85.0,4.274,85.0,5.518,85.0,4.74,85.0,5.803,85.0,5.743
M,373.0,Fernandes,84,84,Man Utd,88.0,5.064,88.0,5.05,88.0,5.984,88.0,4.257,88.0,5.482,88.0,6.274,88.0,5.29,88.0,4.435,88.0,4.931,88.0,6.032,88.0,4.377,88.0,5.217
M,526.0,Bowen,72,72,West Ham,78.0,6.263,78.0,4.39,78.0,4.561,78.0,5.139,78.0,4.606,78.0,5.328,78.0,6.107,78.0,4.737,78.0,4.677,78.0,5.094,78.0,5.277,78.0,4.764
M,108.0,Mbeumo,69,69,Brentford,83.0,5.535,83.0,5.043,83.0,6.764,83.0,4.725,83.0,5.394,83.0,4.47,83.0,4.772,83.0,6.903,83.0,4.391,83.0,6.542,83.0,5.102,0.0,0.0
M,353.0,Foden,76,76,Man City,72.0,5.649,72.0,4.848,72.0,5.051,72.0,5.079,72.0,5.972,72.0,4.961,72.0,5.051,72.0,5.444,72.0,5.392,72.0,5.83,72.0,5.281,0.0,0.0
M,664.0,Ward-Prowse,63,63,West Ham,80.0,6.211,80.0,4.165,80.0,4.312,80.0,4.927,80.0,4.369,80.0,5.077,80.0,6.014,80.0,4.507,80.0,4.451,80.0,4.875,80.0,5.019,80.0,4.524
M,599.0,Diaby,67,67,Aston Villa,77.0,4.273,77.0,4.958,77.0,4.747,77.0,6.005,77.0,4.954,77.0,4.948,77.0,4.45,77.0,4.963,77.0,4.02,77.0,4.334,77.0,4.346,77.0,6.009
M,216.0,Sterling,71,71,Chelsea,82.0,5.008,82.0,5.921,82.0,4.297,82.0,4.644,82.0,4.6,82.0,3.966,82.0,4.16,82.0,4.199,82.0,4.568,82.0,4.912,82.0,6.102,82.0,5.07
D,131.0,Estupiñán,53,53,Brighton,75.0,4.422,75.0,4.148,75.0,3.091,75.0,5.554,75.0,4.82,75.0,6.429,75.0,5.128,75.0,4.279,75.0,4.878,75.0,6.388,75.0,3.837,75.0,4.329
D,36.0,Cash,48,48,Aston Villa,77.0,3.763,77.0,4.695,77.0,4.623,77.0,6.659,77.0,4.784,77.0,5.02,77.0,4.144,77.0,4.705,77.0,3.003,77.0,3.803,77.0,3.902,77.0,6.611
D,430.0,Trippier,67,67,Newcastle,87.0,6.113,87.0,4.246,87.0,4.474,87.0,4.633,87.0,3.759,87.0,4.627,87.0,4.423,87.0,4.307,87.0,4.403,87.0,4.065,87.0,5.334,87.0,5.024
M,143.0,Mitoma,66,66,Brighton,73.0,4.65,73.0,4.251,73.0,3.853,73.0,5.058,73.0,4.587,73.0,5.368,73.0,4.787,73.0,4.262,73.0,4.515,73.0,5.28,73.0,4.098,73.0,4.318
M,501.0,Kulusevski,70,70,Spurs,77.0,3.915,77.0,5.669,77.0,4.806,77.0,4.231,77.0,4.22,77.0,4.747,77.0,4.276,77.0,3.645,77.0,4.563,77.0,4.003,77.0,4.805,77.0,4.704
D,307.0,Robertson,66,66,Liverpool,80.0,4.159,80.0,3.472,80.0,5.158,80.0,5.462,80.0,5.151,80.0,4.5,80.0,2.789,80.0,5.265,80.0,5.182,80.0,3.946,80.0,4.397,80.0,3.913
M,226.0,Eze,62,62,Crystal Palace,85.0,4.278,85.0,4.98,85.0,3.83,85.0,4.596,85.0,4.878,85.0,4.747,85.0,4.832,85.0,4.432,85.0,5.161,85.0,3.989,85.0,3.698,85.0,3.965
D,405.0,Botman,47,47,Newcastle,85.0,5.838,85.0,3.991,85.0,4.248,85.0,4.353,85.0,3.573,85.0,4.345,85.0,4.22,85.0,4.088,85.0,4.136,85.0,3.794,85.0,5.082,85.0,4.741
M,140.0,March,64,64,Brighton,63.0,4.257,63.0,3.87,63.0,3.634,63.0,4.618,63.0,4.26,63.0,5.528,63.0,4.425,63.0,3.877,63.0,4.032,63.0,5.445,63.0,3.814,63.0,3.939
F,132.0,Ferguson,60,60,Brighton,60.0,4.149,60.0,3.781,60.0,3.846,60.0,4.262,60.0,4.15,60.0,5.499,60.0,4.516,60.0,3.956,60.0,4.012,60.0,5.426,60.0,4.027,60.0,3.994
M,309.0,Szoboszlai,70,70,Liverpool,78.0,4.115,78.0,3.823,78.0,4.543,78.0,4.716,78.0,4.622,78.0,4.186,78.0,3.623,78.0,4.604,78.0,4.653,78.0,4.056,78.0,4.216,78.0,4.025
M,14.0,Ødegaard,85,85,Arsenal,82.0,4.65,82.0,3.632,82.0,3.878,82.0,5.005,82.0,3.809,82.0,4.952,82.0,3.981,82.0,4.77,82.0,4.758,82.0,3.983,82.0,3.865,82.0,3.712
G,275.0,Leno,47,47,Fulham,89.0,4.057,89.0,5.164,89.0,3.899,89.0,3.385,89.0,4.157,89.0,4.032,89.0,4.777,89.0,3.42,89.0,4.783,89.0,4.464,89.0,3.446,89.0,5.161
M,567.0,Neto,56,56,Wolves,79.0,3.633,79.0,4.095,79.0,4.415,79.0,3.983,79.0,4.581,79.0,4.195,79.0,4.325,79.0,3.873,79.0,4.702,79.0,4.584,79.0,4.238,79.0,4.008
D,281.0,Ream,45,45,Fulham,84.0,4.025,84.0,5.313,84.0,3.91,84.0,3.005,84.0,4.026,84.0,3.779,84.0,4.839,84.0,2.943,84.0,4.902,84.0,4.438,84.0,3.006,84.0,5.31
M,396.0,Rashford,89,89,Man Utd,84.0,4.043,84.0,4.039,84.0,4.55,84.0,3.475,84.0,4.361,84.0,4.725,84.0,4.342,84.0,3.544,84.0,4.036,84.0,4.628,84.0,3.527,84.0,4.222
D,313.0,Van Dijk,60,60,Liverpool,85.0,3.764,85.0,3.02,85.0,4.793,85.0,5.065,85.0,4.742,85.0,4.164,85.0,2.364,85.0,4.883,85.0,4.779,85.0,3.61,85.0,4.059,85.0,3.595
F,437.0,Awoniyi,66,66,Nott'm Forest,75.0,3.903,75.0,3.887,75.0,5.111,75.0,3.554,75.0,3.874,75.0,4.035,75.0,3.51,75.0,4.152,75.0,4.25,75.0,4.297,75.0,3.884,75.0,4.361
D,395.0,Varane,50,50,Man Utd,75.0,4.088,75.0,4.066,75.0,4.619,75.0,2.867,75.0,4.202,75.0,5.426,75.0,4.115,75.0,3.271,75.0,4.078,75.0,4.859,75.0,3.186,75.0,4.02
D,511.0,Romero,48,48,Spurs,80.0,3.462,80.0,5.59,80.0,4.581,80.0,3.535,80.0,3.952,80.0,4.218,80.0,3.998,80.0,2.67,80.0,4.219,80.0,3.458,80.0,4.237,80.0,4.578
F,326.0,Morris,56,56,Luton,80.0,7.866,80.0,3.711,80.0,3.924,80.0,3.708,80.0,3.518,80.0,3.645,80.0,3.696,80.0,3.563,80.0,3.656,80.0,3.363,80.0,3.975,80.0,3.625
G,424.0,Pope,55,55,Newcastle,89.0,5.253,89.0,3.672,89.0,3.951,89.0,3.979,89.0,3.427,89.0,3.932,89.0,4.007,89.0,3.837,89.0,3.81,89.0,3.571,89.0,4.577,89.0,4.194
G,524.0,Areola,42,42,West Ham,89.0,4.787,89.0,3.485,89.0,3.59,89.0,4.277,89.0,3.514,89.0,4.482,89.0,4.252,89.0,3.847,89.0,3.645,89.0,3.933,89.0,4.479,89.0,3.801
G,291.0,Alisson,55,55,Liverpool,89.0,3.689,89.0,3.244,89.0,4.553,89.0,4.727,89.0,4.469,89.0,4.057,89.0,2.912,89.0,4.598,89.0,4.467,89.0,3.637,89.0,3.961,89.0,3.658
F,523.0,Antonio,59,59,West Ham,75.0,4.793,75.0,3.517,75.0,3.663,75.0,3.936,75.0,3.684,75.0,4.056,75.0,4.724,75.0,3.739,75.0,3.675,75.0,4.03,75.0,4.039,75.0,3.774
G,113.0,Raya,48,48,Arsenal,75.0,4.137,75.0,2.946,75.0,3.628,75.0,5.264,75.0,3.254,75.0,5.254,75.0,3.659,75.0,4.652,75.0,4.528,75.0,3.677,75.0,3.436,75.0,3.177
D,220.0,Andersen,47,47,Crystal Palace,85.0,3.463,85.0,4.833,85.0,3.06,85.0,4.132,85.0,4.58,85.0,4.568,85.0,4.681,85.0,3.921,85.0,4.813,85.0,3.293,85.0,2.38,85.0,3.362
M,379.0,Eriksen,59,59,Man Utd,63.0,3.637,63.0,3.619,63.0,4.95,63.0,3.323,63.0,4.059,63.0,5.077,63.0,3.809,63.0,3.441,63.0,3.573,63.0,4.189,63.0,3.417,63.0,3.895
M,557.0,Hwang,54,54,Wolves,62.0,3.608,62.0,3.553,62.0,3.912,62.0,3.446,62.0,5.123,62.0,3.628,62.0,3.757,62.0,3.682,62.0,5.101,62.0,4.044,62.0,3.557,62.0,3.543
D,290.0,Alexander-Arnold,79,79,Liverpool,70.0,3.688,70.0,2.996,70.0,4.563,70.0,4.826,70.0,4.567,70.0,3.919,70.0,2.371,70.0,4.686,70.0,4.576,70.0,3.406,70.0,3.845,70.0,3.363
D,522.0,Aguerd,45,45,West Ham,80.0,4.847,80.0,3.194,80.0,3.443,80.0,4.243,80.0,3.278,80.0,4.442,80.0,4.213,80.0,3.661,80.0,3.584,80.0,3.771,80.0,4.423,80.0,3.618
F,60.0,Watkins,79,79,Aston Villa,80.0,3.463,80.0,4.053,80.0,3.945,80.0,4.162,80.0,4.109,80.0,4.078,80.0,3.729,80.0,4.081,80.0,3.378,80.0,3.594,80.0,3.686,80.0,4.209
F,119.0,Wissa,60,60,Brentford,75.0,4.366,75.0,4.008,75.0,5.005,75.0,3.874,75.0,4.135,75.0,3.638,75.0,3.8,75.0,5.041,75.0,3.565,75.0,5.055,75.0,3.938,0.0,0.0
M,19.0,Saka,87,87,Arsenal,60.0,4.328,60.0,3.21,60.0,3.385,60.0,4.643,60.0,3.245,60.0,4.438,60.0,3.441,60.0,4.458,60.0,4.494,60.0,3.874,60.0,3.436,60.0,3.253
M,280.0,Palhinha,50,50,Fulham,85.0,3.565,85.0,5.033,85.0,3.506,85.0,3.27,85.0,3.683,85.0,3.486,85.0,3.983,85.0,3.325,85.0,4.035,85.0,3.801,85.0,3.422,85.0,5.032
G,569.0,Sá,50,50,Wolves,89.0,3.075,89.0,3.795,89.0,3.888,89.0,3.443,89.0,4.239,89.0,3.87,89.0,3.822,89.0,3.29,89.0,4.698,89.0,4.37,89.0,3.688,89.0,3.724
M,161.0,Brownhill,48,48,Burnley,73.0,7.676,73.0,3.274,73.0,3.188,73.0,3.535,73.0,3.274,73.0,3.127,73.0,3.361,73.0,4.678,73.0,3.533,73.0,3.137,73.0,3.626,73.0,3.438
F,343.0,Álvarez,70,70,Man City,68.0,4.47,68.0,3.865,68.0,3.828,68.0,4.011,68.0,4.552,68.0,3.93,68.0,3.846,68.0,4.061,68.0,3.966,68.0,5.141,68.0,4.033,0.0,0.0
M,267.0,Andreas,55,55,Fulham,83.0,3.658,83.0,4.347,83.0,3.723,83.0,3.436,83.0,3.645,83.0,3.616,83.0,4.09,83.0,3.429,83.0,4.161,83.0,3.821,83.0,3.525,83.0,4.194
F,293.0,Darwin,74,74,Liverpool,55.0,3.463,55.0,3.367,55.0,3.689,55.0,3.891,55.0,4.809,55.0,3.481,55.0,3.391,55.0,3.894,55.0,4.833,55.0,3.437,55.0,3.555,55.0,3.549
D,369.0,Walker,53,53,Man City,76.0,4.473,76.0,3.24,76.0,3.741,76.0,3.598,76.0,5.308,76.0,3.631,76.0,3.658,76.0,4.758,76.0,3.762,76.0,4.754,76.0,4.327,0.0,0.0
D,519.0,Udogie,48,48,Spurs,80.0,3.139,80.0,4.49,80.0,4.441,80.0,3.313,80.0,3.633,80.0,4.107,80.0,3.71,80.0,2.224,80.0,4.141,80.0,3.221,80.0,4.14,80.0,4.357
D,350.0,Dias,55,55,Man City,78.0,4.36,78.0,3.142,78.0,3.744,78.0,3.557,78.0,5.198,78.0,3.67,78.0,3.661,78.0,4.759,78.0,3.796,78.0,4.641,78.0,4.297,0.0,0.0
G,77.0,Neto,45,45,Bournemouth,89.0,3.383,89.0,3.693,89.0,4.229,89.0,4.571,89.0,2.578,89.0,3.3,89.0,4.115,89.0,3.664,89.0,3.323,89.0,3.283,89.0,4.768,89.0,3.801
D,439.0,Boly,45,45,Nott'm Forest,78.0,3.578,78.0,3.237,78.0,5.034,78.0,2.727,78.0,3.62,78.0,3.559,78.0,3.077,78.0,4.132,78.0,3.737,78.0,3.824,78.0,3.75,78.0,4.367
F,433.0,Wilson,78,78,Newcastle,65.0,4.551,65.0,3.562,65.0,3.292,65.0,3.931,65.0,3.306,65.0,3.933,65.0,3.241,65.0,3.5,65.0,3.487,65.0,3.289,65.0,3.91,65.0,4.58
G,145.0,Sánchez,46,46,Chelsea,89.0,3.85,89.0,4.206,89.0,3.504,89.0,3.707,89.0,3.539,89.0,2.997,89.0,3.084,89.0,3.405,89.0,3.399,89.0,3.76,89.0,4.798,89.0,3.933
G,520.0,Vicario,51,51,Spurs,89.0,3.25,89.0,4.116,89.0,4.164,89.0,3.405,89.0,3.638,89.0,3.841,89.0,3.623,89.0,2.832,89.0,3.948,89.0,3.343,89.0,3.892,89.0,4.101
D,427.0,Schär,51,51,Newcastle,85.0,5.059,85.0,3.27,85.0,3.597,85.0,3.628,85.0,2.904,85.0,3.598,85.0,3.68,85.0,3.423,85.0,3.441,85.0,3.207,85.0,4.32,85.0,3.975
M,376.0,Casemiro,54,54,Man Utd,82.0,3.661,82.0,3.656,82.0,3.951,82.0,3.176,82.0,3.753,82.0,4.115,82.0,3.747,82.0,3.248,82.0,3.654,82.0,3.996,82.0,3.229,82.0,3.675
M,199.0,Enzo,49,49,Chelsea,85.0,3.719,85.0,4.063,85.0,3.468,85.0,3.524,85.0,3.495,85.0,3.279,85.0,3.274,85.0,3.463,85.0,3.525,85.0,3.586,85.0,4.458,85.0,3.954
M,539.0,Paquetá,60,60,West Ham,86.0,4.14,86.0,3.273,86.0,3.404,86.0,3.819,86.0,3.275,86.0,3.958,86.0,3.849,86.0,3.422,86.0,3.442,86.0,3.682,86.0,3.983,86.0,3.523
D,31.0,Zinchenko,49,49,Arsenal,75.0,3.865,75.0,2.445,75.0,3.238,75.0,5.144,75.0,2.741,75.0,5.102,75.0,3.217,75.0,4.517,75.0,4.324,75.0,3.334,75.0,3.138,75.0,2.698
D,544.0,Zouma,45,45,West Ham,84.0,4.681,84.0,2.92,84.0,3.069,84.0,3.968,84.0,2.984,84.0,4.251,84.0,4.046,84.0,3.389,84.0,3.223,84.0,3.571,84.0,4.187,84.0,3.334
D,29.0,White,55,55,Arsenal,84.0,3.901,84.0,2.381,84.0,3.145,84.0,5.209,84.0,2.7,84.0,5.195,84.0,3.159,84.0,4.582,84.0,4.345,84.0,3.249,84.0,3.088,84.0,2.609
D,407.0,Burn,45,45,Newcastle,80.0,4.983,80.0,3.218,80.0,3.546,80.0,3.573,80.0,2.853,80.0,3.543,80.0,3.637,80.0,3.375,80.0,3.395,80.0,3.171,80.0,4.259,80.0,3.921
M,303.0,Luis Díaz,76,76,Liverpool,62.0,3.375,62.0,3.132,62.0,3.685,62.0,3.795,62.0,4.55,62.0,3.37,62.0,2.987,62.0,3.736,62.0,4.567,62.0,3.302,62.0,3.393,62.0,3.178
G,49.0,Martínez,49,49,Aston Villa,89.0,3.184,89.0,3.587,89.0,3.708,89.0,4.467,89.0,3.566,89.0,3.897,89.0,3.233,89.0,3.542,89.0,2.758,89.0,3.269,89.0,3.102,89.0,4.384
M,43.0,Douglas Luiz,54,54,Aston Villa,80.0,3.125,80.0,3.749,80.0,3.578,80.0,4.314,80.0,3.588,80.0,3.751,80.0,3.171,80.0,3.594,80.0,2.977,80.0,3.274,80.0,3.082,80.0,4.335
G,352.0,Ederson,56,56,Man City,88.0,4.029,88.0,3.097,88.0,3.558,88.0,3.422,88.0,4.858,88.0,3.462,88.0,3.476,88.0,4.434,88.0,3.629,88.0,4.297,88.0,4.004,0.0,0.0
M,86.0,Tavernier,54,54,Bournemouth,68.0,3.245,68.0,3.533,68.0,3.776,68.0,3.853,68.0,3.039,68.0,3.254,68.0,3.829,68.0,3.435,68.0,3.311,68.0,3.333,68.0,3.966,68.0,3.664
M,447.0,Gibbs-White,59,59,Nott'm Forest,80.0,3.446,80.0,3.309,80.0,4.021,80.0,3.153,80.0,3.416,80.0,3.454,80.0,3.28,80.0,3.657,80.0,3.541,80.0,3.635,80.0,3.527,80.0,3.751
G,596.0,Trafford,45,45,Burnley,89.0,6.265,89.0,3.192,89.0,2.863,89.0,3.296,89.0,3.163,89.0,2.675,89.0,3.435,89.0,4.114,89.0,3.315,89.0,2.713,89.0,3.605,89.0,3.215
M,513.0,Sarr,46,46,Spurs,72.0,3.272,72.0,3.761,72.0,3.722,72.0,3.398,72.0,3.443,72.0,3.539,72.0,3.458,72.0,3.048,72.0,3.62,72.0,3.309,72.0,3.604,72.0,3.643
G,230.0,Johnstone,45,45,Crystal Palace,85.0,3.152,85.0,4.099,85.0,2.788,85.0,3.649,85.0,3.87,85.0,3.929,85.0,3.87,85.0,3.469,85.0,4.107,85.0,3.067,85.0,2.587,85.0,3.206
D,506.0,Pedro Porro,50,50,Spurs,76.0,2.964,76.0,4.134,76.0,4.042,76.0,2.985,76.0,3.43,76.0,3.764,76.0,3.497,76.0,2.137,76.0,3.779,76.0,2.942,76.0,3.775,76.0,4.036
M,429.0,Tonali,55,55,Newcastle,70.0,3.815,70.0,3.367,70.0,3.374,70.0,3.5,70.0,3.165,70.0,3.495,70.0,3.378,70.0,3.363,70.0,3.416,70.0,3.327,70.0,3.61,70.0,3.625
G,597.0,Onana,49,49,Man Utd,89.0,3.45,89.0,3.433,89.0,3.843,89.0,2.693,89.0,3.452,89.0,4.568,89.0,3.438,89.0,2.798,89.0,3.471,89.0,4.051,89.0,2.759,89.0,3.412
F,44.0,Durán,50,50,Aston Villa,10.0,3.667,10.0,2.86,10.0,3.879,10.0,4.574,10.0,2.712,10.0,3.812,10.0,2.629,10.0,2.862,10.0,3.434,10.0,3.556,10.0,2.568,10.0,4.694
D,197.0,Colwill,45,45,Chelsea,79.0,3.609,79.0,4.065,79.0,3.077,79.0,3.527,79.0,3.394,79.0,2.416,79.0,2.673,79.0,3.166,79.0,3.06,79.0,3.6,79.0,4.763,79.0,3.767
F,33.0,Archer,45,45,Sheffield Utd,78.0,3.381,78.0,3.562,78.0,3.368,78.0,3.241,78.0,3.583,78.0,3.022,78.0,3.614,78.0,4.275,78.0,3.204,78.0,3.331,78.0,3.132,78.0,3.341
M,416.0,Joelinton,58,58,Newcastle,75.0,3.835,75.0,3.293,75.0,3.277,75.0,3.487,75.0,3.133,75.0,3.486,75.0,3.283,75.0,3.302,75.0,3.331,75.0,3.212,75.0,3.608,75.0,3.646
D,584.0,Pau,45,45,Aston Villa,78.0,2.924,78.0,3.508,78.0,3.577,78.0,4.54,78.0,3.522,78.0,3.833,78.0,3.066,78.0,3.485,78.0,2.183,78.0,2.955,78.0,2.822,78.0,4.465
G,614.0,Kaminski,45,45,Luton,89.0,7.296,89.0,3.419,89.0,3.33,89.0,2.903,89.0,2.981,89.0,2.895,89.0,3.205,89.0,2.891,89.0,3.048,89.0,2.69,89.0,3.265,89.0,2.913
D,129.0,Dunk,50,50,Brighton,84.0,3.072,84.0,2.837,84.0,1.924,84.0,4.093,84.0,3.424,84.0,4.911,84.0,3.646,84.0,2.979,84.0,3.512,84.0,4.9,84.0,2.458,84.0,2.933
D,305.0,Matip,49,49,Liverpool,75.0,3.184,75.0,2.582,75.0,4.046,75.0,4.239,75.0,3.944,75.0,3.466,75.0,1.96,75.0,4.074,75.0,3.952,75.0,2.925,75.0,3.357,75.0,2.888
G,482.0,Foderingham,45,45,Sheffield Utd,89.0,3.354,89.0,3.46,89.0,3.377,89.0,2.957,89.0,4.04,89.0,2.845,89.0,3.997,89.0,3.81,89.0,3.12,89.0,3.414,89.0,3.025,89.0,3.093
M,270.0,De Cordova-Reid,55,55,Fulham,75.0,3.273,75.0,3.83,75.0,3.25,75.0,3.119,75.0,3.283,75.0,3.217,75.0,3.543,75.0,3.078,75.0,3.558,75.0,3.381,75.0,3.081,75.0,3.643
D,234.0,Mitchell,45,45,Crystal Palace,77.0,2.892,77.0,4.23,77.0,2.496,77.0,3.583,77.0,3.946,77.0,3.984,77.0,3.939,77.0,3.356,77.0,4.224,77.0,2.751,77.0,1.942,77.0,2.913
D,228.0,Guéhi,45,45,Crystal Palace,85.0,2.902,85.0,4.216,85.0,2.51,85.0,3.564,85.0,3.937,85.0,3.968,85.0,3.925,85.0,3.335,85.0,4.21,85.0,2.76,85.0,1.967,85.0,2.924
M,221.0,J.Ayew,55,55,Crystal Palace,77.0,3.227,77.0,3.724,77.0,2.924,77.0,3.466,77.0,3.651,77.0,3.582,77.0,3.614,77.0,3.383,77.0,3.702,77.0,3.013,77.0,2.788,77.0,3.058
D,112.0,Pinnock,45,45,Brentford,85.0,3.803,85.0,3.066,85.0,4.838,85.0,3.148,85.0,3.876,85.0,2.651,85.0,3.105,85.0,4.913,85.0,2.796,85.0,4.093,85.0,3.672,0.0,0.0
M,542.0,Soucek,49,49,West Ham,77.0,3.677,77.0,3.074,77.0,3.029,77.0,3.402,77.0,3.062,77.0,3.559,77.0,3.532,77.0,3.187,77.0,3.075,77.0,3.387,77.0,3.506,77.0,3.193
D,528.0,Coufal,45,45,West Ham,75.0,4.263,75.0,2.576,75.0,2.817,75.0,3.633,75.0,2.649,75.0,3.855,75.0,3.65,75.0,3.007,75.0,3.015,75.0,3.188,75.0,3.856,75.0,2.981
D,20.0,Saliba,52,52,Arsenal,70.0,3.476,70.0,2.182,70.0,2.901,70.0,4.634,70.0,2.45,70.0,4.621,70.0,2.866,70.0,4.087,70.0,3.878,70.0,2.984,70.0,2.814,70.0,2.408
M,63.0,Billing,53,53,Bournemouth,75.0,2.981,75.0,3.257,75.0,3.516,75.0,3.61,75.0,2.765,75.0,2.949,75.0,3.543,75.0,3.262,75.0,3.109,75.0,3.142,75.0,3.725,75.0,3.376
F,85.0,Solanke,64,64,Bournemouth,65.0,2.992,65.0,3.126,65.0,3.378,65.0,3.883,65.0,2.8,65.0,2.926,65.0,3.843,65.0,3.019,65.0,2.937,65.0,3.013,65.0,3.939,65.0,3.275
F,232.0,Mateta,49,49,Crystal Palace,70.0,3.212,70.0,3.43,70.0,3.036,70.0,3.256,70.0,3.413,70.0,3.34,70.0,3.444,70.0,3.253,70.0,3.43,70.0,3.056,70.0,2.968,70.0,3.089
G,28.0,Turner,40,40,Nott'm Forest,89.0,3.146,89.0,2.846,89.0,4.187,89.0,2.615,89.0,3.251,89.0,3.065,89.0,2.861,89.0,3.504,89.0,3.168,89.0,3.256,89.0,3.304,89.0,3.634
D,688.0,Castagne,45,45,Fulham,74.0,3.121,74.0,4.202,74.0,3.012,74.0,2.414,74.0,3.044,74.0,2.886,74.0,3.826,74.0,2.267,74.0,3.84,74.0,3.439,74.0,2.253,74.0,4.199
M,406.0,Bruno Guimarães,58,58,Newcastle,85.0,3.654,85.0,3.118,85.0,3.083,85.0,3.29,85.0,2.969,85.0,3.294,85.0,2.995,85.0,3.067,85.0,3.166,85.0,2.935,85.0,3.428,85.0,3.371
D,5.0,Gabriel,47,47,Arsenal,75.0,3.358,75.0,2.049,75.0,2.822,75.0,4.685,75.0,2.281,75.0,4.597,75.0,2.76,75.0,4.01,75.0,3.866,75.0,2.912,75.0,2.715,75.0,2.278
M,50.0,McGinn,55,55,Aston Villa,76.0,2.989,76.0,3.267,76.0,3.251,76.0,3.507,76.0,3.284,76.0,3.345,76.0,2.989,76.0,3.272,76.0,2.787,76.0,3.103,76.0,2.989,76.0,3.511
D,377.0,Dalot,49,49,Man Utd,77.0,3.185,77.0,3.18,77.0,3.68,77.0,2.094,77.0,3.239,77.0,4.511,77.0,3.223,77.0,2.345,77.0,3.23,77.0,3.955,77.0,2.316,77.0,3.088
M,700.0,Ansu Fati,65,65,Brighton,50.0,3.024,50.0,2.987,50.0,2.915,50.0,3.186,50.0,3.141,50.0,3.6,50.0,3.495,50.0,3.01,50.0,3.066,50.0,3.508,50.0,2.986,50.0,3.054
G,101.0,Flekken,45,45,Brentford,89.0,3.476,89.0,3.052,89.0,4.397,89.0,3.043,89.0,3.639,89.0,2.705,89.0,3.119,89.0,4.497,89.0,2.788,89.0,3.766,89.0,3.463,0.0,0.0
M,202.0,Gallagher,54,54,Chelsea,77.0,3.266,77.0,3.404,77.0,3.023,77.0,3.119,77.0,3.108,77.0,2.84,77.0,2.91,77.0,3.037,77.0,3.026,77.0,3.241,77.0,3.567,77.0,3.305
M,412.0,Gordon,56,56,Newcastle,72.0,3.599,72.0,3.034,72.0,3.005,72.0,3.219,72.0,2.907,72.0,3.244,72.0,2.979,72.0,3.001,72.0,3.071,72.0,2.914,72.0,3.361,72.0,3.422
M,288.0,Wilson,54,54,Fulham,70.0,3.068,70.0,3.486,70.0,3.073,70.0,2.897,70.0,3.067,70.0,3.014,70.0,3.338,70.0,2.869,70.0,3.354,70.0,3.174,70.0,2.879,70.0,3.42
M,402.0,Almirón,63,63,Newcastle,68.0,3.482,68.0,3.012,68.0,3.018,68.0,3.184,68.0,2.892,68.0,3.179,68.0,3.023,68.0,3.014,68.0,3.088,68.0,2.971,68.0,3.271,68.0,3.329
M,106.0,Jensen,54,54,Brentford,75.0,3.587,75.0,3.233,75.0,3.842,75.0,3.131,75.0,3.497,75.0,3.037,75.0,3.225,75.0,3.894,75.0,2.983,75.0,3.763,75.0,3.27,0.0,0.0
D,217.0,Thiago Silva,50,50,Chelsea,87.0,3.259,87.0,3.707,87.0,2.748,87.0,3.168,87.0,3.028,87.0,2.085,87.0,2.341,87.0,2.831,87.0,2.705,87.0,3.24,87.0,4.419,87.0,3.405
D,103.0,Henry,45,45,Brentford,0.0,0.0,79.0,2.761,79.0,4.53,79.0,2.842,79.0,3.581,79.0,2.384,79.0,2.815,79.0,4.62,79.0,2.527,79.0,3.792,79.0,3.375,0.0,0.0
D,48.0,Konsa,45,45,Aston Villa,77.0,2.66,77.0,3.106,77.0,3.169,77.0,4.128,77.0,3.125,77.0,3.431,77.0,2.78,77.0,3.084,77.0,1.931,77.0,2.581,77.0,2.478,77.0,4.058
F,211.0,N.Jackson,69,69,Chelsea,78.0,3.228,78.0,3.225,78.0,2.842,78.0,3.031,78.0,3.067,78.0,2.728,78.0,2.794,78.0,2.86,78.0,3.029,78.0,3.206,78.0,3.259,78.0,3.189
D,42.0,Digne,46,46,Aston Villa,70.0,2.555,70.0,3.17,70.0,3.194,70.0,4.094,70.0,3.17,70.0,3.419,70.0,2.766,70.0,3.143,70.0,1.862,70.0,2.537,70.0,2.433,70.0,4.024
D,222.0,Clyne,44,44,Crystal Palace,72.0,2.603,72.0,3.762,72.0,2.229,72.0,3.282,72.0,3.509,72.0,3.574,72.0,3.503,72.0,2.962,72.0,3.766,72.0,2.53,72.0,1.812,72.0,2.683
D,316.0,Bell,40,40,Luton,84.0,6.999,84.0,3.173,84.0,3.13,84.0,2.574,84.0,2.405,84.0,2.393,84.0,2.879,84.0,2.498,84.0,2.468,84.0,2.052,84.0,3.052,84.0,2.372
M,240.0,Schlupp,49,49,Crystal Palace,74.0,2.859,74.0,3.208,74.0,2.753,74.0,2.993,74.0,3.159,74.0,3.131,74.0,3.205,74.0,2.952,74.0,3.215,74.0,2.812,74.0,2.632,74.0,2.855
D,242.0,Ward,45,45,Crystal Palace,77.0,2.518,77.0,3.764,77.0,2.13,77.0,3.252,77.0,3.494,77.0,3.559,77.0,3.478,77.0,2.905,77.0,3.757,77.0,2.459,77.0,1.688,77.0,2.62
D,204.0,Hall,44,44,Newcastle,60.0,3.705,60.0,2.757,60.0,2.881,60.0,2.963,60.0,2.456,60.0,2.944,60.0,2.895,60.0,2.81,60.0,2.854,60.0,2.72,60.0,3.315,60.0,3.243
M,605.0,Koleosho,50,50,Burnley,65.0,5.472,65.0,2.577,65.0,2.555,65.0,2.882,65.0,2.608,65.0,2.44,65.0,2.776,65.0,3.116,65.0,2.881,65.0,2.47,65.0,2.835,65.0,2.791
M,678.0,Doku,65,65,Man City,60.0,3.464,60.0,2.872,60.0,2.923,60.0,3.045,60.0,3.582,60.0,2.97,60.0,2.906,60.0,3.183,60.0,3.029,60.0,4.326,60.0,3.1,0.0,0.0
D,386.0,Lindelöf,45,45,Man Utd,75.0,2.959,75.0,2.955,75.0,3.439,75.0,1.92,75.0,3.002,75.0,4.257,75.0,2.998,75.0,2.137,75.0,3.026,75.0,3.706,75.0,2.131,75.0,2.863
F,594.0,Amdouni,54,54,Burnley,64.0,5.501,64.0,2.562,64.0,2.572,64.0,2.838,64.0,2.605,64.0,2.609,64.0,2.729,64.0,2.967,64.0,2.818,64.0,2.527,64.0,2.712,64.0,2.794
F,13.0,Nketiah,55,55,Arsenal,65.0,2.972,65.0,2.561,65.0,2.677,65.0,3.586,65.0,2.655,65.0,3.522,65.0,2.712,65.0,2.993,65.0,3.543,65.0,2.69,65.0,2.626,65.0,2.6
D,436.0,Aurier,45,45,Nott'm Forest,73.0,2.671,73.0,2.362,73.0,4.185,73.0,1.928,73.0,2.807,73.0,2.755,73.0,2.298,73.0,3.262,73.0,2.915,73.0,3.026,73.0,2.976,73.0,3.543
M,165.0,Cullen,50,50,Burnley,85.0,5.209,85.0,2.57,85.0,2.431,85.0,2.761,85.0,2.577,85.0,2.366,85.0,2.762,85.0,3.05,85.0,2.751,85.0,2.371,85.0,2.828,85.0,2.696
D,563.0,Kilman,45,45,Wolves,83.0,1.799,83.0,2.818,83.0,3.001,83.0,2.347,83.0,3.434,83.0,2.991,83.0,2.862,83.0,2.124,83.0,3.896,83.0,3.596,83.0,2.731,83.0,2.77
D,96.0,Collins,45,45,Brentford,82.0,3.272,82.0,2.559,82.0,4.302,82.0,2.646,82.0,3.34,82.0,2.181,82.0,2.609,82.0,4.381,82.0,2.324,82.0,3.565,82.0,3.169,0.0,0.0
F,390.0,Martial,65,65,Man Utd,65.0,2.789,65.0,2.787,65.0,2.985,65.0,2.667,65.0,2.929,65.0,2.978,65.0,2.923,65.0,2.719,65.0,2.775,65.0,2.923,65.0,2.711,65.0,2.87
D,271.0,Diop,45,45,Fulham,84.0,2.702,84.0,3.924,84.0,2.578,84.0,1.953,84.0,2.674,84.0,2.44,84.0,3.508,84.0,1.802,84.0,3.536,84.0,3.104,84.0,1.853,84.0,3.921
D,283.0,Robinson,45,45,Fulham,75.0,2.737,75.0,3.832,75.0,2.65,75.0,2.015,75.0,2.638,75.0,2.487,75.0,3.434,75.0,1.87,75.0,3.457,75.0,3.045,75.0,1.851,75.0,3.825
D,532.0,Emerson,45,45,West Ham,73.0,3.701,73.0,2.179,73.0,2.401,73.0,3.142,73.0,2.246,73.0,3.323,73.0,3.101,73.0,2.597,73.0,2.535,73.0,2.693,73.0,3.325,73.0,2.567
D,341.0,Akanji,50,50,Man City,65.0,3.306,65.0,2.381,65.0,2.807,65.0,2.683,65.0,3.936,65.0,2.755,65.0,2.744,65.0,3.564,65.0,2.854,65.0,3.517,65.0,3.218,0.0,0.0
F,297.0,Gakpo,72,72,Liverpool,65.0,2.722,65.0,2.639,65.0,2.858,65.0,2.967,65.0,3.004,65.0,2.731,65.0,2.571,65.0,2.912,65.0,3.027,65.0,2.745,65.0,2.778,65.0,2.734
M,488.0,Norwood,49,49,Sheffield Utd,74.0,2.767,74.0,2.822,74.0,2.793,74.0,2.697,74.0,2.979,74.0,2.632,74.0,2.973,74.0,2.919,74.0,2.74,74.0,2.855,74.0,2.732,74.0,2.705
M,378.0,Elanga,50,50,Nott'm Forest,60.0,2.598,60.0,2.559,60.0,3.871,60.0,2.413,60.0,2.642,60.0,2.707,60.0,2.466,60.0,2.853,60.0,2.852,60.0,2.934,60.0,2.661,60.0,3.011
D,178.0,Taylor,39,39,Burnley,79.0,4.997,79.0,2.545,79.0,2.11,79.0,2.732,79.0,2.487,79.0,1.794,79.0,2.833,79.0,3.763,79.0,2.722,79.0,1.833,79.0,3.108,79.0,2.613
M,66.0,Cook,50,50,Bournemouth,77.0,2.657,77.0,2.778,77.0,2.974,77.0,3.066,77.0,2.441,77.0,2.633,77.0,2.933,77.0,2.722,77.0,2.596,77.0,2.6,77.0,3.099,77.0,2.861
M,382.0,Garnacho,48,48,Man Utd,60.0,2.755,60.0,2.753,60.0,2.933,60.0,2.532,60.0,2.853,60.0,3.029,60.0,2.858,60.0,2.591,60.0,2.75,60.0,2.902,60.0,2.585,60.0,2.783
M,110.0,Nørgaard,55,55,Brentford,77.0,3.157,77.0,2.849,77.0,3.408,77.0,2.815,77.0,3.109,77.0,2.713,77.0,2.842,77.0,3.406,77.0,2.752,77.0,3.239,77.0,2.972,0.0,0.0
D,643.0,Aarons,45,45,Bournemouth,77.0,2.263,77.0,2.737,77.0,3.388,77.0,3.745,77.0,1.488,77.0,2.165,77.0,3.233,77.0,2.741,77.0,2.252,77.0,2.203,77.0,3.967,77.0,2.875
D,342.0,Aké,51,51,Man City,60.0,3.161,60.0,2.528,60.0,2.797,60.0,2.73,60.0,3.605,60.0,2.774,60.0,2.758,60.0,3.335,60.0,2.838,60.0,3.38,60.0,3.108,0.0,0.0
D,173.0,O'Shea,44,44,Burnley,82.0,4.902,82.0,2.492,82.0,2.057,82.0,2.685,82.0,2.439,82.0,1.742,82.0,2.788,82.0,3.731,82.0,2.676,82.0,1.777,82.0,3.064,82.0,2.566
F,590.0,Cunha,55,55,Wolves,66.0,2.584,66.0,2.661,66.0,2.844,66.0,2.646,66.0,2.892,66.0,2.745,66.0,2.771,66.0,2.63,66.0,2.856,66.0,2.888,66.0,2.703,66.0,2.675
D,551.0,Dawson,45,45,Wolves,84.0,1.729,84.0,2.773,84.0,2.832,84.0,2.2,84.0,3.272,84.0,2.957,84.0,2.703,84.0,1.94,84.0,3.736,84.0,3.443,84.0,2.565,84.0,2.74
M,6.0,Havertz,71,71,Arsenal,63.0,2.873,63.0,2.446,63.0,2.574,63.0,3.142,63.0,2.501,63.0,3.056,63.0,2.583,63.0,2.981,63.0,2.993,63.0,2.614,63.0,2.559,63.0,2.488
M,383.0,Mejbri,44,44,Man Utd,55.0,2.427,55.0,2.43,55.0,3.678,55.0,2.319,55.0,2.678,55.0,3.734,55.0,2.762,55.0,2.371,55.0,2.423,55.0,2.888,55.0,2.389,55.0,2.498
M,126.0,Caicedo,48,48,Chelsea,75.0,2.771,75.0,2.902,75.0,2.634,75.0,2.701,75.0,2.661,75.0,2.477,75.0,2.541,75.0,2.644,75.0,2.627,75.0,2.747,75.0,3.051,75.0,2.814
D,545.0,Aït-Nouri,45,45,Wolves,76.0,1.741,76.0,2.736,76.0,2.805,76.0,2.201,76.0,3.226,76.0,2.918,76.0,2.669,76.0,1.949,76.0,3.679,76.0,3.399,76.0,2.533,76.0,2.705
M,304.0,Mac Allister,59,59,Liverpool,72.0,2.599,72.0,2.476,72.0,2.855,72.0,2.931,72.0,2.931,72.0,2.691,72.0,2.34,72.0,2.894,72.0,2.956,72.0,2.569,72.0,2.697,72.0,2.586
D,318.0,Burke,40,40,Luton,77.0,6.396,77.0,2.887,77.0,2.843,77.0,2.295,77.0,2.134,77.0,2.113,77.0,2.592,77.0,2.222,77.0,2.191,77.0,1.776,77.0,2.766,77.0,2.096
F,468.0,Wood,49,49,Nott'm Forest,25.0,2.49,25.0,2.479,25.0,3.564,25.0,2.413,25.0,2.785,25.0,2.683,25.0,2.413,25.0,2.584,25.0,2.758,25.0,2.746,25.0,2.51,25.0,2.77
D,150.0,Van Hecke,40,40,Brighton,63.0,2.479,63.0,2.289,63.0,1.708,63.0,3.153,63.0,2.711,63.0,3.746,63.0,2.835,63.0,2.419,63.0,2.747,63.0,3.666,63.0,2.054,63.0,2.384
D,109.0,Mee,49,49,Brentford,65.0,3.017,65.0,2.481,65.0,3.788,65.0,2.554,65.0,3.062,65.0,2.188,65.0,2.484,65.0,3.923,65.0,2.296,65.0,3.302,65.0,2.94,0.0,0.0
D,602.0,Kabore,40,40,Luton,73.0,6.313,73.0,2.842,73.0,2.83,73.0,2.247,73.0,2.114,73.0,2.074,73.0,2.536,73.0,2.166,73.0,2.163,73.0,1.759,73.0,2.766,73.0,2.079
M,133.0,Gilmour,49,49,Brighton,64.0,2.69,64.0,2.442,64.0,2.247,64.0,2.883,64.0,2.618,64.0,3.074,64.0,2.741,64.0,2.446,64.0,2.567,64.0,3.046,64.0,2.432,64.0,2.48
M,105.0,Janelt,54,54,Brentford,74.0,2.938,74.0,2.739,74.0,3.153,74.0,2.714,74.0,2.909,74.0,2.625,74.0,2.735,74.0,3.231,74.0,2.664,74.0,3.059,74.0,2.846,0.0,0.0
D,285.0,Tete,45,45,Fulham,75.0,2.536,75.0,3.643,75.0,2.467,75.0,1.818,75.0,2.421,75.0,2.287,75.0,3.245,75.0,1.671,75.0,3.271,75.0,2.838,75.0,1.637,75.0,3.637
M,566.0,Matheus,50,50,Man City,70.0,2.93,70.0,2.643,70.0,2.762,70.0,2.738,70.0,3.114,70.0,2.725,70.0,2.736,70.0,2.967,70.0,2.767,70.0,3.045,70.0,2.872,0.0,0.0
F,485.0,McBurnie,54,54,Sheffield Utd,70.0,2.554,70.0,2.613,70.0,2.567,70.0,2.54,70.0,2.67,70.0,2.511,70.0,2.671,70.0,2.632,70.0,2.562,70.0,2.581,70.0,2.537,70.0,2.522
D,176.0,Roberts,44,44,Burnley,79.0,4.592,79.0,2.341,79.0,1.906,79.0,2.533,79.0,2.282,79.0,1.59,79.0,2.63,79.0,3.562,79.0,2.521,79.0,1.63,79.0,2.906,79.0,2.411
D,474.0,Basham,40,40,Sheffield Utd,80.0,2.523,80.0,2.673,80.0,2.48,80.0,1.897,80.0,3.364,80.0,1.906,80.0,3.349,80.0,3.112,80.0,2.154,80.0,2.604,80.0,2.273,80.0,2.315
D,89.0,Zabarnyi,45,45,Bournemouth,78.0,2.05,78.0,2.521,78.0,3.174,78.0,3.533,78.0,1.282,78.0,1.952,78.0,3.018,78.0,2.534,78.0,2.038,78.0,1.985,78.0,3.756,78.0,2.658
M,65.0,Christie,50,50,Bournemouth,64.0,2.389,64.0,2.523,64.0,2.674,64.0,2.729,64.0,2.236,64.0,2.374,64.0,2.756,64.0,2.48,64.0,2.388,64.0,2.396,64.0,2.877,64.0,2.585
M,210.0,Mudryk,63,63,Chelsea,62.0,2.581,62.0,2.732,62.0,2.374,62.0,2.459,62.0,2.496,62.0,2.276,62.0,2.325,62.0,2.381,62.0,2.427,62.0,2.569,62.0,2.918,62.0,2.68
D,104.0,Hickey,45,45,Brentford,75.0,2.87,75.0,2.186,75.0,3.854,75.0,2.288,75.0,2.932,75.0,1.829,75.0,2.229,75.0,3.94,75.0,1.969,75.0,3.14,75.0,2.777,0.0,0.0
M,493.0,Bissouma,50,50,Spurs,79.0,2.351,79.0,2.657,79.0,2.638,79.0,2.343,79.0,2.444,79.0,2.59,79.0,2.464,79.0,2.152,79.0,2.546,79.0,2.357,79.0,2.607,79.0,2.62
M,565.0,Lemina,50,50,Wolves,74.0,2.252,74.0,2.435,74.0,2.526,74.0,2.351,74.0,2.631,74.0,2.495,74.0,2.452,74.0,2.288,74.0,2.722,74.0,2.692,74.0,2.398,74.0,2.439
M,481.0,Fleck,49,49,Sheffield Utd,67.0,2.437,67.0,2.49,67.0,2.428,67.0,2.36,67.0,2.64,67.0,2.329,67.0,2.637,67.0,2.581,67.0,2.388,67.0,2.462,67.0,2.397,67.0,2.384
M,64.0,Brooks,49,49,Bournemouth,22.0,2.015,22.0,2.371,22.0,2.538,22.0,3.116,22.0,1.952,22.0,2.016,22.0,3.254,22.0,2.395,22.0,2.045,22.0,2.082,22.0,3.257,22.0,2.374
M,52.0,Nakamba,44,44,Luton,84.0,4.844,84.0,2.338,84.0,2.389,84.0,2.136,84.0,2.199,84.0,2.126,84.0,2.28,84.0,2.166,84.0,2.23,84.0,2.118,84.0,2.32,84.0,2.205
F,287.0,Vinícius,48,48,Fulham,40.0,2.152,40.0,3.28,40.0,2.173,40.0,2.125,40.0,2.203,40.0,2.507,40.0,2.588,40.0,2.099,40.0,2.407,40.0,2.427,40.0,2.112,40.0,3.209
F,558.0,Jiménez,54,54,Fulham,63.0,2.325,63.0,2.684,63.0,2.388,63.0,2.304,63.0,2.354,63.0,2.332,63.0,2.576,63.0,2.292,63.0,2.563,63.0,2.444,63.0,2.3,63.0,2.584
D,457.0,Niakhaté,45,45,Nott'm Forest,65.0,2.3,65.0,2.06,65.0,3.351,65.0,1.745,65.0,2.419,65.0,2.27,65.0,2.052,65.0,2.708,65.0,2.369,65.0,2.474,65.0,2.506,65.0,2.857
D,480.0,Egan,44,44,Sheffield Utd,85.0,2.37,85.0,2.521,85.0,2.356,85.0,1.742,85.0,3.25,85.0,1.747,85.0,3.235,85.0,2.971,85.0,2.024,85.0,2.477,85.0,2.113,85.0,2.156
D,572.0,Semedo,45,45,Wolves,80.0,1.43,80.0,2.436,80.0,2.495,80.0,1.896,80.0,2.918,80.0,2.619,80.0,2.36,80.0,1.636,80.0,3.382,80.0,3.103,80.0,2.224,80.0,2.405
F,168.0,Foster,50,50,Burnley,45.0,4.823,45.0,1.978,45.0,1.973,45.0,2.239,45.0,1.992,45.0,1.987,45.0,2.07,45.0,2.889,45.0,2.237,45.0,1.962,45.0,2.216,45.0,2.167
F,154.0,Welbeck,58,58,Brighton,58.0,2.295,58.0,2.236,58.0,2.144,58.0,2.538,58.0,2.397,58.0,2.664,58.0,2.495,58.0,2.243,58.0,2.3,58.0,2.602,58.0,2.229,58.0,2.279
M,570.0,Sarabia,49,49,Wolves,55.0,2.092,55.0,2.288,55.0,2.468,55.0,2.159,55.0,2.557,55.0,2.337,55.0,2.374,55.0,2.1,55.0,2.519,55.0,2.518,55.0,2.303,55.0,2.248
F,135.0,João Pedro,54,54,Brighton,52.0,2.225,52.0,2.133,52.0,1.957,52.0,2.558,52.0,2.284,52.0,2.904,52.0,2.579,52.0,2.1,52.0,2.174,52.0,2.835,52.0,2.059,52.0,2.133
D,471.0,Ahmedhodžić,44,44,Sheffield Utd,78.0,2.267,78.0,2.416,78.0,2.225,78.0,1.645,78.0,3.104,78.0,1.654,78.0,3.091,78.0,2.853,78.0,1.9,78.0,2.348,78.0,2.019,78.0,2.06
F,415.0,Isak,76,76,Newcastle,50.0,2.848,50.0,2.172,50.0,2.081,50.0,2.322,50.0,2.042,50.0,2.327,50.0,2.06,50.0,2.133,50.0,2.198,50.0,2.077,50.0,2.326,50.0,2.882
D,604.0,Aina,45,45,Nott'm Forest,69.0,2.141,69.0,1.843,69.0,3.343,69.0,1.479,69.0,2.257,69.0,2.082,69.0,1.853,69.0,2.609,69.0,2.192,69.0,2.318,69.0,2.378,69.0,2.765
M,170.0,Gudmundsson,49,49,Burnley,60.0,4.21,60.0,1.998,60.0,1.98,60.0,2.12,60.0,2.044,60.0,1.926,60.0,2.088,60.0,2.312,60.0,2.123,60.0,1.864,60.0,2.113,60.0,2.059
D,151.0,Veltman,44,44,Brighton,60.0,2.049,60.0,1.898,60.0,1.431,60.0,2.59,60.0,2.24,60.0,3.012,60.0,2.34,60.0,1.996,60.0,2.262,60.0,3.003,60.0,1.714,60.0,1.976
M,394.0,Pellistri,44,44,Man Utd,64.0,2.171,64.0,2.167,64.0,2.334,64.0,2.004,64.0,2.232,64.0,2.461,64.0,2.217,64.0,2.053,64.0,2.172,64.0,2.373,64.0,2.044,64.0,2.183
M,421.0,S.Longstaff,49,49,Newcastle,60.0,2.45,60.0,2.13,60.0,2.128,60.0,2.243,60.0,2.027,60.0,2.241,60.0,2.126,60.0,2.139,60.0,2.16,60.0,2.089,60.0,2.309,60.0,2.339
M,35.0,Buendía,58,58,Aston Villa,55.0,1.99,55.0,2.29,55.0,2.155,55.0,2.457,55.0,2.29,55.0,2.254,55.0,2.09,55.0,2.291,55.0,1.893,55.0,1.956,55.0,2.033,55.0,2.46
D,576.0,Jack Robinson,45,45,Sheffield Utd,75.0,2.145,75.0,2.281,75.0,2.097,75.0,1.532,75.0,2.968,75.0,1.544,75.0,2.949,75.0,2.719,75.0,1.767,75.0,2.206,75.0,1.902,75.0,1.946
M,223.0,C.Doucouré,50,50,Crystal Palace,65.0,2.066,65.0,2.308,65.0,1.988,65.0,2.153,65.0,2.292,65.0,2.242,65.0,2.272,65.0,2.131,65.0,2.329,65.0,2.019,65.0,1.884,65.0,2.052
D,315.0,Andersen,40,40,Luton,50.0,4.962,50.0,1.949,50.0,2.092,50.0,1.833,50.0,1.816,50.0,1.827,50.0,1.895,50.0,1.835,50.0,1.853,50.0,1.763,50.0,2.071,50.0,1.821
M,294.0,Diogo Jota,78,78,Liverpool,55.0,2.03,55.0,1.934,55.0,2.217,55.0,2.35,55.0,2.395,55.0,2.06,55.0,1.871,55.0,2.28,55.0,2.414,55.0,2.037,55.0,2.079,55.0,2.017
M,26.0,Trossard,66,66,Arsenal,25.0,2.273,25.0,1.862,25.0,1.942,25.0,2.445,25.0,1.893,25.0,2.338,25.0,1.963,25.0,2.315,25.0,2.396,25.0,2.296,25.0,1.922,25.0,1.863
M,282.0,Reed,48,48,Fulham,64.0,2.05,64.0,2.337,64.0,2.047,64.0,1.955,64.0,2.067,64.0,2.03,64.0,2.27,64.0,1.926,64.0,2.256,64.0,2.151,64.0,1.93,64.0,2.334
M,675.0,Ramsey,50,50,Burnley,62.0,3.859,62.0,1.891,62.0,1.846,62.0,1.987,62.0,1.893,62.0,1.82,62.0,1.97,62.0,2.134,62.0,1.987,62.0,1.821,62.0,2.007,62.0,1.95
M,453.0,Mangala,50,50,Nott'm Forest,68.0,2.019,68.0,1.957,68.0,2.333,68.0,1.883,68.0,2.044,68.0,2.028,68.0,1.965,68.0,2.145,68.0,2.075,68.0,2.125,68.0,2.064,68.0,2.222
M,525.0,Benrahma,58,58,West Ham,35.0,2.353,35.0,1.806,35.0,1.939,35.0,2.055,35.0,1.846,35.0,2.156,35.0,2.148,35.0,1.873,35.0,1.903,35.0,2.046,35.0,2.224,35.0,1.965
M,4.0,Fábio Vieira,54,54,Arsenal,50.0,2.113,50.0,1.747,50.0,1.837,50.0,2.265,50.0,1.799,50.0,2.177,50.0,1.873,50.0,2.154,50.0,2.211,50.0,1.913,50.0,1.829,50.0,1.792
M,586.0,Chong,49,49,Luton,60.0,3.83,60.0,1.86,60.0,1.928,60.0,1.731,60.0,1.769,60.0,1.725,60.0,1.829,60.0,1.779,60.0,1.779,60.0,1.724,60.0,1.871,60.0,1.772
D,484.0,Lowe,44,44,Sheffield Utd,62.0,1.914,62.0,2.008,62.0,1.869,62.0,1.53,62.0,2.467,62.0,1.52,62.0,2.452,62.0,2.289,62.0,1.67,62.0,1.955,62.0,1.767,62.0,1.778
M,356.0,Kovacic,49,49,Man City,60.0,2.185,60.0,1.958,60.0,2.014,60.0,2.022,60.0,2.301,60.0,2.002,60.0,2.002,60.0,2.145,60.0,2.031,60.0,2.218,60.0,2.089,0.0,0.0
M,78.0,Ouattara,48,48,Bournemouth,35.0,1.662,35.0,1.871,35.0,2.017,35.0,2.021,35.0,1.584,35.0,1.69,35.0,2.111,35.0,1.81,35.0,1.751,35.0,1.778,35.0,2.139,35.0,1.971
F,314.0,Adebayo,48,48,Luton,55.0,3.45,55.0,1.723,55.0,1.756,55.0,1.639,55.0,1.686,55.0,1.651,55.0,1.721,55.0,1.698,55.0,1.695,55.0,1.672,55.0,1.714,55.0,1.695
M,12.0,Martinelli,77,77,Arsenal,30.0,1.974,30.0,1.639,30.0,1.719,30.0,2.071,30.0,1.687,30.0,1.981,30.0,1.755,30.0,1.994,30.0,2.041,30.0,1.779,30.0,1.696,30.0,1.674
M,354.0,Grealish,73,73,Man City,50.0,2.2,50.0,1.826,50.0,1.852,50.0,1.948,50.0,2.238,50.0,1.853,50.0,1.837,50.0,1.963,50.0,1.949,50.0,2.31,50.0,1.917,0.0,0.0
F,486.0,Ndiaye,55,55,Sheffield Utd,55.0,1.818,55.0,1.844,55.0,1.819,55.0,1.729,55.0,1.954,55.0,1.698,55.0,1.955,55.0,1.904,55.0,1.739,55.0,1.822,55.0,1.79,55.0,1.788
M,515.0,Skipp,47,47,Spurs,60.0,1.731,60.0,1.919,60.0,1.909,60.0,1.748,60.0,1.78,60.0,1.884,60.0,1.809,60.0,1.643,60.0,1.851,60.0,1.738,60.0,1.884,60.0,1.89
D,497.0,Emerson Royal,45,45,Spurs,20.0,1.633,20.0,2.375,20.0,1.844,20.0,1.659,20.0,1.644,20.0,1.9,20.0,1.681,20.0,1.66,20.0,1.722,20.0,1.653,20.0,1.893,20.0,1.899
M,450.0,Johnson,58,58,Spurs,55.0,1.69,55.0,1.945,55.0,1.88,55.0,1.72,55.0,1.734,55.0,1.865,55.0,1.761,55.0,1.644,55.0,1.802,55.0,1.702,55.0,1.865,55.0,1.859
M,591.0,Willian,53,53,Fulham,53.0,1.677,53.0,2.065,53.0,1.715,53.0,1.628,53.0,1.729,53.0,1.702,53.0,1.958,53.0,1.615,53.0,1.935,53.0,1.782,53.0,1.623,53.0,1.976
F,328.0,Ogbene,49,49,Luton,55.0,3.313,55.0,1.645,55.0,1.7,55.0,1.557,55.0,1.615,55.0,1.564,55.0,1.636,55.0,1.612,55.0,1.621,55.0,1.605,55.0,1.659,55.0,1.619
M,72.0,Kluivert,47,47,Bournemouth,50.0,1.624,50.0,1.754,50.0,1.876,50.0,1.886,50.0,1.58,50.0,1.622,50.0,1.938,50.0,1.692,50.0,1.644,50.0,1.653,50.0,1.979,50.0,1.84
M,423.0,Murphy,48,48,Newcastle,27.0,1.835,27.0,1.725,27.0,1.691,27.0,1.801,27.0,1.612,27.0,1.803,27.0,1.659,27.0,1.712,27.0,1.75,27.0,1.703,27.0,1.78,27.0,1.896
M,713.0,Sangaré,50,50,Nott'm Forest,60.0,1.684,60.0,1.659,60.0,1.943,60.0,1.586,60.0,1.696,60.0,1.726,60.0,1.627,60.0,1.781,60.0,1.763,60.0,1.802,60.0,1.697,60.0,1.872
M,534.0,Fornals,48,48,West Ham,52.0,1.967,52.0,1.598,52.0,1.626,52.0,1.772,52.0,1.616,52.0,1.837,52.0,1.846,52.0,1.633,52.0,1.663,52.0,1.759,52.0,1.864,52.0,1.653
D,321.0,Doughty,44,44,Luton,55.0,3.642,55.0,1.66,55.0,1.749,55.0,1.482,55.0,1.444,55.0,1.464,55.0,1.597,55.0,1.478,55.0,1.513,55.0,1.352,55.0,1.729,55.0,1.461
M,583.0,Solomon,53,53,Spurs,30.0,1.537,30.0,1.981,30.0,1.805,30.0,1.601,30.0,1.573,30.0,1.875,30.0,1.646,30.0,1.503,30.0,1.714,30.0,1.557,30.0,1.832,30.0,1.706
F,552.0,Fabio Silva,54,54,Wolves,35.0,1.614,35.0,1.649,35.0,1.743,35.0,1.637,35.0,1.778,35.0,1.694,35.0,1.671,35.0,1.615,35.0,1.741,35.0,1.779,35.0,1.64,35.0,1.666
M,509.0,Richarlison,67,67,Spurs,50.0,1.55,50.0,1.895,50.0,1.752,50.0,1.599,50.0,1.611,50.0,1.798,50.0,1.645,50.0,1.486,50.0,1.675,50.0,1.553,50.0,1.791,50.0,1.725
M,95.0,Canós,50,50,Brentford,55.0,1.866,55.0,1.734,55.0,1.952,55.0,1.707,55.0,1.803,55.0,1.665,55.0,1.705,55.0,2.037,55.0,1.678,55.0,1.984,55.0,1.766,0.0,0.0
M,470.0,Yates,49,49,Nott'm Forest,58.0,1.548,58.0,1.524,58.0,1.755,58.0,1.481,58.0,1.578,58.0,1.565,58.0,1.515,58.0,1.632,58.0,1.601,58.0,1.637,58.0,1.575,58.0,1.696
M,403.0,Anderson,44,44,Newcastle,45.0,1.656,45.0,1.539,45.0,1.52,45.0,1.616,45.0,1.445,45.0,1.618,45.0,1.486,45.0,1.533,45.0,1.556,45.0,1.516,45.0,1.587,45.0,1.684
M,381.0,Fred,50,50,Man Utd,45.0,1.476,45.0,1.475,45.0,1.738,45.0,1.427,45.0,1.565,45.0,1.748,45.0,1.557,45.0,1.442,45.0,1.471,45.0,1.656,45.0,1.442,45.0,1.531
D,153.0,Webster,44,44,Brighton,52.0,1.433,52.0,1.387,52.0,1.252,52.0,1.651,52.0,1.53,52.0,1.805,52.0,1.586,52.0,1.413,52.0,1.499,52.0,1.803,52.0,1.331,52.0,1.411
M,59.0,Traoré,50,50,Aston Villa,15.0,1.328,15.0,1.476,15.0,1.379,15.0,1.996,15.0,1.489,15.0,1.462,15.0,1.352,15.0,1.478,15.0,1.288,15.0,1.328,15.0,1.336,15.0,2.004
F,258.0,Maupay,49,49,Brentford,35.0,1.693,35.0,1.585,35.0,1.698,35.0,1.557,35.0,1.605,35.0,1.51,35.0,1.53,35.0,1.749,35.0,1.518,35.0,1.742,35.0,1.582,0.0,0.0
M,98.0,Damsgaard,49,49,Brentford,47.0,1.67,47.0,1.559,47.0,1.711,47.0,1.524,47.0,1.621,47.0,1.477,47.0,1.49,47.0,1.761,47.0,1.486,47.0,1.749,47.0,1.575,0.0,0.0
M,489.0,Osborn,48,48,Sheffield Utd,55.0,1.414,55.0,1.448,55.0,1.414,55.0,1.389,55.0,1.544,55.0,1.361,55.0,1.545,55.0,1.5,55.0,1.408,55.0,1.439,55.0,1.402,55.0,1.382
M,540.0,Rice,54,54,Arsenal,40.0,1.529,40.0,1.328,40.0,1.349,40.0,1.568,40.0,1.366,40.0,1.568,40.0,1.37,40.0,1.546,40.0,1.537,40.0,1.372,40.0,1.358,40.0,1.34
M,578.0,Nelson,49,49,Arsenal,11.0,1.3,11.0,1.07,11.0,1.111,11.0,2.201,11.0,1.093,11.0,2.083,11.0,1.128,11.0,1.329,11.0,2.163,11.0,1.184,11.0,1.181,11.0,1.115
M,432.0,Willock,53,53,Newcastle,25.0,1.482,25.0,1.383,25.0,1.35,25.0,1.449,25.0,1.3,25.0,1.451,25.0,1.344,25.0,1.37,25.0,1.407,25.0,1.36,25.0,1.437,25.0,1.542
F,535.0,Ings,57,57,West Ham,28.0,1.519,28.0,1.264,28.0,1.332,28.0,1.392,28.0,1.329,28.0,1.425,28.0,1.428,28.0,1.34,28.0,1.355,28.0,1.385,28.0,1.442,28.0,1.362
M,256.0,Iwobi,54,54,Fulham,35.0,1.325,35.0,1.535,35.0,1.357,35.0,1.294,35.0,1.338,35.0,1.323,35.0,1.474,35.0,1.289,35.0,1.457,35.0,1.394,35.0,1.289,35.0,1.477
M,300.0,Jones,49,49,Liverpool,43.0,1.327,43.0,1.29,43.0,1.417,43.0,1.454,43.0,1.519,43.0,1.323,43.0,1.275,43.0,1.439,43.0,1.536,43.0,1.317,43.0,1.339,43.0,1.303
M,128.0,Dahoud,48,48,Brighton,40.0,1.333,40.0,1.314,40.0,1.292,40.0,1.409,40.0,1.376,40.0,1.524,40.0,1.424,40.0,1.321,40.0,1.336,40.0,1.46,40.0,1.307,40.0,1.327
F,340.0,Woodrow,44,44,Luton,15.0,2.346,15.0,1.271,15.0,1.291,15.0,1.282,15.0,1.504,15.0,1.039,15.0,1.023,15.0,1.035,15.0,1.26,15.0,1.49,15.0,1.306,15.0,1.259
F,177.0,Rodriguez,53,53,Burnley,25.0,2.536,25.0,1.2,25.0,1.176,25.0,1.237,25.0,1.201,25.0,1.165,25.0,1.223,25.0,1.378,25.0,1.239,25.0,1.165,25.0,1.23,25.0,1.214
G,148.0,Steele,44,44,Brighton,30.0,1.322,30.0,1.297,30.0,1.33,30.0,1.324,30.0,1.33,30.0,1.329,30.0,1.334,30.0,1.295,30.0,1.317,30.0,1.329,30.0,1.313,30.0,1.318
M,475.0,Berge,48,48,Burnley,50.0,2.422,50.0,1.177,50.0,1.162,50.0,1.257,50.0,1.182,50.0,1.153,50.0,1.224,50.0,1.306,50.0,1.256,50.0,1.16,50.0,1.246,50.0,1.224
M,229.0,Hughes,49,49,Crystal Palace,45.0,1.276,45.0,1.358,45.0,1.249,45.0,1.279,45.0,1.379,45.0,1.323,45.0,1.362,45.0,1.289,45.0,1.383,45.0,1.25,45.0,1.222,45.0,1.259
M,231.0,Lerma,48,48,Crystal Palace,34.0,1.265,34.0,1.33,34.0,1.241,34.0,1.268,34.0,1.349,34.0,1.306,34.0,1.335,34.0,1.276,34.0,1.353,34.0,1.243,34.0,1.226,34.0,1.251
M,362.0,Palmer,49,49,Chelsea,22.0,1.302,22.0,1.375,22.0,1.211,22.0,1.262,22.0,1.254,22.0,1.184,22.0,1.204,22.0,1.215,22.0,1.274,22.0,1.294,22.0,1.482,22.0,1.349
D,536.0,Johnson,44,44,West Ham,45.0,1.365,45.0,1.207,45.0,1.22,45.0,1.292,45.0,1.208,45.0,1.327,45.0,1.333,45.0,1.226,45.0,1.232,45.0,1.28,45.0,1.35,45.0,1.239
D,465.0,Toffolo,44,44,Nott'm Forest,34.0,1.181,34.0,1.178,34.0,1.306,34.0,1.164,34.0,1.209,34.0,1.21,34.0,1.177,34.0,1.237,34.0,1.24,34.0,1.274,34.0,1.199,34.0,1.298
M,47.0,Kamara,50,50,Aston Villa,35.0,1.147,35.0,1.249,35.0,1.215,35.0,1.28,35.0,1.25,35.0,1.245,35.0,1.155,35.0,1.251,35.0,1.131,35.0,1.164,35.0,1.153,35.0,1.288
M,709.0,Amrabat,50,50,Man Utd,45.0,1.177,45.0,1.169,45.0,1.298,45.0,1.13,45.0,1.246,45.0,1.311,45.0,1.219,45.0,1.156,45.0,1.155,45.0,1.304,45.0,1.137,45.0,1.218
M,99.0,Dasilva,48,48,Brentford,23.0,1.361,23.0,1.278,23.0,1.395,23.0,1.245,23.0,1.315,23.0,1.226,23.0,1.237,23.0,1.457,23.0,1.232,23.0,1.452,23.0,1.29,0.0,0.0
M,657.0,Rak-Sakyi,45,45,Crystal Palace,30.0,1.166,30.0,1.233,30.0,1.144,30.0,1.171,30.0,1.253,30.0,1.206,30.0,1.241,30.0,1.177,30.0,1.259,30.0,1.147,30.0,1.122,30.0,1.154
F,541.0,Scamacca,60,60,West Ham,5.0,1.81,5.0,1.0,5.0,1.02,5.0,1.114,5.0,1.016,5.0,1.114,5.0,1.714,5.0,1.026,5.0,1.029,5.0,1.104,5.0,1.131,5.0,1.033
M,689.0,Kudus,65,65,West Ham,30.0,1.23,30.0,1.095,30.0,1.089,30.0,1.15,30.0,1.089,30.0,1.201,30.0,1.209,30.0,1.105,30.0,1.096,30.0,1.169,30.0,1.223,30.0,1.117
M,268.0,Cairney,49,49,Fulham,25.0,1.105,25.0,1.241,25.0,1.115,25.0,1.086,25.0,1.116,25.0,1.1,25.0,1.204,25.0,1.084,25.0,1.187,25.0,1.15,25.0,1.085,25.0,1.209
M,125.0,Buonanotte,48,48,Brighton,22.0,1.081,22.0,1.054,22.0,1.003,22.0,1.173,22.0,1.136,22.0,1.323,22.0,1.189,22.0,1.066,22.0,1.081,22.0,1.229,22.0,1.05,22.0,1.074
F,714.0,Origi,50,50,Nott'm Forest,20.0,1.059,20.0,1.061,20.0,1.26,20.0,0.995,20.0,1.093,20.0,1.114,20.0,1.004,20.0,1.102,20.0,1.149,20.0,1.166,20.0,1.056,20.0,1.192
M,706.0,M.Trésor,55,55,Burnley,12.0,2.109,12.0,0.834,12.0,0.886,12.0,1.238,12.0,0.868,12.0,0.833,12.0,1.002,12.0,1.312,12.0,1.236,12.0,0.803,12.0,0.902,12.0,0.995
M,392.0,McTominay,48,48,Man Utd,22.0,0.994,22.0,0.991,22.0,1.077,22.0,0.956,22.0,1.04,22.0,1.084,22.0,1.035,22.0,0.971,22.0,0.987,22.0,1.082,22.0,0.965,22.0,1.012
M,451.0,Kouyaté,49,49,Nott'm Forest,26.0,0.975,26.0,0.971,26.0,1.087,26.0,0.957,26.0,1.009,26.0,1.004,26.0,0.97,26.0,1.024,26.0,1.031,26.0,1.051,26.0,0.99,26.0,1.075
F,562.0,Kalajdžić,50,50,Wolves,10.0,0.718,10.0,1.184,10.0,1.124,10.0,0.798,10.0,1.358,10.0,0.826,10.0,1.086,10.0,0.743,10.0,1.225,10.0,0.905,10.0,1.051,10.0,0.826
D,389.0,Malacia,44,44,Man Utd,23.0,0.94,23.0,0.937,23.0,1.036,23.0,0.912,23.0,0.993,23.0,1.046,23.0,0.989,23.0,0.922,23.0,0.936,23.0,1.038,23.0,0.919,23.0,0.961
D,537.0,Kehrer,44,44,West Ham,23.0,1.001,23.0,0.887,23.0,0.896,23.0,0.955,23.0,0.886,23.0,0.974,23.0,0.983,23.0,0.898,23.0,0.904,23.0,0.951,23.0,0.997,23.0,0.912
D,606.0,Igor,43,43,Brighton,22.0,0.896,22.0,0.887,22.0,0.863,22.0,0.973,22.0,0.941,22.0,1.009,22.0,0.967,22.0,0.887,22.0,0.895,22.0,1.006,22.0,0.879,22.0,0.888
D,83.0,Senesi,44,44,Bournemouth,22.0,0.844,22.0,0.9,22.0,0.965,22.0,0.969,22.0,0.794,22.0,0.842,22.0,0.941,22.0,0.889,22.0,0.839,22.0,0.856,22.0,0.973,22.0,0.929
M,22.0,Smith Rowe,53,53,Arsenal,13.0,0.964,13.0,0.783,13.0,0.787,13.0,1.127,13.0,0.778,13.0,1.009,13.0,0.797,13.0,0.993,13.0,1.088,13.0,0.82,13.0,0.794,13.0,0.769
M,666.0,Davies,50,50,Sheffield Utd,17.0,0.864,17.0,0.884,17.0,0.866,17.0,0.844,17.0,0.938,17.0,0.823,17.0,0.938,17.0,0.905,17.0,0.862,17.0,0.886,17.0,0.866,17.0,0.845
F,174.0,Obafemi,49,49,Burnley,11.0,1.873,11.0,0.697,11.0,0.683,11.0,0.774,11.0,0.7,11.0,0.668,11.0,0.75,11.0,1.235,11.0,0.772,11.0,0.676,11.0,0.753,11.0,0.756
M,527.0,Cornet,53,53,West Ham,15.0,1.002,15.0,0.769,15.0,0.79,15.0,0.862,15.0,0.806,15.0,0.903,15.0,0.889,15.0,0.818,15.0,0.819,15.0,0.835,15.0,0.902,15.0,0.831
D,553.0,Giles,45,45,Luton,17.0,1.576,17.0,0.79,17.0,0.824,17.0,0.699,17.0,0.763,17.0,0.7,17.0,0.773,17.0,0.748,17.0,0.764,17.0,0.754,17.0,0.768,17.0,0.762
M,38.0,Coutinho,58,58,Aston Villa,15.0,0.743,15.0,0.832,15.0,0.791,15.0,0.929,15.0,0.823,15.0,0.813,15.0,0.742,15.0,0.834,15.0,0.718,15.0,0.742,15.0,0.741,15.0,0.937
D,560.0,Jonny,44,44,Wolves,15.0,0.762,15.0,0.77,15.0,0.809,15.0,0.773,15.0,0.816,15.0,0.8,15.0,0.785,15.0,0.754,15.0,0.844,15.0,0.855,15.0,0.758,15.0,0.778
D,32.0,Álex Moreno,50,50,Aston Villa,15.0,0.719,15.0,0.823,15.0,0.773,15.0,0.925,15.0,0.823,15.0,0.801,15.0,0.733,15.0,0.825,15.0,0.702,15.0,0.713,15.0,0.715,15.0,0.934
M,58.0,Tielemans,57,57,Aston Villa,16.0,0.731,16.0,0.828,16.0,0.782,16.0,0.856,16.0,0.828,16.0,0.808,16.0,0.742,16.0,0.83,16.0,0.715,16.0,0.727,16.0,0.728,16.0,0.865
M,67.0,Dembélé,45,45,Bournemouth,12.0,0.726,12.0,0.751,12.0,0.801,12.0,0.807,12.0,0.7,12.0,0.727,12.0,0.925,12.0,0.752,12.0,0.714,12.0,0.719,12.0,0.953,12.0,0.772
M,600.0,Redmond,48,48,Burnley,15.0,1.451,15.0,0.665,15.0,0.652,15.0,0.741,15.0,0.667,15.0,0.647,15.0,0.704,15.0,0.834,15.0,0.739,15.0,0.656,15.0,0.713,15.0,0.699
M,87.0,H.Traorè,48,48,Bournemouth,12.0,0.694,12.0,0.734,12.0,0.803,12.0,0.81,12.0,0.661,12.0,0.695,12.0,0.9,12.0,0.728,12.0,0.692,12.0,0.695,12.0,0.928,12.0,0.777
D,530.0,Cresswell,43,43,West Ham,15.0,0.854,15.0,0.69,15.0,0.704,15.0,0.756,15.0,0.692,15.0,0.797,15.0,0.813,15.0,0.702,15.0,0.711,15.0,0.754,15.0,0.823,15.0,0.721
M,146.0,Sarmiento,45,45,Brighton,12.0,0.72,12.0,0.683,12.0,0.674,12.0,0.79,12.0,0.737,12.0,0.939,12.0,0.788,12.0,0.686,12.0,0.703,12.0,0.845,12.0,0.673,12.0,0.692
M,708.0,Gravenberch,50,50,Liverpool,15.0,0.685,15.0,0.67,15.0,0.744,15.0,0.766,15.0,0.873,15.0,0.697,15.0,0.655,15.0,0.773,15.0,0.888,15.0,0.693,15.0,0.714,15.0,0.701
M,310.0,Thiago,48,48,Liverpool,15.0,0.692,15.0,0.675,15.0,0.74,15.0,0.77,15.0,0.846,15.0,0.694,15.0,0.658,15.0,0.766,15.0,0.863,15.0,0.687,15.0,0.716,15.0,0.684
M,549.0,Chiquinho,45,45,Wolves,4.0,0.646,4.0,0.681,4.0,0.761,4.0,0.695,4.0,0.831,4.0,0.694,4.0,0.725,4.0,0.672,4.0,0.799,4.0,0.791,4.0,0.699,4.0,0.677
M,701.0,Ghoddos,45,45,Brentford,15.0,0.807,15.0,0.718,15.0,0.832,15.0,0.696,15.0,0.748,15.0,0.692,15.0,0.701,15.0,0.909,15.0,0.698,15.0,0.905,15.0,0.731,0.0,0.0
M,295.0,Elliott,48,48,Liverpool,13.0,0.659,13.0,0.642,13.0,0.707,13.0,0.736,13.0,0.828,13.0,0.661,13.0,0.628,13.0,0.73,13.0,0.842,13.0,0.656,13.0,0.679,13.0,0.655
F,82.0,Semenyo,45,45,Bournemouth,10.0,0.654,10.0,0.671,10.0,0.745,10.0,0.747,10.0,0.596,10.0,0.647,10.0,0.798,10.0,0.678,10.0,0.635,10.0,0.65,10.0,0.826,10.0,0.706
M,163.0,Cork,48,48,Burnley,15.0,1.27,15.0,0.619,15.0,0.604,15.0,0.666,15.0,0.619,15.0,0.599,15.0,0.655,15.0,0.7,15.0,0.666,15.0,0.61,15.0,0.664,15.0,0.649
D,633.0,Livramento,44,44,Newcastle,15.0,0.746,15.0,0.664,15.0,0.645,15.0,0.711,15.0,0.635,15.0,0.713,15.0,0.643,15.0,0.656,15.0,0.686,15.0,0.648,15.0,0.712,15.0,0.719
M,40.0,Dendoncker,49,49,Aston Villa,13.0,0.627,13.0,0.691,13.0,0.674,13.0,0.777,13.0,0.691,13.0,0.698,13.0,0.635,13.0,0.693,13.0,0.611,13.0,0.625,13.0,0.622,13.0,0.784
D,548.0,Bueno,45,45,Wolves,12.0,0.64,12.0,0.646,12.0,0.683,12.0,0.652,12.0,0.717,12.0,0.675,12.0,0.658,12.0,0.632,12.0,0.716,12.0,0.727,12.0,0.634,12.0,0.656
M,630.0,Barkley,49,49,Luton,5.0,1.245,5.0,0.635,5.0,0.662,5.0,0.556,5.0,0.595,5.0,0.557,5.0,0.631,5.0,0.609,5.0,0.592,5.0,0.571,5.0,0.607,5.0,0.593
D,23.0,Tavares,40,40,Nott'm Forest,12.0,0.603,12.0,0.599,12.0,0.822,12.0,0.585,12.0,0.633,12.0,0.632,12.0,0.595,12.0,0.654,12.0,0.659,12.0,0.681,12.0,0.618,12.0,0.707
M,499.0,Højbjerg,53,53,Spurs,15.0,0.597,15.0,0.686,15.0,0.674,15.0,0.602,15.0,0.609,15.0,0.68,15.0,0.632,15.0,0.578,15.0,0.649,15.0,0.6,15.0,0.68,15.0,0.652
D,358.0,Lewis,44,44,Man City,14.0,0.748,14.0,0.651,14.0,0.666,14.0,0.684,14.0,0.775,14.0,0.651,14.0,0.661,14.0,0.688,14.0,0.673,14.0,0.761,14.0,0.673,0.0,0.0
F,490.0,Osula,44,44,Sheffield Utd,15.0,0.61,15.0,0.628,15.0,0.615,15.0,0.613,15.0,0.68,15.0,0.593,15.0,0.68,15.0,0.629,15.0,0.633,15.0,0.636,15.0,0.62,15.0,0.598
G,17.0,Ramsdale,49,49,Arsenal,15.0,0.636,15.0,0.603,15.0,0.607,15.0,0.667,15.0,0.607,15.0,0.667,15.0,0.61,15.0,0.659,15.0,0.637,15.0,0.621,15.0,0.614,15.0,0.599
D,370.0,Telles,45,45,Man Utd,12.0,0.577,12.0,0.574,12.0,0.703,12.0,0.552,12.0,0.627,12.0,0.71,12.0,0.621,12.0,0.557,12.0,0.569,12.0,0.701,12.0,0.552,12.0,0.601
M,111.0,Onyeka,49,49,Brentford,12.0,0.689,12.0,0.633,12.0,0.725,12.0,0.602,12.0,0.663,12.0,0.593,12.0,0.607,12.0,0.783,12.0,0.601,12.0,0.778,12.0,0.646,0.0,0.0
D,84.0,Smith,44,44,Bournemouth,12.0,0.57,12.0,0.614,12.0,0.67,12.0,0.674,12.0,0.538,12.0,0.569,12.0,0.643,12.0,0.6,12.0,0.558,12.0,0.567,12.0,0.675,12.0,0.642
D,277.0,Mbabu,40,40,Fulham,12.0,0.568,12.0,0.735,12.0,0.567,12.0,0.533,12.0,0.591,12.0,0.566,12.0,0.688,12.0,0.531,12.0,0.659,12.0,0.624,12.0,0.531,12.0,0.691
D,10.0,Kiwior,44,44,Arsenal,12.0,0.632,12.0,0.549,12.0,0.554,12.0,0.666,12.0,0.549,12.0,0.666,12.0,0.556,12.0,0.654,12.0,0.636,12.0,0.567,12.0,0.562,12.0,0.543
D,577.0,Ogbonna,44,44,West Ham,12.0,0.653,12.0,0.543,12.0,0.557,12.0,0.605,12.0,0.543,12.0,0.623,12.0,0.632,12.0,0.554,12.0,0.565,12.0,0.6,12.0,0.647,12.0,0.569
D,298.0,Gomez,45,45,Liverpool,12.0,0.566,12.0,0.547,12.0,0.616,12.0,0.634,12.0,0.64,12.0,0.563,12.0,0.531,12.0,0.636,12.0,0.653,12.0,0.557,12.0,0.581,12.0,0.557
D,703.0,Evans,40,40,Man Utd,13.0,0.555,13.0,0.549,13.0,0.649,13.0,0.528,13.0,0.605,13.0,0.659,13.0,0.595,13.0,0.536,13.0,0.544,13.0,0.651,13.0,0.525,13.0,0.58
D,428.0,Targett,44,44,Newcastle,12.0,0.635,12.0,0.556,12.0,0.534,12.0,0.601,12.0,0.525,12.0,0.603,12.0,0.529,12.0,0.549,12.0,0.579,12.0,0.536,12.0,0.604,12.0,0.626
D,679.0,G.Montiel,45,45,Nott'm Forest,12.0,0.514,12.0,0.51,12.0,0.65,12.0,0.498,12.0,0.547,12.0,0.548,12.0,0.508,12.0,0.567,12.0,0.572,12.0,0.617,12.0,0.533,12.0,0.642
M,494.0,Bryan,49,49,Spurs,8.0,0.466,8.0,0.684,8.0,0.571,8.0,0.493,8.0,0.498,8.0,0.588,8.0,0.534,8.0,0.427,8.0,0.552,8.0,0.469,8.0,0.578,8.0,0.539
M,92.0,Baptiste,44,44,Brentford,11.0,0.581,11.0,0.534,11.0,0.615,11.0,0.5,11.0,0.564,11.0,0.498,11.0,0.507,11.0,0.631,11.0,0.504,11.0,0.626,11.0,0.546,0.0,0.0
M,317.0,Berry,48,48,Luton,10.0,0.958,10.0,0.491,10.0,0.513,10.0,0.403,10.0,0.469,10.0,0.402,10.0,0.475,10.0,0.451,10.0,0.468,10.0,0.46,10.0,0.456,10.0,0.466
M,554.0,Guedes,54,54,Wolves,7.0,0.445,7.0,0.461,7.0,0.513,7.0,0.456,7.0,0.616,7.0,0.479,7.0,0.464,7.0,0.437,7.0,0.547,7.0,0.548,7.0,0.446,7.0,0.46
D,366.0,Sergio Gómez,39,39,Man City,10.0,0.601,10.0,0.464,10.0,0.479,10.0,0.517,10.0,0.629,10.0,0.472,10.0,0.474,10.0,0.506,10.0,0.508,10.0,0.717,10.0,0.492,0.0,0.0
M,56.0,Sanson,45,45,Aston Villa,8.0,0.412,8.0,0.488,8.0,0.463,8.0,0.637,8.0,0.482,8.0,0.482,8.0,0.413,8.0,0.49,8.0,0.394,8.0,0.403,8.0,0.395,8.0,0.644
D,302.0,Konaté,49,49,Liverpool,10.0,0.446,10.0,0.429,10.0,0.493,10.0,0.505,10.0,0.508,10.0,0.443,10.0,0.415,10.0,0.513,10.0,0.522,10.0,0.437,10.0,0.459,10.0,0.438
M,410.0,Fraser,49,49,Newcastle,8.0,0.519,8.0,0.422,8.0,0.389,8.0,0.482,8.0,0.379,8.0,0.483,8.0,0.386,8.0,0.418,8.0,0.422,8.0,0.39,8.0,0.463,8.0,0.602
F,193.0,Broja,49,49,Chelsea,3.0,0.455,3.0,0.49,3.0,0.41,3.0,0.427,3.0,0.424,3.0,0.387,3.0,0.401,3.0,0.413,3.0,0.435,3.0,0.448,3.0,0.578,3.0,0.472
M,9.0,Jorginho,54,54,Arsenal,10.0,0.474,10.0,0.395,10.0,0.399,10.0,0.508,10.0,0.4,10.0,0.506,10.0,0.406,10.0,0.495,10.0,0.479,10.0,0.413,10.0,0.409,10.0,0.391
D,311.0,Tsimikas,44,44,Liverpool,8.0,0.4,8.0,0.374,8.0,0.455,8.0,0.484,8.0,0.533,8.0,0.397,8.0,0.362,8.0,0.494,8.0,0.55,8.0,0.387,8.0,0.435,8.0,0.381
D,241.0,Tomkins,40,40,Crystal Palace,2.0,0.411,2.0,0.453,2.0,0.39,2.0,0.414,2.0,0.472,2.0,0.44,2.0,0.459,2.0,0.418,2.0,0.476,2.0,0.394,2.0,0.358,2.0,0.402
D,45.0,Hause,40,40,Aston Villa,8.0,0.372,8.0,0.433,8.0,0.414,8.0,0.537,8.0,0.433,8.0,0.436,8.0,0.382,8.0,0.433,8.0,0.359,8.0,0.367,8.0,0.364,8.0,0.544
M,16.0,Pépé,49,49,Arsenal,3.0,0.382,3.0,0.281,3.0,0.316,3.0,0.526,3.0,0.307,3.0,0.414,3.0,0.323,3.0,0.403,3.0,0.497,3.0,0.316,3.0,0.322,3.0,0.305
M,81.0,Rothwell,49,49,Bournemouth,7.0,0.326,7.0,0.359,7.0,0.417,7.0,0.419,7.0,0.296,7.0,0.327,7.0,0.4,7.0,0.364,7.0,0.315,7.0,0.329,7.0,0.429,7.0,0.386
M,55.0,Ramsey,59,59,Aston Villa,5.0,0.275,5.0,0.365,5.0,0.329,5.0,0.462,5.0,0.355,5.0,0.35,5.0,0.283,5.0,0.367,5.0,0.253,5.0,0.267,5.0,0.265,5.0,0.47
M,21.0,Sambi,49,49,Luton,5.0,0.651,5.0,0.338,5.0,0.36,5.0,0.251,5.0,0.316,5.0,0.253,5.0,0.324,5.0,0.3,5.0,0.317,5.0,0.307,5.0,0.305,5.0,0.316
D,676.0,Mavropanos,45,45,West Ham,5.0,0.477,5.0,0.28,5.0,0.288,5.0,0.331,5.0,0.278,5.0,0.348,5.0,0.358,5.0,0.289,5.0,0.295,5.0,0.326,5.0,0.372,5.0,0.303
D,573.0,Toti,44,44,Wolves,5.0,0.288,5.0,0.294,5.0,0.32,5.0,0.295,5.0,0.328,5.0,0.324,5.0,0.298,5.0,0.276,5.0,0.356,5.0,0.366,5.0,0.279,5.0,0.303
D,495.0,Davies,44,44,Spurs,5.0,0.271,5.0,0.357,5.0,0.351,5.0,0.272,5.0,0.278,5.0,0.347,5.0,0.31,5.0,0.248,5.0,0.328,5.0,0.272,5.0,0.344,5.0,0.328
D,699.0,Lenglet,45,45,Aston Villa,5.0,0.255,5.0,0.33,5.0,0.314,5.0,0.36,5.0,0.332,5.0,0.334,5.0,0.264,5.0,0.33,5.0,0.239,5.0,0.265,5.0,0.251,5.0,0.366
D,496.0,Dier,43,43,Spurs,5.0,0.267,5.0,0.341,5.0,0.341,5.0,0.267,5.0,0.275,5.0,0.336,5.0,0.3,5.0,0.245,5.0,0.319,5.0,0.267,5.0,0.336,5.0,0.321
M,574.0,Traoré,44,44,Wolves,5.0,0.275,5.0,0.29,5.0,0.309,5.0,0.284,5.0,0.317,5.0,0.31,5.0,0.286,5.0,0.262,5.0,0.342,5.0,0.346,5.0,0.272,5.0,0.29
D,90.0,Ajer,45,45,Brentford,6.0,0.376,6.0,0.309,6.0,0.419,6.0,0.24,6.0,0.343,6.0,0.222,6.0,0.279,6.0,0.415,6.0,0.229,6.0,0.407,6.0,0.283,0.0,0.0
M,364.0,Phillips,48,48,Man City,5.0,0.325,5.0,0.26,5.0,0.27,5.0,0.279,5.0,0.352,5.0,0.257,5.0,0.263,5.0,0.285,5.0,0.271,5.0,0.356,5.0,0.276,0.0,0.0
M,62.0,Anthony,49,49,Bournemouth,3.0,0.222,3.0,0.25,3.0,0.302,3.0,0.305,3.0,0.176,3.0,0.221,3.0,0.364,3.0,0.25,3.0,0.207,3.0,0.216,3.0,0.396,3.0,0.274
F,538.0,Mubama,43,43,West Ham,3.0,0.399,3.0,0.162,3.0,0.296,3.0,0.226,3.0,0.187,3.0,0.215,3.0,0.324,3.0,0.194,3.0,0.204,3.0,0.314,3.0,0.332,3.0,0.307
F,61.0,Wesley,50,50,Aston Villa,1.0,0.214,1.0,0.258,1.0,0.252,1.0,0.402,1.0,0.256,1.0,0.268,1.0,0.218,1.0,0.26,1.0,0.19,1.0,0.211,1.0,0.206,1.0,0.41
D,37.0,Chambers,39,39,Aston Villa,4.0,0.216,4.0,0.279,4.0,0.261,4.0,0.314,4.0,0.277,4.0,0.282,4.0,0.224,4.0,0.281,4.0,0.197,4.0,0.203,4.0,0.204,4.0,0.321
D,68.0,Fredericks,44,44,Bournemouth,4.0,0.185,4.0,0.219,4.0,0.275,4.0,0.279,4.0,0.156,4.0,0.183,4.0,0.251,4.0,0.215,4.0,0.17,4.0,0.18,4.0,0.284,4.0,0.248
D,7.0,Holding,44,44,Crystal Palace,3.0,0.203,3.0,0.255,3.0,0.182,3.0,0.211,3.0,0.274,3.0,0.237,3.0,0.26,3.0,0.214,3.0,0.278,3.0,0.186,3.0,0.151,3.0,0.194
F,127.0,Connolly,45,45,Brighton,3.0,0.197,3.0,0.19,3.0,0.156,3.0,0.248,3.0,0.213,3.0,0.384,3.0,0.234,3.0,0.187,3.0,0.196,3.0,0.256,3.0,0.183,3.0,0.187
M,360.0,McAtee,44,44,Sheffield Utd,4.0,0.194,4.0,0.206,4.0,0.208,4.0,0.207,4.0,0.26,4.0,0.187,4.0,0.26,4.0,0.227,4.0,0.227,4.0,0.23,4.0,0.212,4.0,0.189
D,121.0,Zanka,44,44,Brentford,3.0,0.224,3.0,0.173,3.0,0.258,3.0,0.15,3.0,0.205,3.0,0.143,3.0,0.156,3.0,0.251,3.0,0.152,3.0,0.242,3.0,0.187,0.0,0.0
M,442.0,Danilo,53,53,Nott'm Forest,2.0,0.132,2.0,0.128,2.0,0.322,2.0,0.119,2.0,0.16,2.0,0.156,2.0,0.131,2.0,0.168,2.0,0.171,2.0,0.205,2.0,0.148,2.0,0.23
M,46.0,Iroegbunam,44,44,Aston Villa,3.0,0.136,3.0,0.183,3.0,0.175,3.0,0.214,3.0,0.183,3.0,0.189,3.0,0.143,3.0,0.183,3.0,0.124,3.0,0.132,3.0,0.128,3.0,0.221
M,3.0,Elneny,44,44,Arsenal,3.0,0.191,3.0,0.124,3.0,0.126,3.0,0.225,3.0,0.125,3.0,0.222,3.0,0.131,3.0,0.211,3.0,0.195,3.0,0.137,3.0,0.134,3.0,0.117
M,276.0,Lukic,44,44,Fulham,1.0,0.099,1.0,0.18,1.0,0.105,1.0,0.094,1.0,0.109,1.0,0.096,1.0,0.177,1.0,0.084,1.0,0.163,1.0,0.14,1.0,0.082,1.0,0.18
G,361.0,Ortega,39,39,Man City,2.0,0.119,2.0,0.1,2.0,0.105,2.0,0.111,2.0,0.141,2.0,0.096,2.0,0.102,2.0,0.107,2.0,0.111,2.0,0.119,2.0,0.109,0.0,0.0
G,284.0,Rodák,40,40,Fulham,1.0,0.077,1.0,0.107,1.0,0.067,1.0,0.072,1.0,0.083,1.0,0.07,1.0,0.108,1.0,0.063,1.0,0.094,1.0,0.1,1.0,0.061,1.0,0.107
G,53.0,Olsen,40,40,Aston Villa,1.0,0.058,1.0,0.069,1.0,0.085,1.0,0.093,1.0,0.065,1.0,0.088,1.0,0.05,1.0,0.069,1.0,0.046,1.0,0.056,1.0,0.049,1.0,0.1
G,409.0,Dubravka,39,39,Newcastle,1.0,0.101,1.0,0.066,1.0,0.06,1.0,0.072,1.0,0.057,1.0,0.072,1.0,0.059,1.0,0.07,1.0,0.056,1.0,0.047,1.0,0.089,1.0,0.072
G,710.0,Odysseas,45,45,Nott'm Forest,1.0,0.054,1.0,0.052,1.0,0.1,1.0,0.036,1.0,0.073,1.0,0.071,1.0,0.048,1.0,0.061,1.0,0.072,1.0,0.076,1.0,0.048,1.0,0.1
G,533.0,Fabianski,43,43,West Ham,1.0,0.091,1.0,0.053,1.0,0.059,1.0,0.059,1.0,0.047,1.0,0.065,1.0,0.073,1.0,0.057,1.0,0.048,1.0,0.061,1.0,0.091,1.0,0.067
G,498.0,Forster,40,40,Spurs,1.0,0.052,1.0,0.07,1.0,0.086,1.0,0.051,1.0,0.056,1.0,0.069,1.0,0.082,1.0,0.034,1.0,0.084,1.0,0.053,1.0,0.066,1.0,0.059
G,227.0,Guaita,44,44,Crystal Palace,1.0,0.063,1.0,0.066,1.0,0.049,1.0,0.058,1.0,0.084,1.0,0.06,1.0,0.071,1.0,0.065,1.0,0.093,1.0,0.053,1.0,0.034,1.0,0.058
G,301.0,Kelleher,40,40,Liverpool,1.0,0.047,1.0,0.047,1.0,0.061,1.0,0.068,1.0,0.072,1.0,0.058,1.0,0.035,1.0,0.089,1.0,0.086,1.0,0.054,1.0,0.07,1.0,0.057
M,162.0,Churlinov,44,44,Burnley,0.0,0.0,0.0,0.0,0.0,0.0,0.0,0.0,0.0,0.0,0.0,0.0,0.0,0.0,0.0,0.0,0.0,0.0,0.0,0.0,0.0,0.0,0.0,0.0
M,159.0,Benson,53,53,Burnley,0.0,0.0,0.0,0.0,0.0,0.0,0.0,0.0,0.0,0.0,0.0,0.0,0.0,0.0,0.0,0.0,0.0,0.0,0.0,0.0,0.0,0.0,0.0,0.0
M,158.0,Bastien,49,49,Burnley,0.0,0.0,0.0,0.0,0.0,0.0,0.0,0.0,0.0,0.0,0.0,0.0,0.0,0.0,0.0,0.0,0.0,0.0,0.0,0.0,0.0,0.0,0.0,0.0
M,156.0,Agyei,44,44,Burnley,0.0,0.0,0.0,0.0,0.0,0.0,0.0,0.0,0.0,0.0,0.0,0.0,0.0,0.0,0.0,0.0,0.0,0.0,0.0,0.0,0.0,0.0,0.0,0.0
D,136.0,Karbownik,40,40,Brighton,0.0,0.0,0.0,0.0,0.0,0.0,0.0,0.0,0.0,0.0,0.0,0.0,0.0,0.0,0.0,0.0,0.0,0.0,0.0,0.0,0.0,0.0,0.0,0.0
D,626.0,Quansah,40,40,Liverpool,0.0,0.0,0.0,0.0,0.0,0.0,0.0,0.0,0.0,0.0,0.0,0.0,0.0,0.0,0.0,0.0,0.0,0.0,0.0,0.0,0.0,0.0,0.0,0.0
D,203.0,Gusto,43,43,Chelsea,0.0,0.0,0.0,0.0,0.0,0.0,0.0,0.0,0.0,0.0,0.0,0.0,0.0,0.0,0.0,0.0,0.0,0.0,0.0,0.0,0.0,0.0,0.0,0.0
M,118.0,Trevitt,45,45,Brentford,0.0,0.0,0.0,0.0,0.0,0.0,0.0,0.0,0.0,0.0,0.0,0.0,0.0,0.0,0.0,0.0,0.0,0.0,0.0,0.0,0.0,0.0,0.0,0.0
M,236.0,Olise,58,58,Crystal Palace,0.0,0.0,0.0,0.0,0.0,0.0,0.0,0.0,0.0,0.0,0.0,0.0,0.0,0.0,0.0,0.0,0.0,0.0,0.0,0.0,0.0,0.0,0.0,0.0
D,438.0,Biancone,39,39,Nott'm Forest,0.0,0.0,0.0,0.0,0.0,0.0,0.0,0.0,0.0,0.0,0.0,0.0,0.0,0.0,0.0,0.0,0.0,0.0,0.0,0.0,0.0,0.0,0.0,0.0
F,212.0,Nkunku,73,73,Chelsea,0.0,0.0,0.0,0.0,0.0,0.0,0.0,0.0,0.0,0.0,0.0,0.0,0.0,0.0,0.0,0.0,0.0,0.0,0.0,0.0,0.0,0.0,0.0,0.0
M,681.0,Diego Moreira,45,45,Chelsea,0.0,0.0,0.0,0.0,0.0,0.0,0.0,0.0,0.0,0.0,0.0,0.0,0.0,0.0,0.0,0.0,0.0,0.0,0.0,0.0,0.0,0.0,0.0,0.0
D,697.0,S.Bueno,45,45,Wolves,0.0,0.0,0.0,0.0,0.0,0.0,0.0,0.0,0.0,0.0,0.0,0.0,0.0,0.0,0.0,0.0,0.0,0.0,0.0,0.0,0.0,0.0,0.0,0.0
D,166.0,Egan-Riley,39,39,Burnley,0.0,0.0,0.0,0.0,0.0,0.0,0.0,0.0,0.0,0.0,0.0,0.0,0.0,0.0,0.0,0.0,0.0,0.0,0.0,0.0,0.0,0.0,0.0,0.0
M,272.0,Francois,44,44,Fulham,0.0,0.0,0.0,0.0,0.0,0.0,0.0,0.0,0.0,0.0,0.0,0.0,0.0,0.0,0.0,0.0,0.0,0.0,0.0,0.0,0.0,0.0,0.0,0.0
M,259.0,McNeil,54,54,Everton,75.0,0.0,75.0,0.0,75.0,0.0,75.0,0.0,75.0,0.0,75.0,0.0,75.0,0.0,75.0,0.0,75.0,0.0,75.0,0.0,75.0,0.0,75.0,0.0
F,691.0,Beto,60,60,Everton,50.0,0.0,50.0,0.0,50.0,0.0,50.0,0.0,50.0,0.0,50.0,0.0,50.0,0.0,50.0,0.0,50.0,0.0,50.0,0.0,50.0,0.0,50.0,0.0
F,100.0,Dervişoğlu,45,45,Brentford,0.0,0.0,0.0,0.0,0.0,0.0,0.0,0.0,0.0,0.0,0.0,0.0,0.0,0.0,0.0,0.0,0.0,0.0,0.0,0.0,0.0,0.0,0.0,0.0
F,677.0,Deivid,45,45,Chelsea,0.0,0.0,0.0,0.0,0.0,0.0,0.0,0.0,0.0,0.0,0.0,0.0,0.0,0.0,0.0,0.0,0.0,0.0,0.0,0.0,0.0,0.0,0.0,0.0
D,556.0,Hoever,40,40,Wolves,0.0,0.0,0.0,0.0,0.0,0.0,0.0,0.0,0.0,0.0,0.0,0.0,0.0,0.0,0.0,0.0,0.0,0.0,0.0,0.0,0.0,0.0,0.0,0.0
M,459.0,Ojeda,45,45,Nott'm Forest,0.0,0.0,0.0,0.0,0.0,0.0,0.0,0.0,0.0,0.0,0.0,0.0,0.0,0.0,0.0,0.0,0.0,0.0,0.0,0.0,0.0,0.0,0.0,0.0
M,694.0,Massengo,50,50,Burnley,0.0,0.0,0.0,0.0,0.0,0.0,0.0,0.0,0.0,0.0,0.0,0.0,0.0,0.0,0.0,0.0,0.0,0.0,0.0,0.0,0.0,0.0,0.0,0.0
D,674.0,Delcroix,40,40,Burnley,0.0,0.0,0.0,0.0,0.0,0.0,0.0,0.0,0.0,0.0,0.0,0.0,0.0,0.0,0.0,0.0,0.0,0.0,0.0,0.0,0.0,0.0,0.0,0.0
M,690.0,Baleba,45,45,Brighton,0.0,0.0,0.0,0.0,0.0,0.0,0.0,0.0,0.0,0.0,0.0,0.0,0.0,0.0,0.0,0.0,0.0,0.0,0.0,0.0,0.0,0.0,0.0,0.0
D,404.0,Ashby,40,40,Newcastle,0.0,0.0,0.0,0.0,0.0,0.0,0.0,0.0,0.0,0.0,0.0,0.0,0.0,0.0,0.0,0.0,0.0,0.0,0.0,0.0,0.0,0.0,0.0,0.0
F,466.0,Ui-jo,44,44,Nott'm Forest,0.0,0.0,0.0,0.0,0.0,0.0,0.0,0.0,0.0,0.0,0.0,0.0,0.0,0.0,0.0,0.0,0.0,0.0,0.0,0.0,0.0,0.0,0.0,0.0
M,71.0,Kilkenny,44,44,Bournemouth,0.0,0.0,0.0,0.0,0.0,0.0,0.0,0.0,0.0,0.0,0.0,0.0,0.0,0.0,0.0,0.0,0.0,0.0,0.0,0.0,0.0,0.0,0.0,0.0
D,711.0,Omobamidele,45,45,Nott'm Forest,0.0,0.0,0.0,0.0,0.0,0.0,0.0,0.0,0.0,0.0,0.0,0.0,0.0,0.0,0.0,0.0,0.0,0.0,0.0,0.0,0.0,0.0,0.0,0.0
D,201.0,W.Fofana,44,44,Chelsea,0.0,0.0,0.0,0.0,0.0,0.0,0.0,0.0,0.0,0.0,0.0,0.0,0.0,0.0,0.0,0.0,0.0,0.0,0.0,0.0,0.0,0.0,0.0,0.0
M,137.0,Kozłowski,45,45,Brighton,0.0,0.0,0.0,0.0,0.0,0.0,0.0,0.0,0.0,0.0,0.0,0.0,0.0,0.0,0.0,0.0,0.0,0.0,0.0,0.0,0.0,0.0,0.0,0.0
D,671.0,Humphreys,40,40,Chelsea,0.0,0.0,0.0,0.0,0.0,0.0,0.0,0.0,0.0,0.0,0.0,0.0,0.0,0.0,0.0,0.0,0.0,0.0,0.0,0.0,0.0,0.0,0.0,0.0
M,627.0,Clark,45,45,Liverpool,0.0,0.0,0.0,0.0,0.0,0.0,0.0,0.0,0.0,0.0,0.0,0.0,0.0,0.0,0.0,0.0,0.0,0.0,0.0,0.0,0.0,0.0,0.0,0.0
F,658.0,Gordon,45,45,Crystal Palace,0.0,0.0,0.0,0.0,0.0,0.0,0.0,0.0,0.0,0.0,0.0,0.0,0.0,0.0,0.0,0.0,0.0,0.0,0.0,0.0,0.0,0.0,0.0,0.0
F,649.0,Cannon,45,45,Everton,0.0,0.0,0.0,0.0,0.0,0.0,0.0,0.0,0.0,0.0,0.0,0.0,0.0,0.0,0.0,0.0,0.0,0.0,0.0,0.0,0.0,0.0,0.0,0.0
M,624.0,Dobbin,45,45,Everton,0.0,0.0,0.0,0.0,0.0,0.0,0.0,0.0,0.0,0.0,0.0,0.0,0.0,0.0,0.0,0.0,0.0,0.0,0.0,0.0,0.0,0.0,0.0,0.0
F,651.0,Stansfield,45,45,Fulham,0.0,0.0,0.0,0.0,0.0,0.0,0.0,0.0,0.0,0.0,0.0,0.0,0.0,0.0,0.0,0.0,0.0,0.0,0.0,0.0,0.0,0.0,0.0,0.0
F,640.0,Scarlett,45,45,Spurs,0.0,0.0,0.0,0.0,0.0,0.0,0.0,0.0,0.0,0.0,0.0,0.0,0.0,0.0,0.0,0.0,0.0,0.0,0.0,0.0,0.0,0.0,0.0,0.0
M,650.0,Onyango,45,45,Everton,0.0,0.0,0.0,0.0,0.0,0.0,0.0,0.0,0.0,0.0,0.0,0.0,0.0,0.0,0.0,0.0,0.0,0.0,0.0,0.0,0.0,0.0,0.0,0.0
D,622.0,Dodgson,40,40,Burnley,0.0,0.0,0.0,0.0,0.0,0.0,0.0,0.0,0.0,0.0,0.0,0.0,0.0,0.0,0.0,0.0,0.0,0.0,0.0,0.0,0.0,0.0,0.0,0.0
G,670.0,Marschall,40,40,Aston Villa,0.0,0.0,0.0,0.0,0.0,0.0,0.0,0.0,0.0,0.0,0.0,0.0,0.0,0.0,0.0,0.0,0.0,0.0,0.0,0.0,0.0,0.0,0.0,0.0
F,656.0,Hackford,45,45,Sheffield Utd,0.0,0.0,0.0,0.0,0.0,0.0,0.0,0.0,0.0,0.0,0.0,0.0,0.0,0.0,0.0,0.0,0.0,0.0,0.0,0.0,0.0,0.0,0.0,0.0
G,243.0,Whitworth,40,40,Crystal Palace,0.0,0.0,0.0,0.0,0.0,0.0,0.0,0.0,0.0,0.0,0.0,0.0,0.0,0.0,0.0,0.0,0.0,0.0,0.0,0.0,0.0,0.0,0.0,0.0
G,646.0,Hein,40,40,Arsenal,0.0,0.0,0.0,0.0,0.0,0.0,0.0,0.0,0.0,0.0,0.0,0.0,0.0,0.0,0.0,0.0,0.0,0.0,0.0,0.0,0.0,0.0,0.0,0.0
M,628.0,Doak,44,44,Liverpool,0.0,0.0,0.0,0.0,0.0,0.0,0.0,0.0,0.0,0.0,0.0,0.0,0.0,0.0,0.0,0.0,0.0,0.0,0.0,0.0,0.0,0.0,0.0,0.0
M,363.0,Perrone,44,44,Man City,0.0,0.0,0.0,0.0,0.0,0.0,0.0,0.0,0.0,0.0,0.0,0.0,0.0,0.0,0.0,0.0,0.0,0.0,0.0,0.0,0.0,0.0,0.0,0.0
M,54.0,Philogene-Bidace,45,45,Aston Villa,0.0,0.0,0.0,0.0,0.0,0.0,0.0,0.0,0.0,0.0,0.0,0.0,0.0,0.0,0.0,0.0,0.0,0.0,0.0,0.0,0.0,0.0,0.0,0.0
M,94.0,Bidstrup,45,45,Brentford,0.0,0.0,0.0,0.0,0.0,0.0,0.0,0.0,0.0,0.0,0.0,0.0,0.0,0.0,0.0,0.0,0.0,0.0,0.0,0.0,0.0,0.0,0.0,0.0
D,245.0,Branthwaite,40,40,Everton,34.0,0.0,34.0,0.0,34.0,0.0,34.0,0.0,34.0,0.0,34.0,0.0,34.0,0.0,34.0,0.0,34.0,0.0,34.0,0.0,34.0,0.0,34.0,0.0
M,11.0,Marquinhos,45,45,Arsenal,0.0,0.0,0.0,0.0,0.0,0.0,0.0,0.0,0.0,0.0,0.0,0.0,0.0,0.0,0.0,0.0,0.0,0.0,0.0,0.0,0.0,0.0,0.0,0.0
M,196.0,Chukwuemeka,43,43,Chelsea,0.0,0.0,0.0,0.0,0.0,0.0,0.0,0.0,0.0,0.0,0.0,0.0,0.0,0.0,0.0,0.0,0.0,0.0,0.0,0.0,0.0,0.0,0.0,0.0
D,69.0,Hill,40,40,Bournemouth,0.0,0.0,0.0,0.0,0.0,0.0,0.0,0.0,0.0,0.0,0.0,0.0,0.0,0.0,0.0,0.0,0.0,0.0,0.0,0.0,0.0,0.0,0.0,0.0
D,619.0,Greenwood,40,40,Bournemouth,0.0,0.0,0.0,0.0,0.0,0.0,0.0,0.0,0.0,0.0,0.0,0.0,0.0,0.0,0.0,0.0,0.0,0.0,0.0,0.0,0.0,0.0,0.0,0.0
M,130.0,Enciso,52,52,Brighton,0.0,0.0,0.0,0.0,0.0,0.0,0.0,0.0,0.0,0.0,0.0,0.0,0.0,0.0,0.0,0.0,0.0,0.0,0.0,0.0,0.0,0.0,0.0,0.0
F,399.0,Shoretire,44,44,Man Utd,0.0,0.0,0.0,0.0,0.0,0.0,0.0,0.0,0.0,0.0,0.0,0.0,0.0,0.0,0.0,0.0,0.0,0.0,0.0,0.0,0.0,0.0,0.0,0.0
D,653.0,Seriki,40,40,Sheffield Utd,0.0,0.0,0.0,0.0,0.0,0.0,0.0,0.0,0.0,0.0,0.0,0.0,0.0,0.0,0.0,0.0,0.0,0.0,0.0,0.0,0.0,0.0,0.0,0.0
M,219.0,Ahamada,44,44,Crystal Palace,0.0,0.0,0.0,0.0,0.0,0.0,0.0,0.0,0.0,0.0,0.0,0.0,0.0,0.0,0.0,0.0,0.0,0.0,0.0,0.0,0.0,0.0,0.0,0.0
M,371.0,Amad,44,44,Man Utd,0.0,0.0,0.0,0.0,0.0,0.0,0.0,0.0,0.0,0.0,0.0,0.0,0.0,0.0,0.0,0.0,0.0,0.0,0.0,0.0,0.0,0.0,0.0,0.0
D,179.0,Thomas,40,40,Burnley,0.0,0.0,0.0,0.0,0.0,0.0,0.0,0.0,0.0,0.0,0.0,0.0,0.0,0.0,0.0,0.0,0.0,0.0,0.0,0.0,0.0,0.0,0.0,0.0
M,418.0,Kuol,45,45,Newcastle,0.0,0.0,0.0,0.0,0.0,0.0,0.0,0.0,0.0,0.0,0.0,0.0,0.0,0.0,0.0,0.0,0.0,0.0,0.0,0.0,0.0,0.0,0.0,0.0
G,686.0,Zych,40,40,Aston Villa,0.0,0.0,0.0,0.0,0.0,0.0,0.0,0.0,0.0,0.0,0.0,0.0,0.0,0.0,0.0,0.0,0.0,0.0,0.0,0.0,0.0,0.0,0.0,0.0
D,312.0,Van den Berg,40,40,Liverpool,0.0,0.0,0.0,0.0,0.0,0.0,0.0,0.0,0.0,0.0,0.0,0.0,0.0,0.0,0.0,0.0,0.0,0.0,0.0,0.0,0.0,0.0,0.0,0.0
M,635.0,Miley,45,45,Newcastle,0.0,0.0,0.0,0.0,0.0,0.0,0.0,0.0,0.0,0.0,0.0,0.0,0.0,0.0,0.0,0.0,0.0,0.0,0.0,0.0,0.0,0.0,0.0,0.0
M,292.0,Bajcetic,48,48,Liverpool,0.0,0.0,0.0,0.0,0.0,0.0,0.0,0.0,0.0,0.0,0.0,0.0,0.0,0.0,0.0,0.0,0.0,0.0,0.0,0.0,0.0,0.0,0.0,0.0
M,186.0,Andrey Santos,44,44,Nott'm Forest,0.0,0.0,0.0,0.0,0.0,0.0,0.0,0.0,0.0,0.0,0.0,0.0,0.0,0.0,0.0,0.0,0.0,0.0,0.0,0.0,0.0,0.0,0.0,0.0
M,621.0,Hinshelwood,45,45,Brighton,0.0,0.0,0.0,0.0,0.0,0.0,0.0,0.0,0.0,0.0,0.0,0.0,0.0,0.0,0.0,0.0,0.0,0.0,0.0,0.0,0.0,0.0,0.0,0.0
F,704.0,Fraser,45,45,Wolves,0.0,0.0,0.0,0.0,0.0,0.0,0.0,0.0,0.0,0.0,0.0,0.0,0.0,0.0,0.0,0.0,0.0,0.0,0.0,0.0,0.0,0.0,0.0,0.0
M,164.0,Costelloe,45,45,Burnley,0.0,0.0,0.0,0.0,0.0,0.0,0.0,0.0,0.0,0.0,0.0,0.0,0.0,0.0,0.0,0.0,0.0,0.0,0.0,0.0,0.0,0.0,0.0,0.0
M,372.0,Antony,68,68,Man Utd,0.0,0.0,0.0,0.0,0.0,0.0,0.0,0.0,0.0,0.0,0.0,0.0,0.0,0.0,0.0,0.0,0.0,0.0,0.0,0.0,0.0,0.0,0.0,0.0
F,483.0,Jebbison,49,49,Sheffield Utd,0.0,0.0,0.0,0.0,0.0,0.0,0.0,0.0,0.0,0.0,0.0,0.0,0.0,0.0,0.0,0.0,0.0,0.0,0.0,0.0,0.0,0.0,0.0,0.0
G,647.0,Anang,40,40,West Ham,0.0,0.0,0.0,0.0,0.0,0.0,0.0,0.0,0.0,0.0,0.0,0.0,0.0,0.0,0.0,0.0,0.0,0.0,0.0,0.0,0.0,0.0,0.0,0.0
F,200.0,D.D.Fofana,50,50,Chelsea,0.0,0.0,0.0,0.0,0.0,0.0,0.0,0.0,0.0,0.0,0.0,0.0,0.0,0.0,0.0,0.0,0.0,0.0,0.0,0.0,0.0,0.0,0.0,0.0
M,388.0,Mainoo,44,44,Man Utd,0.0,0.0,0.0,0.0,0.0,0.0,0.0,0.0,0.0,0.0,0.0,0.0,0.0,0.0,0.0,0.0,0.0,0.0,0.0,0.0,0.0,0.0,0.0,0.0
M,559.0,João Gomes,49,49,Wolves,0.0,0.0,0.0,0.0,0.0,0.0,0.0,0.0,0.0,0.0,0.0,0.0,0.0,0.0,0.0,0.0,0.0,0.0,0.0,0.0,0.0,0.0,0.0,0.0
M,620.0,Olakigbe,45,45,Brentford,0.0,0.0,0.0,0.0,0.0,0.0,0.0,0.0,0.0,0.0,0.0,0.0,0.0,0.0,0.0,0.0,0.0,0.0,0.0,0.0,0.0,0.0,0.0,0.0
D,380.0,Álvaro Fernández,40,40,Man Utd,0.0,0.0,0.0,0.0,0.0,0.0,0.0,0.0,0.0,0.0,0.0,0.0,0.0,0.0,0.0,0.0,0.0,0.0,0.0,0.0,0.0,0.0,0.0,0.0
M,683.0,Harris,45,45,Fulham,0.0,0.0,0.0,0.0,0.0,0.0,0.0,0.0,0.0,0.0,0.0,0.0,0.0,0.0,0.0,0.0,0.0,0.0,0.0,0.0,0.0,0.0,0.0,0.0
M,652.0,Dibley-Dias,45,45,Fulham,0.0,0.0,0.0,0.0,0.0,0.0,0.0,0.0,0.0,0.0,0.0,0.0,0.0,0.0,0.0,0.0,0.0,0.0,0.0,0.0,0.0,0.0,0.0,0.0
M,261.0,Onana,49,49,Everton,77.0,0.0,77.0,0.0,77.0,0.0,77.0,0.0,77.0,0.0,77.0,0.0,77.0,0.0,77.0,0.0,77.0,0.0,77.0,0.0,77.0,0.0,77.0,0.0
M,667.0,Lavia,49,49,Chelsea,0.0,0.0,0.0,0.0,0.0,0.0,0.0,0.0,0.0,0.0,0.0,0.0,0.0,0.0,0.0,0.0,0.0,0.0,0.0,0.0,0.0,0.0,0.0,0.0
M,115.0,Schade,54,54,Brentford,0.0,0.0,0.0,0.0,0.0,0.0,0.0,0.0,0.0,0.0,0.0,0.0,0.0,0.0,0.0,0.0,0.0,0.0,0.0,0.0,0.0,0.0,0.0,0.0
G,636.0,G.Shelvey,40,40,Nott'm Forest,0.0,0.0,0.0,0.0,0.0,0.0,0.0,0.0,0.0,0.0,0.0,0.0,0.0,0.0,0.0,0.0,0.0,0.0,0.0,0.0,0.0,0.0,0.0,0.0
F,149.0,Undav,55,55,Brighton,0.0,0.0,0.0,0.0,0.0,0.0,0.0,0.0,0.0,0.0,0.0,0.0,0.0,0.0,0.0,0.0,0.0,0.0,0.0,0.0,0.0,0.0,0.0,0.0
M,224.0,Ebiowei,45,45,Crystal Palace,0.0,0.0,0.0,0.0,0.0,0.0,0.0,0.0,0.0,0.0,0.0,0.0,0.0,0.0,0.0,0.0,0.0,0.0,0.0,0.0,0.0,0.0,0.0,0.0
F,237.0,Plange,45,45,Crystal Palace,0.0,0.0,0.0,0.0,0.0,0.0,0.0,0.0,0.0,0.0,0.0,0.0,0.0,0.0,0.0,0.0,0.0,0.0,0.0,0.0,0.0,0.0,0.0,0.0
M,124.0,Ayari,45,45,Brighton,0.0,0.0,0.0,0.0,0.0,0.0,0.0,0.0,0.0,0.0,0.0,0.0,0.0,0.0,0.0,0.0,0.0,0.0,0.0,0.0,0.0,0.0,0.0,0.0
G,97.0,Cox,40,40,Brentford,0.0,0.0,0.0,0.0,0.0,0.0,0.0,0.0,0.0,0.0,0.0,0.0,0.0,0.0,0.0,0.0,0.0,0.0,0.0,0.0,0.0,0.0,0.0,0.0
G,579.0,Lonergan,40,40,Everton,0.0,0.0,0.0,0.0,0.0,0.0,0.0,0.0,0.0,0.0,0.0,0.0,0.0,0.0,0.0,0.0,0.0,0.0,0.0,0.0,0.0,0.0,0.0,0.0
D,469.0,Worrall,45,45,Nott'm Forest,0.0,0.0,0.0,0.0,0.0,0.0,0.0,0.0,0.0,0.0,0.0,0.0,0.0,0.0,0.0,0.0,0.0,0.0,0.0,0.0,0.0,0.0,0.0,0.0
M,561.0,Jordão,44,44,Wolves,0.0,0.0,0.0,0.0,0.0,0.0,0.0,0.0,0.0,0.0,0.0,0.0,0.0,0.0,0.0,0.0,0.0,0.0,0.0,0.0,0.0,0.0,0.0,0.0
G,116.0,Strakosha,39,39,Brentford,0.0,0.0,0.0,0.0,0.0,0.0,0.0,0.0,0.0,0.0,0.0,0.0,0.0,0.0,0.0,0.0,0.0,0.0,0.0,0.0,0.0,0.0,0.0,0.0
F,278.0,Mitrović,74,74,Fulham,0.0,0.0,0.0,0.0,0.0,0.0,0.0,0.0,0.0,0.0,0.0,0.0,0.0,0.0,0.0,0.0,0.0,0.0,0.0,0.0,0.0,0.0,0.0,0.0
F,76.0,Moore,48,48,Bournemouth,0.0,0.0,0.0,0.0,0.0,0.0,0.0,0.0,0.0,0.0,0.0,0.0,0.0,0.0,0.0,0.0,0.0,0.0,0.0,0.0,0.0,0.0,0.0,0.0
M,73.0,Lowe,49,49,Bournemouth,0.0,0.0,0.0,0.0,0.0,0.0,0.0,0.0,0.0,0.0,0.0,0.0,0.0,0.0,0.0,0.0,0.0,0.0,0.0,0.0,0.0,0.0,0.0,0.0
M,218.0,Ziyech,54,54,Chelsea,0.0,0.0,0.0,0.0,0.0,0.0,0.0,0.0,0.0,0.0,0.0,0.0,0.0,0.0,0.0,0.0,0.0,0.0,0.0,0.0,0.0,0.0,0.0,0.0
G,192.0,Bettinelli,40,40,Chelsea,0.0,0.0,0.0,0.0,0.0,0.0,0.0,0.0,0.0,0.0,0.0,0.0,0.0,0.0,0.0,0.0,0.0,0.0,0.0,0.0,0.0,0.0,0.0,0.0
M,249.0,A.Doucouré,55,55,Everton,83.0,0.0,83.0,0.0,83.0,0.0,83.0,0.0,83.0,0.0,83.0,0.0,83.0,0.0,83.0,0.0,83.0,0.0,83.0,0.0,83.0,0.0,83.0,0.0
D,346.0,Cancelo,58,58,Man City,0.0,0.0,0.0,0.0,0.0,0.0,0.0,0.0,0.0,0.0,0.0,0.0,0.0,0.0,0.0,0.0,0.0,0.0,0.0,0.0,0.0,0.0,0.0,0.0
M,244.0,André Gomes,44,44,Everton,24.0,0.0,24.0,0.0,24.0,0.0,24.0,0.0,24.0,0.0,24.0,0.0,24.0,0.0,24.0,0.0,24.0,0.0,24.0,0.0,24.0,0.0,24.0,0.0
F,183.0,Weghorst,55,55,Burnley,0.0,0.0,0.0,0.0,0.0,0.0,0.0,0.0,0.0,0.0,0.0,0.0,0.0,0.0,0.0,0.0,0.0,0.0,0.0,0.0,0.0,0.0,0.0,0.0
D,190.0,Baba Rahman,40,40,Chelsea,0.0,0.0,0.0,0.0,0.0,0.0,0.0,0.0,0.0,0.0,0.0,0.0,0.0,0.0,0.0,0.0,0.0,0.0,0.0,0.0,0.0,0.0,0.0,0.0
M,296.0,Fabinho,50,50,Liverpool,0.0,0.0,0.0,0.0,0.0,0.0,0.0,0.0,0.0,0.0,0.0,0.0,0.0,0.0,0.0,0.0,0.0,0.0,0.0,0.0,0.0,0.0,0.0,0.0
D,445.0,Felipe,44,44,Nott'm Forest,0.0,0.0,0.0,0.0,0.0,0.0,0.0,0.0,0.0,0.0,0.0,0.0,0.0,0.0,0.0,0.0,0.0,0.0,0.0,0.0,0.0,0.0,0.0,0.0
G,18.0,Rúnarsson,40,40,Arsenal,0.0,0.0,0.0,0.0,0.0,0.0,0.0,0.0,0.0,0.0,0.0,0.0,0.0,0.0,0.0,0.0,0.0,0.0,0.0,0.0,0.0,0.0,0.0,0.0
G,323.0,Macey,40,40,Luton,0.0,0.0,0.0,0.0,0.0,0.0,0.0,0.0,0.0,0.0,0.0,0.0,0.0,0.0,0.0,0.0,0.0,0.0,0.0,0.0,0.0,0.0,0.0,0.0
D,417.0,Krafth,44,44,Newcastle,0.0,0.0,0.0,0.0,0.0,0.0,0.0,0.0,0.0,0.0,0.0,0.0,0.0,0.0,0.0,0.0,0.0,0.0,0.0,0.0,0.0,0.0,0.0,0.0
G,263.0,Pickford,44,44,Everton,89.0,0.0,89.0,0.0,89.0,0.0,89.0,0.0,89.0,0.0,89.0,0.0,89.0,0.0,89.0,0.0,89.0,0.0,89.0,0.0,89.0,0.0,89.0,0.0
G,187.0,Arrizabalaga,50,50,Chelsea,0.0,0.0,0.0,0.0,0.0,0.0,0.0,0.0,0.0,0.0,0.0,0.0,0.0,0.0,0.0,0.0,0.0,0.0,0.0,0.0,0.0,0.0,0.0,0.0
D,286.0,Tosin,44,44,Fulham,0.0,0.0,0.0,0.0,0.0,0.0,0.0,0.0,0.0,0.0,0.0,0.0,0.0,0.0,0.0,0.0,0.0,0.0,0.0,0.0,0.0,0.0,0.0,0.0
D,422.0,Manquillo,40,40,Newcastle,0.0,0.0,0.0,0.0,0.0,0.0,0.0,0.0,0.0,0.0,0.0,0.0,0.0,0.0,0.0,0.0,0.0,0.0,0.0,0.0,0.0,0.0,0.0,0.0
M,74.0,Marcondes,44,44,Bournemouth,0.0,0.0,0.0,0.0,0.0,0.0,0.0,0.0,0.0,0.0,0.0,0.0,0.0,0.0,0.0,0.0,0.0,0.0,0.0,0.0,0.0,0.0,0.0,0.0
F,117.0,Toney,79,79,Brentford,0.0,0.0,0.0,0.0,0.0,0.0,0.0,0.0,0.0,0.0,0.0,0.0,0.0,0.0,0.0,0.0,0.0,0.0,0.0,0.0,0.0,0.0,0.0,0.0
M,213.0,Pulisic,55,55,Chelsea,0.0,0.0,0.0,0.0,0.0,0.0,0.0,0.0,0.0,0.0,0.0,0.0,0.0,0.0,0.0,0.0,0.0,0.0,0.0,0.0,0.0,0.0,0.0,0.0
D,357.0,Laporte,49,49,Man City,0.0,0.0,0.0,0.0,0.0,0.0,0.0,0.0,0.0,0.0,0.0,0.0,0.0,0.0,0.0,0.0,0.0,0.0,0.0,0.0,0.0,0.0,0.0,0.0
M,239.0,Riedewald,44,44,Crystal Palace,0.0,0.0,0.0,0.0,0.0,0.0,0.0,0.0,0.0,0.0,0.0,0.0,0.0,0.0,0.0,0.0,0.0,0.0,0.0,0.0,0.0,0.0,0.0,0.0
D,512.0,Sánchez,44,44,Spurs,0.0,0.0,0.0,0.0,0.0,0.0,0.0,0.0,0.0,0.0,0.0,0.0,0.0,0.0,0.0,0.0,0.0,0.0,0.0,0.0,0.0,0.0,0.0,0.0
D,444.0,Dräger,40,40,Nott'm Forest,0.0,0.0,0.0,0.0,0.0,0.0,0.0,0.0,0.0,0.0,0.0,0.0,0.0,0.0,0.0,0.0,0.0,0.0,0.0,0.0,0.0,0.0,0.0,0.0
D,195.0,Chilwell,56,56,Chelsea,0.0,0.0,0.0,0.0,0.0,0.0,0.0,0.0,0.0,0.0,0.0,0.0,0.0,0.0,0.0,0.0,0.0,0.0,0.0,0.0,0.0,0.0,0.0,0.0
G,385.0,Henderson,45,45,Crystal Palace,0.0,0.0,0.0,0.0,0.0,0.0,0.0,0.0,0.0,0.0,0.0,0.0,0.0,0.0,0.0,0.0,0.0,0.0,0.0,0.0,0.0,0.0,0.0,0.0
M,253.0,Gray,53,53,Everton,0.0,0.0,0.0,0.0,0.0,0.0,0.0,0.0,0.0,0.0,0.0,0.0,0.0,0.0,0.0,0.0,0.0,0.0,0.0,0.0,0.0,0.0,0.0,0.0
M,426.0,Saint-Maximin,60,60,Newcastle,0.0,0.0,0.0,0.0,0.0,0.0,0.0,0.0,0.0,0.0,0.0,0.0,0.0,0.0,0.0,0.0,0.0,0.0,0.0,0.0,0.0,0.0,0.0,0.0
G,233.0,Matthews,40,40,Crystal Palace,0.0,0.0,0.0,0.0,0.0,0.0,0.0,0.0,0.0,0.0,0.0,0.0,0.0,0.0,0.0,0.0,0.0,0.0,0.0,0.0,0.0,0.0,0.0,0.0
D,455.0,McKenna,45,45,Nott'm Forest,0.0,0.0,0.0,0.0,0.0,0.0,0.0,0.0,0.0,0.0,0.0,0.0,0.0,0.0,0.0,0.0,0.0,0.0,0.0,0.0,0.0,0.0,0.0,0.0
M,15.0,Partey,48,48,Arsenal,0.0,0.0,0.0,0.0,0.0,0.0,0.0,0.0,0.0,0.0,0.0,0.0,0.0,0.0,0.0,0.0,0.0,0.0,0.0,0.0,0.0,0.0,0.0,0.0
M,269.0,Cavaleiro,50,50,Fulham,0.0,0.0,0.0,0.0,0.0,0.0,0.0,0.0,0.0,0.0,0.0,0.0,0.0,0.0,0.0,0.0,0.0,0.0,0.0,0.0,0.0,0.0,0.0,0.0
M,344.0,Bernardo,63,63,Man City,0.0,0.0,0.0,0.0,0.0,0.0,0.0,0.0,0.0,0.0,0.0,0.0,0.0,0.0,0.0,0.0,0.0,0.0,0.0,0.0,0.0,0.0,0.0,0.0
D,41.0,Diego Carlos,44,44,Aston Villa,0.0,0.0,0.0,0.0,0.0,0.0,0.0,0.0,0.0,0.0,0.0,0.0,0.0,0.0,0.0,0.0,0.0,0.0,0.0,0.0,0.0,0.0,0.0,0.0
G,367.0,Steffen,39,39,Man City,0.0,0.0,0.0,0.0,0.0,0.0,0.0,0.0,0.0,0.0,0.0,0.0,0.0,0.0,0.0,0.0,0.0,0.0,0.0,0.0,0.0,0.0,0.0,0.0
M,251.0,Gbamin,44,44,Everton,0.0,0.0,0.0,0.0,0.0,0.0,0.0,0.0,0.0,0.0,0.0,0.0,0.0,0.0,0.0,0.0,0.0,0.0,0.0,0.0,0.0,0.0,0.0,0.0
M,662.0,Adama,50,50,Fulham,0.0,0.0,0.0,0.0,0.0,0.0,0.0,0.0,0.0,0.0,0.0,0.0,0.0,0.0,0.0,0.0,0.0,0.0,0.0,0.0,0.0,0.0,0.0,0.0
M,79.0,Pearson,45,45,Bournemouth,0.0,0.0,0.0,0.0,0.0,0.0,0.0,0.0,0.0,0.0,0.0,0.0,0.0,0.0,0.0,0.0,0.0,0.0,0.0,0.0,0.0,0.0,0.0,0.0
M,413.0,Hayden,44,44,Newcastle,0.0,0.0,0.0,0.0,0.0,0.0,0.0,0.0,0.0,0.0,0.0,0.0,0.0,0.0,0.0,0.0,0.0,0.0,0.0,0.0,0.0,0.0,0.0,0.0
D,51.0,Mings,42,42,Aston Villa,0.0,0.0,0.0,0.0,0.0,0.0,0.0,0.0,0.0,0.0,0.0,0.0,0.0,0.0,0.0,0.0,0.0,0.0,0.0,0.0,0.0,0.0,0.0,0.0
D,274.0,Kongolo,40,40,Fulham,0.0,0.0,0.0,0.0,0.0,0.0,0.0,0.0,0.0,0.0,0.0,0.0,0.0,0.0,0.0,0.0,0.0,0.0,0.0,0.0,0.0,0.0,0.0,0.0
M,248.0,Dele,49,49,Everton,0.0,0.0,0.0,0.0,0.0,0.0,0.0,0.0,0.0,0.0,0.0,0.0,0.0,0.0,0.0,0.0,0.0,0.0,0.0,0.0,0.0,0.0,0.0,0.0
D,398.0,Shaw,52,52,Man Utd,0.0,0.0,0.0,0.0,0.0,0.0,0.0,0.0,0.0,0.0,0.0,0.0,0.0,0.0,0.0,0.0,0.0,0.0,0.0,0.0,0.0,0.0,0.0,0.0
D,581.0,Dummett,39,39,Newcastle,0.0,0.0,0.0,0.0,0.0,0.0,0.0,0.0,0.0,0.0,0.0,0.0,0.0,0.0,0.0,0.0,0.0,0.0,0.0,0.0,0.0,0.0,0.0,0.0
D,2.0,Cédric,39,39,Arsenal,0.0,0.0,0.0,0.0,0.0,0.0,0.0,0.0,0.0,0.0,0.0,0.0,0.0,0.0,0.0,0.0,0.0,0.0,0.0,0.0,0.0,0.0,0.0,0.0
M,425.0,Ritchie,44,44,Newcastle,0.0,0.0,0.0,0.0,0.0,0.0,0.0,0.0,0.0,0.0,0.0,0.0,0.0,0.0,0.0,0.0,0.0,0.0,0.0,0.0,0.0,0.0,0.0,0.0
M,299.0,Henderson,50,50,Liverpool,0.0,0.0,0.0,0.0,0.0,0.0,0.0,0.0,0.0,0.0,0.0,0.0,0.0,0.0,0.0,0.0,0.0,0.0,0.0,0.0,0.0,0.0,0.0,0.0
D,441.0,Cook,45,45,Nott'm Forest,0.0,0.0,0.0,0.0,0.0,0.0,0.0,0.0,0.0,0.0,0.0,0.0,0.0,0.0,0.0,0.0,0.0,0.0,0.0,0.0,0.0,0.0,0.0,0.0
F,188.0,Aubameyang,65,65,Chelsea,0.0,0.0,0.0,0.0,0.0,0.0,0.0,0.0,0.0,0.0,0.0,0.0,0.0,0.0,0.0,0.0,0.0,0.0,0.0,0.0,0.0,0.0,0.0,0.0
M,463.0,Shelvey,48,48,Nott'm Forest,0.0,0.0,0.0,0.0,0.0,0.0,0.0,0.0,0.0,0.0,0.0,0.0,0.0,0.0,0.0,0.0,0.0,0.0,0.0,0.0,0.0,0.0,0.0,0.0
M,322.0,Freeman,49,49,Luton,0.0,0.0,0.0,0.0,0.0,0.0,0.0,0.0,0.0,0.0,0.0,0.0,0.0,0.0,0.0,0.0,0.0,0.0,0.0,0.0,0.0,0.0,0.0,0.0
M,435.0,Arter,44,44,Nott'm Forest,0.0,0.0,0.0,0.0,0.0,0.0,0.0,0.0,0.0,0.0,0.0,0.0,0.0,0.0,0.0,0.0,0.0,0.0,0.0,0.0,0.0,0.0,0.0,0.0
D,507.0,Perišić,48,48,Spurs,0.0,0.0,0.0,0.0,0.0,0.0,0.0,0.0,0.0,0.0,0.0,0.0,0.0,0.0,0.0,0.0,0.0,0.0,0.0,0.0,0.0,0.0,0.0,0.0
D,189.0,Azpilicueta,45,45,Chelsea,0.0,0.0,0.0,0.0,0.0,0.0,0.0,0.0,0.0,0.0,0.0,0.0,0.0,0.0,0.0,0.0,0.0,0.0,0.0,0.0,0.0,0.0,0.0,0.0
M,138.0,Lallana,49,49,Brighton,0.0,0.0,0.0,0.0,0.0,0.0,0.0,0.0,0.0,0.0,0.0,0.0,0.0,0.0,0.0,0.0,0.0,0.0,0.0,0.0,0.0,0.0,0.0,0.0
G,502.0,Lloris,48,48,Spurs,0.0,0.0,0.0,0.0,0.0,0.0,0.0,0.0,0.0,0.0,0.0,0.0,0.0,0.0,0.0,0.0,0.0,0.0,0.0,0.0,0.0,0.0,0.0,0.0
G,80.0,Randolph,40,40,Bournemouth,0.0,0.0,0.0,0.0,0.0,0.0,0.0,0.0,0.0,0.0,0.0,0.0,0.0,0.0,0.0,0.0,0.0,0.0,0.0,0.0,0.0,0.0,0.0,0.0
G,384.0,Heaton,40,40,Man Utd,0.0,0.0,0.0,0.0,0.0,0.0,0.0,0.0,0.0,0.0,0.0,0.0,0.0,0.0,0.0,0.0,0.0,0.0,0.0,0.0,0.0,0.0,0.0,0.0
G,665.0,Krul,45,45,Luton,0.0,0.0,0.0,0.0,0.0,0.0,0.0,0.0,0.0,0.0,0.0,0.0,0.0,0.0,0.0,0.0,0.0,0.0,0.0,0.0,0.0,0.0,0.0,0.0
G,448.0,Hennessey,40,40,Nott'm Forest,0.0,0.0,0.0,0.0,0.0,0.0,0.0,0.0,0.0,0.0,0.0,0.0,0.0,0.0,0.0,0.0,0.0,0.0,0.0,0.0,0.0,0.0,0.0,0.0
D,588.0,Young,44,44,Everton,74.0,0.0,74.0,0.0,74.0,0.0,74.0,0.0,74.0,0.0,74.0,0.0,74.0,0.0,74.0,0.0,74.0,0.0,74.0,0.0,74.0,0.0,74.0,0.0
D,265.0,Tarkowski,44,44,Everton,82.0,0.0,82.0,0.0,82.0,0.0,82.0,0.0,82.0,0.0,82.0,0.0,82.0,0.0,82.0,0.0,82.0,0.0,82.0,0.0,82.0,0.0,82.0,0.0
G,347.0,Carson,39,39,Man City,0.0,0.0,0.0,0.0,0.0,0.0,0.0,0.0,0.0,0.0,0.0,0.0,0.0,0.0,0.0,0.0,0.0,0.0,0.0,0.0,0.0,0.0,0.0,0.0
G,408.0,Darlow,40,40,Newcastle,0.0,0.0,0.0,0.0,0.0,0.0,0.0,0.0,0.0,0.0,0.0,0.0,0.0,0.0,0.0,0.0,0.0,0.0,0.0,0.0,0.0,0.0,0.0,0.0
D,247.0,Coleman,44,44,Everton,73.0,0.0,73.0,0.0,73.0,0.0,73.0,0.0,73.0,0.0,73.0,0.0,73.0,0.0,73.0,0.0,73.0,0.0,73.0,0.0,73.0,0.0,73.0,0.0
M,134.0,Groß,63,63,Brighton,0.0,0.0,0.0,0.0,0.0,0.0,0.0,0.0,0.0,0.0,0.0,0.0,0.0,0.0,0.0,0.0,0.0,0.0,0.0,0.0,0.0,0.0,0.0,0.0
M,30.0,Xhaka,60,60,Arsenal,0.0,0.0,0.0,0.0,0.0,0.0,0.0,0.0,0.0,0.0,0.0,0.0,0.0,0.0,0.0,0.0,0.0,0.0,0.0,0.0,0.0,0.0,0.0,0.0
D,257.0,Keane,44,44,Everton,80.0,0.0,80.0,0.0,80.0,0.0,80.0,0.0,80.0,0.0,80.0,0.0,80.0,0.0,80.0,0.0,80.0,0.0,80.0,0.0,80.0,0.0,80.0,0.0
G,580.0,Karius,40,40,Newcastle,0.0,0.0,0.0,0.0,0.0,0.0,0.0,0.0,0.0,0.0,0.0,0.0,0.0,0.0,0.0,0.0,0.0,0.0,0.0,0.0,0.0,0.0,0.0,0.0
M,359.0,Mahrez,75,75,Man City,0.0,0.0,0.0,0.0,0.0,0.0,0.0,0.0,0.0,0.0,0.0,0.0,0.0,0.0,0.0,0.0,0.0,0.0,0.0,0.0,0.0,0.0,0.0,0.0
D,419.0,Lascelles,39,39,Newcastle,0.0,0.0,0.0,0.0,0.0,0.0,0.0,0.0,0.0,0.0,0.0,0.0,0.0,0.0,0.0,0.0,0.0,0.0,0.0,0.0,0.0,0.0,0.0,0.0
D,368.0,Stones,53,53,Man City,0.0,0.0,0.0,0.0,0.0,0.0,0.0,0.0,0.0,0.0,0.0,0.0,0.0,0.0,0.0,0.0,0.0,0.0,0.0,0.0,0.0,0.0,0.0,0.0
D,387.0,Maguire,42,42,Man Utd,0.0,0.0,0.0,0.0,0.0,0.0,0.0,0.0,0.0,0.0,0.0,0.0,0.0,0.0,0.0,0.0,0.0,0.0,0.0,0.0,0.0,0.0,0.0,0.0
M,446.0,Freuler,49,49,Nott'm Forest,0.0,0.0,0.0,0.0,0.0,0.0,0.0,0.0,0.0,0.0,0.0,0.0,0.0,0.0,0.0,0.0,0.0,0.0,0.0,0.0,0.0,0.0,0.0,0.0
D,598.0,Doherty,43,43,Wolves,0.0,0.0,0.0,0.0,0.0,0.0,0.0,0.0,0.0,0.0,0.0,0.0,0.0,0.0,0.0,0.0,0.0,0.0,0.0,0.0,0.0,0.0,0.0,0.0
M,273.0,Knockaert,44,44,Fulham,0.0,0.0,0.0,0.0,0.0,0.0,0.0,0.0,0.0,0.0,0.0,0.0,0.0,0.0,0.0,0.0,0.0,0.0,0.0,0.0,0.0,0.0,0.0,0.0
G,289.0,Adrián,40,40,Liverpool,0.0,0.0,0.0,0.0,0.0,0.0,0.0,0.0,0.0,0.0,0.0,0.0,0.0,0.0,0.0,0.0,0.0,0.0,0.0,0.0,0.0,0.0,0.0,0.0
M,414.0,Hendrick,44,44,Newcastle,0.0,0.0,0.0,0.0,0.0,0.0,0.0,0.0,0.0,0.0,0.0,0.0,0.0,0.0,0.0,0.0,0.0,0.0,0.0,0.0,0.0,0.0,0.0,0.0
D,473.0,Baldock,39,39,Sheffield Utd,0.0,0.0,0.0,0.0,0.0,0.0,0.0,0.0,0.0,0.0,0.0,0.0,0.0,0.0,0.0,0.0,0.0,0.0,0.0,0.0,0.0,0.0,0.0,0.0
G,411.0,Gillespie,39,39,Newcastle,0.0,0.0,0.0,0.0,0.0,0.0,0.0,0.0,0.0,0.0,0.0,0.0,0.0,0.0,0.0,0.0,0.0,0.0,0.0,0.0,0.0,0.0,0.0,0.0
M,254.0,Gueye,49,49,Everton,74.0,0.0,74.0,0.0,74.0,0.0,74.0,0.0,74.0,0.0,74.0,0.0,74.0,0.0,74.0,0.0,74.0,0.0,74.0,0.0,74.0,0.0,74.0,0.0
G,546.0,Bentley,40,40,Wolves,0.0,0.0,0.0,0.0,0.0,0.0,0.0,0.0,0.0,0.0,0.0,0.0,0.0,0.0,0.0,0.0,0.0,0.0,0.0,0.0,0.0,0.0,0.0,0.0
F,500.0,Kane,125,125,Spurs,0.0,0.0,0.0,0.0,0.0,0.0,0.0,0.0,0.0,0.0,0.0,0.0,0.0,0.0,0.0,0.0,0.0,0.0,0.0,0.0,0.0,0.0,0.0,0.0
F,207.0,Lukaku,68,68,Chelsea,0.0,0.0,0.0,0.0,0.0,0.0,0.0,0.0,0.0,0.0,0.0,0.0,0.0,0.0,0.0,0.0,0.0,0.0,0.0,0.0,0.0,0.0,0.0,0.0
M,349.0,De Bruyne,102,102,Man City,0.0,0.0,0.0,0.0,0.0,0.0,0.0,0.0,0.0,0.0,0.0,0.0,0.0,0.0,0.0,0.0,0.0,0.0,0.0,0.0,0.0,0.0,0.0,0.0
G,521.0,Whiteman,40,40,Spurs,0.0,0.0,0.0,0.0,0.0,0.0,0.0,0.0,0.0,0.0,0.0,0.0,0.0,0.0,0.0,0.0,0.0,0.0,0.0,0.0,0.0,0.0,0.0,0.0
F,246.0,Calvert-Lewin,58,58,Everton,44.0,0.0,44.0,0.0,44.0,0.0,44.0,0.0,44.0,0.0,44.0,0.0,44.0,0.0,44.0,0.0,44.0,0.0,44.0,0.0,44.0,0.0,44.0,0.0
D,238.0,Richards,39,39,Crystal Palace,0.0,0.0,0.0,0.0,0.0,0.0,0.0,0.0,0.0,0.0,0.0,0.0,0.0,0.0,0.0,0.0,0.0,0.0,0.0,0.0,0.0,0.0,0.0,0.0
M,250.0,Garner,49,49,Everton,0.0,0.0,0.0,0.0,0.0,0.0,0.0,0.0,0.0,0.0,0.0,0.0,0.0,0.0,0.0,0.0,0.0,0.0,0.0,0.0,0.0,0.0,0.0,0.0
D,517.0,Spence,40,40,Spurs,0.0,0.0,0.0,0.0,0.0,0.0,0.0,0.0,0.0,0.0,0.0,0.0,0.0,0.0,0.0,0.0,0.0,0.0,0.0,0.0,0.0,0.0,0.0,0.0
D,139.0,Lamptey,39,39,Brighton,0.0,0.0,0.0,0.0,0.0,0.0,0.0,0.0,0.0,0.0,0.0,0.0,0.0,0.0,0.0,0.0,0.0,0.0,0.0,0.0,0.0,0.0,0.0,0.0
F,1.0,Balogun,44,44,Arsenal,0.0,0.0,0.0,0.0,0.0,0.0,0.0,0.0,0.0,0.0,0.0,0.0,0.0,0.0,0.0,0.0,0.0,0.0,0.0,0.0,0.0,0.0,0.0,0.0
M,505.0,Ndombele,44,44,Spurs,0.0,0.0,0.0,0.0,0.0,0.0,0.0,0.0,0.0,0.0,0.0,0.0,0.0,0.0,0.0,0.0,0.0,0.0,0.0,0.0,0.0,0.0,0.0,0.0
F,443.0,Dennis,48,48,Nott'm Forest,0.0,0.0,0.0,0.0,0.0,0.0,0.0,0.0,0.0,0.0,0.0,0.0,0.0,0.0,0.0,0.0,0.0,0.0,0.0,0.0,0.0,0.0,0.0,0.0
G,88.0,Travers,40,40,Bournemouth,0.0,0.0,0.0,0.0,0.0,0.0,0.0,0.0,0.0,0.0,0.0,0.0,0.0,0.0,0.0,0.0,0.0,0.0,0.0,0.0,0.0,0.0,0.0,0.0
D,93.0,Bech,40,40,Brentford,0.0,0.0,0.0,0.0,0.0,0.0,0.0,0.0,0.0,0.0,0.0,0.0,0.0,0.0,0.0,0.0,0.0,0.0,0.0,0.0,0.0,0.0,0.0,0.0
D,114.0,Roerslev,44,44,Brentford,0.0,0.0,0.0,0.0,0.0,0.0,0.0,0.0,0.0,0.0,0.0,0.0,0.0,0.0,0.0,0.0,0.0,0.0,0.0,0.0,0.0,0.0,0.0,0.0
D,476.0,Bogle,45,45,Sheffield Utd,0.0,0.0,0.0,0.0,0.0,0.0,0.0,0.0,0.0,0.0,0.0,0.0,0.0,0.0,0.0,0.0,0.0,0.0,0.0,0.0,0.0,0.0,0.0,0.0
D,206.0,James,53,53,Chelsea,0.0,0.0,0.0,0.0,0.0,0.0,0.0,0.0,0.0,0.0,0.0,0.0,0.0,0.0,0.0,0.0,0.0,0.0,0.0,0.0,0.0,0.0,0.0,0.0
M,705.0,Sinisterra,55,55,Bournemouth,0.0,0.0,0.0,0.0,0.0,0.0,0.0,0.0,0.0,0.0,0.0,0.0,0.0,0.0,0.0,0.0,0.0,0.0,0.0,0.0,0.0,0.0,0.0,0.0
D,260.0,Mykolenko,43,43,Everton,65.0,0.0,65.0,0.0,65.0,0.0,65.0,0.0,65.0,0.0,65.0,0.0,65.0,0.0,65.0,0.0,65.0,0.0,65.0,0.0,65.0,0.0,65.0,0.0
D,75.0,Mepham,43,43,Bournemouth,0.0,0.0,0.0,0.0,0.0,0.0,0.0,0.0,0.0,0.0,0.0,0.0,0.0,0.0,0.0,0.0,0.0,0.0,0.0,0.0,0.0,0.0,0.0,0.0
D,25.0,Tomiyasu,45,45,Arsenal,0.0,0.0,0.0,0.0,0.0,0.0,0.0,0.0,0.0,0.0,0.0,0.0,0.0,0.0,0.0,0.0,0.0,0.0,0.0,0.0,0.0,0.0,0.0,0.0
G,266.0,Virgínia,39,39,Everton,0.0,0.0,0.0,0.0,0.0,0.0,0.0,0.0,0.0,0.0,0.0,0.0,0.0,0.0,0.0,0.0,0.0,0.0,0.0,0.0,0.0,0.0,0.0,0.0
M,529.0,Coventry,44,44,West Ham,0.0,0.0,0.0,0.0,0.0,0.0,0.0,0.0,0.0,0.0,0.0,0.0,0.0,0.0,0.0,0.0,0.0,0.0,0.0,0.0,0.0,0.0,0.0,0.0
D,391.0,Martínez,48,48,Man Utd,0.0,0.0,0.0,0.0,0.0,0.0,0.0,0.0,0.0,0.0,0.0,0.0,0.0,0.0,0.0,0.0,0.0,0.0,0.0,0.0,0.0,0.0,0.0,0.0
D,452.0,Laryea,45,45,Nott'm Forest,0.0,0.0,0.0,0.0,0.0,0.0,0.0,0.0,0.0,0.0,0.0,0.0,0.0,0.0,0.0,0.0,0.0,0.0,0.0,0.0,0.0,0.0,0.0,0.0
M,661.0,Harrison,55,55,Everton,0.0,0.0,0.0,0.0,0.0,0.0,0.0,0.0,0.0,0.0,0.0,0.0,0.0,0.0,0.0,0.0,0.0,0.0,0.0,0.0,0.0,0.0,0.0,0.0
G,172.0,Muric,44,44,Burnley,1.0,0.0,1.0,0.0,1.0,0.0,1.0,0.0,1.0,0.0,1.0,0.0,1.0,0.0,1.0,0.0,1.0,0.0,1.0,0.0,1.0,0.0,1.0,0.0
D,374.0,B.Williams,40,40,Man Utd,0.0,0.0,0.0,0.0,0.0,0.0,0.0,0.0,0.0,0.0,0.0,0.0,0.0,0.0,0.0,0.0,0.0,0.0,0.0,0.0,0.0,0.0,0.0,0.0
D,198.0,Cucurella,48,48,Chelsea,0.0,0.0,0.0,0.0,0.0,0.0,0.0,0.0,0.0,0.0,0.0,0.0,0.0,0.0,0.0,0.0,0.0,0.0,0.0,0.0,0.0,0.0,0.0,0.0
D,431.0,Watts,40,40,Newcastle,0.0,0.0,0.0,0.0,0.0,0.0,0.0,0.0,0.0,0.0,0.0,0.0,0.0,0.0,0.0,0.0,0.0,0.0,0.0,0.0,0.0,0.0,0.0,0.0
M,107.0,Lewis-Potter,48,48,Brentford,0.0,0.0,0.0,0.0,0.0,0.0,0.0,0.0,0.0,0.0,0.0,0.0,0.0,0.0,0.0,0.0,0.0,0.0,0.0,0.0,0.0,0.0,0.0,0.0
M,208.0,Madueke,53,53,Chelsea,0.0,0.0,0.0,0.0,0.0,0.0,0.0,0.0,0.0,0.0,0.0,0.0,0.0,0.0,0.0,0.0,0.0,0.0,0.0,0.0,0.0,0.0,0.0,0.0
G,57.0,Sinisalo,40,40,Aston Villa,0.0,0.0,0.0,0.0,0.0,0.0,0.0,0.0,0.0,0.0,0.0,0.0,0.0,0.0,0.0,0.0,0.0,0.0,0.0,0.0,0.0,0.0,0.0,0.0
M,550.0,Cundle,45,45,Wolves,0.0,0.0,0.0,0.0,0.0,0.0,0.0,0.0,0.0,0.0,0.0,0.0,0.0,0.0,0.0,0.0,0.0,0.0,0.0,0.0,0.0,0.0,0.0,0.0
M,456.0,Mighten,44,44,Nott'm Forest,0.0,0.0,0.0,0.0,0.0,0.0,0.0,0.0,0.0,0.0,0.0,0.0,0.0,0.0,0.0,0.0,0.0,0.0,0.0,0.0,0.0,0.0,0.0,0.0
D,393.0,Mengi,39,39,Luton,0.0,0.0,0.0,0.0,0.0,0.0,0.0,0.0,0.0,0.0,0.0,0.0,0.0,0.0,0.0,0.0,0.0,0.0,0.0,0.0,0.0,0.0,0.0,0.0
D,693.0,Thomas,40,40,Sheffield Utd,0.0,0.0,0.0,0.0,0.0,0.0,0.0,0.0,0.0,0.0,0.0,0.0,0.0,0.0,0.0,0.0,0.0,0.0,0.0,0.0,0.0,0.0,0.0,0.0
F,279.0,Muniz,44,44,Fulham,0.0,0.0,0.0,0.0,0.0,0.0,0.0,0.0,0.0,0.0,0.0,0.0,0.0,0.0,0.0,0.0,0.0,0.0,0.0,0.0,0.0,0.0,0.0,0.0
D,262.0,Patterson,45,45,Everton,67.0,0.0,67.0,0.0,67.0,0.0,67.0,0.0,67.0,0.0,67.0,0.0,67.0,0.0,67.0,0.0,67.0,0.0,67.0,0.0,67.0,0.0,67.0,0.0
M,332.0,Pereira,44,44,Luton,0.0,0.0,0.0,0.0,0.0,0.0,0.0,0.0,0.0,0.0,0.0,0.0,0.0,0.0,0.0,0.0,0.0,0.0,0.0,0.0,0.0,0.0,0.0,0.0
M,144.0,Moder,44,44,Brighton,0.0,0.0,0.0,0.0,0.0,0.0,0.0,0.0,0.0,0.0,0.0,0.0,0.0,0.0,0.0,0.0,0.0,0.0,0.0,0.0,0.0,0.0,0.0,0.0
M,458.0,O'Brien,49,49,Nott'm Forest,0.0,0.0,0.0,0.0,0.0,0.0,0.0,0.0,0.0,0.0,0.0,0.0,0.0,0.0,0.0,0.0,0.0,0.0,0.0,0.0,0.0,0.0,0.0,0.0
D,454.0,Mbe Soh,40,40,Nott'm Forest,0.0,0.0,0.0,0.0,0.0,0.0,0.0,0.0,0.0,0.0,0.0,0.0,0.0,0.0,0.0,0.0,0.0,0.0,0.0,0.0,0.0,0.0,0.0,0.0
D,191.0,Badiashile,44,44,Chelsea,0.0,0.0,0.0,0.0,0.0,0.0,0.0,0.0,0.0,0.0,0.0,0.0,0.0,0.0,0.0,0.0,0.0,0.0,0.0,0.0,0.0,0.0,0.0,0.0
G,147.0,Scherpen,40,40,Brighton,0.0,0.0,0.0,0.0,0.0,0.0,0.0,0.0,0.0,0.0,0.0,0.0,0.0,0.0,0.0,0.0,0.0,0.0,0.0,0.0,0.0,0.0,0.0,0.0
M,555.0,Hodge,44,44,Wolves,0.0,0.0,0.0,0.0,0.0,0.0,0.0,0.0,0.0,0.0,0.0,0.0,0.0,0.0,0.0,0.0,0.0,0.0,0.0,0.0,0.0,0.0,0.0,0.0
D,70.0,Kelly,45,45,Bournemouth,0.0,0.0,0.0,0.0,0.0,0.0,0.0,0.0,0.0,0.0,0.0,0.0,0.0,0.0,0.0,0.0,0.0,0.0,0.0,0.0,0.0,0.0,0.0,0.0
G,91.0,Balcombe,40,40,Brentford,0.0,0.0,0.0,0.0,0.0,0.0,0.0,0.0,0.0,0.0,0.0,0.0,0.0,0.0,0.0,0.0,0.0,0.0,0.0,0.0,0.0,0.0,0.0,0.0
M,123.0,Alzate,44,44,Brighton,0.0,0.0,0.0,0.0,0.0,0.0,0.0,0.0,0.0,0.0,0.0,0.0,0.0,0.0,0.0,0.0,0.0,0.0,0.0,0.0,0.0,0.0,0.0,0.0
F,39.0,Davis,49,49,Aston Villa,0.0,0.0,0.0,0.0,0.0,0.0,0.0,0.0,0.0,0.0,0.0,0.0,0.0,0.0,0.0,0.0,0.0,0.0,0.0,0.0,0.0,0.0,0.0,0.0
M,531.0,Downes,50,50,West Ham,0.0,0.0,0.0,0.0,0.0,0.0,0.0,0.0,0.0,0.0,0.0,0.0,0.0,0.0,0.0,0.0,0.0,0.0,0.0,0.0,0.0,0.0,0.0,0.0
M,365.0,Rodri,56,56,Man City,0.0,0.0,0.0,0.0,0.0,0.0,0.0,0.0,0.0,0.0,0.0,0.0,0.0,0.0,0.0,0.0,0.0,0.0,0.0,0.0,0.0,0.0,0.0,0.0
M,351.0,Doyle,44,44,Wolves,0.0,0.0,0.0,0.0,0.0,0.0,0.0,0.0,0.0,0.0,0.0,0.0,0.0,0.0,0.0,0.0,0.0,0.0,0.0,0.0,0.0,0.0,0.0,0.0
M,673.0,Adams,50,50,Bournemouth,0.0,0.0,0.0,0.0,0.0,0.0,0.0,0.0,0.0,0.0,0.0,0.0,0.0,0.0,0.0,0.0,0.0,0.0,0.0,0.0,0.0,0.0,0.0,0.0
M,568.0,Podence,53,53,Wolves,0.0,0.0,0.0,0.0,0.0,0.0,0.0,0.0,0.0,0.0,0.0,0.0,0.0,0.0,0.0,0.0,0.0,0.0,0.0,0.0,0.0,0.0,0.0,0.0
F,225.0,Edouard,56,56,Crystal Palace,0.0,0.0,0.0,0.0,0.0,0.0,0.0,0.0,0.0,0.0,0.0,0.0,0.0,0.0,0.0,0.0,0.0,0.0,0.0,0.0,0.0,0.0,0.0,0.0
D,185.0,Ampadu,40,40,Chelsea,0.0,0.0,0.0,0.0,0.0,0.0,0.0,0.0,0.0,0.0,0.0,0.0,0.0,0.0,0.0,0.0,0.0,0.0,0.0,0.0,0.0,0.0,0.0,0.0
D,518.0,Tanganga,40,40,Spurs,0.0,0.0,0.0,0.0,0.0,0.0,0.0,0.0,0.0,0.0,0.0,0.0,0.0,0.0,0.0,0.0,0.0,0.0,0.0,0.0,0.0,0.0,0.0,0.0
D,508.0,Reguilón,44,44,Man Utd,0.0,0.0,0.0,0.0,0.0,0.0,0.0,0.0,0.0,0.0,0.0,0.0,0.0,0.0,0.0,0.0,0.0,0.0,0.0,0.0,0.0,0.0,0.0,0.0
D,252.0,Godfrey,44,44,Everton,22.0,0.0,22.0,0.0,22.0,0.0,22.0,0.0,22.0,0.0,22.0,0.0,22.0,0.0,22.0,0.0,22.0,0.0,22.0,0.0,22.0,0.0,22.0,0.0
D,306.0,Phillips,40,40,Liverpool,0.0,0.0,0.0,0.0,0.0,0.0,0.0,0.0,0.0,0.0,0.0,0.0,0.0,0.0,0.0,0.0,0.0,0.0,0.0,0.0,0.0,0.0,0.0,0.0
D,375.0,Bailly,40,40,Man Utd,0.0,0.0,0.0,0.0,0.0,0.0,0.0,0.0,0.0,0.0,0.0,0.0,0.0,0.0,0.0,0.0,0.0,0.0,0.0,0.0,0.0,0.0,0.0,0.0
F,477.0,Brewster,49,49,Sheffield Utd,0.0,0.0,0.0,0.0,0.0,0.0,0.0,0.0,0.0,0.0,0.0,0.0,0.0,0.0,0.0,0.0,0.0,0.0,0.0,0.0,0.0,0.0,0.0,0.0
D,420.0,Lewis,40,40,Newcastle,0.0,0.0,0.0,0.0,0.0,0.0,0.0,0.0,0.0,0.0,0.0,0.0,0.0,0.0,0.0,0.0,0.0,0.0,0.0,0.0,0.0,0.0,0.0,0.0
D,255.0,Holgate,40,40,Everton,13.0,0.0,13.0,0.0,13.0,0.0,13.0,0.0,13.0,0.0,13.0,0.0,13.0,0.0,13.0,0.0,13.0,0.0,13.0,0.0,13.0,0.0,13.0,0.0
D,24.0,Tierney,44,44,Arsenal,0.0,0.0,0.0,0.0,0.0,0.0,0.0,0.0,0.0,0.0,0.0,0.0,0.0,0.0,0.0,0.0,0.0,0.0,0.0,0.0,0.0,0.0,0.0,0.0
M,462.0,Scarpa,45,45,Nott'm Forest,0.0,0.0,0.0,0.0,0.0,0.0,0.0,0.0,0.0,0.0,0.0,0.0,0.0,0.0,0.0,0.0,0.0,0.0,0.0,0.0,0.0,0.0,0.0,0.0
D,514.0,R.Sessegnon,44,44,Spurs,0.0,0.0,0.0,0.0,0.0,0.0,0.0,0.0,0.0,0.0,0.0,0.0,0.0,0.0,0.0,0.0,0.0,0.0,0.0,0.0,0.0,0.0,0.0,0.0
M,209.0,Mount,68,68,Man Utd,0.0,0.0,0.0,0.0,0.0,0.0,0.0,0.0,0.0,0.0,0.0,0.0,0.0,0.0,0.0,0.0,0.0,0.0,0.0,0.0,0.0,0.0,0.0,0.0
D,194.0,Chalobah,43,43,Chelsea,0.0,0.0,0.0,0.0,0.0,0.0,0.0,0.0,0.0,0.0,0.0,0.0,0.0,0.0,0.0,0.0,0.0,0.0,0.0,0.0,0.0,0.0,0.0,0.0
M,400.0,Van de Beek,48,48,Man Utd,0.0,0.0,0.0,0.0,0.0,0.0,0.0,0.0,0.0,0.0,0.0,0.0,0.0,0.0,0.0,0.0,0.0,0.0,0.0,0.0,0.0,0.0,0.0,0.0
M,543.0,Vlasic,45,45,West Ham,0.0,0.0,0.0,0.0,0.0,0.0,0.0,0.0,0.0,0.0,0.0,0.0,0.0,0.0,0.0,0.0,0.0,0.0,0.0,0.0,0.0,0.0,0.0,0.0
M,503.0,Lo Celso,48,48,Spurs,0.0,0.0,0.0,0.0,0.0,0.0,0.0,0.0,0.0,0.0,0.0,0.0,0.0,0.0,0.0,0.0,0.0,0.0,0.0,0.0,0.0,0.0,0.0,0.0
M,603.0,Barnes,63,63,Newcastle,0.0,0.0,0.0,0.0,0.0,0.0,0.0,0.0,0.0,0.0,0.0,0.0,0.0,0.0,0.0,0.0,0.0,0.0,0.0,0.0,0.0,0.0,0.0,0.0
M,492.0,Bentancur,54,54,Spurs,0.0,0.0,0.0,0.0,0.0,0.0,0.0,0.0,0.0,0.0,0.0,0.0,0.0,0.0,0.0,0.0,0.0,0.0,0.0,0.0,0.0,0.0,0.0,0.0
G,491.0,Austin,40,40,Spurs,0.0,0.0,0.0,0.0,0.0,0.0,0.0,0.0,0.0,0.0,0.0,0.0,0.0,0.0,0.0,0.0,0.0,0.0,0.0,0.0,0.0,0.0,0.0,0.0
M,601.0,Danjuma,55,55,Everton,65.0,0.0,65.0,0.0,65.0,0.0,65.0,0.0,65.0,0.0,65.0,0.0,65.0,0.0,65.0,0.0,65.0,0.0,65.0,0.0,65.0,0.0,65.0,0.0
G,175.0,Peacock-Farrell,40,40,Burnley,0.0,0.0,0.0,0.0,0.0,0.0,0.0,0.0,0.0,0.0,0.0,0.0,0.0,0.0,0.0,0.0,0.0,0.0,0.0,0.0,0.0,0.0,0.0,0.0
F,264.0,Simms,45,45,Everton,3.0,0.0,3.0,0.0,3.0,0.0,3.0,0.0,3.0,0.0,3.0,0.0,3.0,0.0,3.0,0.0,3.0,0.0,3.0,0.0,3.0,0.0,3.0,0.0
F,464.0,Surridge,45,45,Nott'm Forest,0.0,0.0,0.0,0.0,0.0,0.0,0.0,0.0,0.0,0.0,0.0,0.0,0.0,0.0,0.0,0.0,0.0,0.0,0.0,0.0,0.0,0.0,0.0,0.0
G,571.0,Šarkić,40,40,Wolves,1.0,0.0,1.0,0.0,1.0,0.0,1.0,0.0,1.0,0.0,1.0,0.0,1.0,0.0,1.0,0.0,1.0,0.0,1.0,0.0,1.0,0.0,1.0,0.0
M,34.0,Bailey,55,55,Aston Villa,0.0,0.0,0.0,0.0,0.0,0.0,0.0,0.0,0.0,0.0,0.0,0.0,0.0,0.0,0.0,0.0,0.0,0.0,0.0,0.0,0.0,0.0,0.0,0.0
D,467.0,N.Williams,44,44,Nott'm Forest,0.0,0.0,0.0,0.0,0.0,0.0,0.0,0.0,0.0,0.0,0.0,0.0,0.0,0.0,0.0,0.0,0.0,0.0,0.0,0.0,0.0,0.0,0.0,0.0
D,401.0,Wan-Bissaka,45,45,Man Utd,0.0,0.0,0.0,0.0,0.0,0.0,0.0,0.0,0.0,0.0,0.0,0.0,0.0,0.0,0.0,0.0,0.0,0.0,0.0,0.0,0.0,0.0,0.0,0.0
D,510.0,Rodon,40,40,Spurs,0.0,0.0,0.0,0.0,0.0,0.0,0.0,0.0,0.0,0.0,0.0,0.0,0.0,0.0,0.0,0.0,0.0,0.0,0.0,0.0,0.0,0.0,0.0,0.0
F,155.0,Zeqiri,44,44,Brighton,0.0,0.0,0.0,0.0,0.0,0.0,0.0,0.0,0.0,0.0,0.0,0.0,0.0,0.0,0.0,0.0,0.0,0.0,0.0,0.0,0.0,0.0,0.0,0.0
D,102.0,Goode,40,40,Brentford,0.0,0.0,0.0,0.0,0.0,0.0,0.0,0.0,0.0,0.0,0.0,0.0,0.0,0.0,0.0,0.0,0.0,0.0,0.0,0.0,0.0,0.0,0.0,0.0
G,141.0,McGill,39,39,Brighton,0.0,0.0,0.0,0.0,0.0,0.0,0.0,0.0,0.0,0.0,0.0,0.0,0.0,0.0,0.0,0.0,0.0,0.0,0.0,0.0,0.0,0.0,0.0,0.0
M,397.0,Sancho,68,68,Man Utd,0.0,0.0,0.0,0.0,0.0,0.0,0.0,0.0,0.0,0.0,0.0,0.0,0.0,0.0,0.0,0.0,0.0,0.0,0.0,0.0,0.0,0.0,0.0,0.0
M,205.0,Hudson-Odoi,49,49,Nott'm Forest,0.0,0.0,0.0,0.0,0.0,0.0,0.0,0.0,0.0,0.0,0.0,0.0,0.0,0.0,0.0,0.0,0.0,0.0,0.0,0.0,0.0,0.0,0.0,0.0
D,460.0,Panzo,40,40,Nott'm Forest,0.0,0.0,0.0,0.0,0.0,0.0,0.0,0.0,0.0,0.0,0.0,0.0,0.0,0.0,0.0,0.0,0.0,0.0,0.0,0.0,0.0,0.0,0.0,0.0
M,142.0,Milner,49,49,Brighton,0.0,0.0,0.0,0.0,0.0,0.0,0.0,0.0,0.0,0.0,0.0,0.0,0.0,0.0,0.0,0.0,0.0,0.0,0.0,0.0,0.0,0.0,0.0,0.0
D,461.0,Richards,44,44,Nott'm Forest,0.0,0.0,0.0,0.0,0.0,0.0,0.0,0.0,0.0,0.0,0.0,0.0,0.0,0.0,0.0,0.0,0.0,0.0,0.0,0.0,0.0,0.0,0.0,0.0
D,214.0,Sarr,44,44,Chelsea,0.0,0.0,0.0,0.0,0.0,0.0,0.0,0.0,0.0,0.0,0.0,0.0,0.0,0.0,0.0,0.0,0.0,0.0,0.0,0.0,0.0,0.0,0.0,0.0
M,715.0,Bellegarde,50,50,Wolves,0.0,0.0,0.0,0.0,0.0,0.0,0.0,0.0,0.0,0.0,0.0,0.0,0.0,0.0,0.0,0.0,0.0,0.0,0.0,0.0,0.0,0.0,0.0,0.0
